Date,Equal Weight,Classic 60/40,Risk Parity,Aggressive Growth,Conservative Income
2016-01-05,-0.00010384342915319925,-0.0006443679451838066,-0.00021425063413046114,-0.0002636443157943214,-0.0009452720701675774
2016-01-06,0.0005164083075996737,-0.005298499063611601,0.008024718092813587,-0.009974008793842625,0.004565509455584868
2016-01-07,-0.0058765001029533245,-0.013288893164212407,0.0024924317443398712,-0.0180468024759948,-0.0025073444902032464
2016-01-08,-0.0040906010098620965,-0.005479347268014408,-0.00045432517272916745,-0.008436818451688387,-0.0003679241099728119
2016-01-11,-0.0036849904284719974,-0.0014702737664487324,-0.006614279442868206,0.0003404847762502397,-0.005302338182667456
2016-01-12,0.004905707653417855,0.007204734465608054,0.00411575119081813,0.006844307683041741,0.0065968994892336005
2016-01-13,-0.004594783059729807,-0.009606578138838659,0.003112641533095802,-0.014884371512325252,0.0007476543071149533
2016-01-14,0.000619598529097571,0.006749894763605883,-0.006355905697445301,0.010595468011649373,-0.002124604960926153
2016-01-15,-0.006128843916569066,-0.014028132533322012,0.005226747736402946,-0.0216023401131156,0.0011399271032484387
2016-01-19,0.001045711518901956,0.0022662432500977626,-0.0010071135522774749,0.003703534285181427,-0.0005049732678281033
2016-01-20,-0.0019405214392086037,-0.008086680249434406,0.00568047909455296,-0.012712096288752391,0.0018682501124330053
2016-01-21,0.001053473013125938,0.0020538944556511628,-0.0014944153457660434,0.00409395232948341,-0.001515639663213442
2016-01-22,0.008416954091810987,0.014277719032956245,0.00018204211254442806,0.019495444755176207,0.0034504605248828995
2016-01-25,-0.0026171067787946435,-0.007521878388861422,0.003131634531103888,-0.010862686792848093,-8.831489457662009e-05
2016-01-26,0.008874535116781173,0.009725405257307878,0.005505573525401048,0.012656284404638255,0.004885691025117593
2016-01-27,-0.0028192570037983413,-0.005350271839358747,0.00021467827595130512,-0.007130988752013196,-0.0014221880278596128
2016-01-28,-6.1090658640776775e-06,0.0029647557718786633,-0.0021101413953560563,0.0035769257116813257,0.0005601027859701563
2016-01-29,0.011571174998185142,0.015048048866686306,0.006702266225641124,0.01814803739971585,0.008634912627876856
2016-02-01,0.0008061746004362827,-0.0014497307963872144,0.0017036290200589856,-0.0012204161777668616,-0.0006648243529464992
2016-02-02,-0.0038992384009334875,-0.00813950993524541,0.00450437122971706,-0.014510000168432216,0.0034431509362728404
2016-02-03,0.003296761173218714,0.0025688510487349007,0.0014115098754163456,0.004815260366238791,-0.0004450000616738781
2016-02-04,0.004085748785217404,0.0019294149180660424,0.005491936886377064,0.00159847551209049,0.0035038320635523007
2016-02-05,-0.003623086331350417,-0.010250507200779234,0.00311086828048944,-0.013733456955310416,-0.0017467147623046945
2016-02-08,0.001292692946388927,-0.004639790111779595,0.00997493153635613,-0.010453523386691548,0.006962993390462058
2016-02-09,-0.0024989898627138366,-0.003187372308311591,-0.0009300384539934289,-0.004415080030890793,-0.00100501407106671
2016-02-10,0.0034388855460591285,0.0017141182650024058,0.005600628521695199,0.0004085772070514744,0.0045303106588590845
2016-02-11,0.004075528048236139,-0.006717276858837433,0.01289445167190263,-0.010251932255378252,0.003943942289391855
2016-02-12,0.002561361442732247,0.0075151363667453515,-0.005676435568197949,0.013191651088667466,-0.0035556670565344913
2016-02-16,-0.0012638927827043895,0.00847174378005156,-0.011218786754633003,0.013424797313335504,-0.0038966399112293757
2016-02-17,0.0066013044418855235,0.008710422479876264,0.0015270541262501925,0.012699741069643403,0.0016360807522037108
2016-02-18,0.006030347582188893,0.00024175402949888885,0.011358458561282819,-0.0022319580217825172,0.0068286848279717665
2016-02-19,-0.0012642998881162739,-0.00019692839811704456,-0.0015618554289413187,-0.0004331634353244472,-0.00037603475867601743
2016-02-22,0.0015167794969005626,0.0076065426180088385,-0.004138110619122923,0.010172315072054149,0.0006934729742724894
2016-02-23,-0.0019327889778072203,-0.007843953688651017,0.0043103425130342175,-0.011184983361215544,9.199026803299533e-05
2016-02-24,0.0005754173167100964,2.6599117770383625e-05,0.000572133201294219,0.00030433087323400454,-0.00011558206564130853
2016-02-25,0.00653097907623355,0.008389434039940843,0.003822380427106213,0.010159413525241563,0.004797305275430428
2016-02-26,-0.0045619982946501075,-0.003627227606416822,-0.005736691645759161,-0.002921736729247676,-0.0051541694436673885
2016-02-29,0.0007490231849940837,-0.003356317145038017,0.0048299448330561415,-0.005407612480253482,0.0017612444620797173
2016-03-01,0.004550760414302088,0.011040755844444061,-0.005860876955431444,0.01807210802067528,-0.0028742967058885856
2016-03-02,0.004370425872991787,0.003940971938608068,0.0037774690318697706,0.004748454621954678,0.0029435345668788926
2016-03-03,0.0070792692807514785,0.004978905878592536,0.007276025642555888,0.00583263724700722,0.0047490209611667465
2016-03-04,0.00020207913452877332,0.0015704729126482667,-0.002336706732398211,0.003417136398342183,-0.0018917972386926058
2016-03-07,0.0008472625500842729,-0.00016329172047613386,0.0013090310812079002,-0.00012010227532852865,0.0002773581386601584
2016-03-08,-0.0024288294691631844,-0.003609998119708319,0.001615255753080993,-0.007082148626929244,0.002163431114883817
2016-03-09,-0.0011131218637779364,0.0014715164062215804,-0.003992845562441349,0.0030477814941881716,-0.0021920989989829766
2016-03-10,0.002267031219782513,-0.0010483900512593342,0.003663204917634837,-0.0007897504480385551,0.00022325316720141035
2016-03-11,0.0026434022147124314,0.010270838257895711,-0.006643022691854674,0.01563044308147618,-0.0016602552979931816
2016-03-14,-0.0025644634759146817,-0.0003417392546684848,-0.0029464718167285953,-0.0010710456427564623,-0.0003583065281577738
2016-03-15,-0.001990757566300693,-0.0032199895860834694,-0.0002998877941912384,-0.004299960233933621,-0.0009884059703329834
2016-03-16,0.00883552241056763,0.005879190399238189,0.009563702997547939,0.0066286601229943775,0.006234854308949064
2016-03-17,0.0032814173143689996,0.005437108884676927,0.0014237077360151511,0.006212112105908173,0.0031949568506972515
2016-03-18,0.0004317721150868086,0.0011798135275172266,0.00014966364138907325,0.0010877862082166977,0.0009439394891972275
2016-03-21,-0.003385853409995425,-0.00198369548590387,-0.005073175613590712,-0.001001228709465211,-0.004161076272395999
2016-03-22,-4.059748228073024e-05,-0.0008568201723695275,0.0005075412484540358,-0.0009972887872072244,-0.00023804558324364591
2016-03-23,-0.005140511010910747,-0.00225542677358881,-0.0035683818159313744,-0.005269259887551852,0.0008133406657092723
2016-03-24,-0.001865800844854123,-0.002125671048964039,-0.0009475826711700786,-0.0029149090519095516,-0.0008131907866445627
2016-03-28,0.0022157294628861557,0.0024242136038912436,0.0016430302860842498,0.0028922886986605346,0.0016173800078218496
2016-03-29,0.010419049718218413,0.008766162488246739,0.010563877291894126,0.009447979338167125,0.008570196278829522
2016-03-30,-0.002636920205281074,0.0013313967666888787,-0.006899340380860919,0.0035851321570887066,-0.004047686843190236
2016-03-31,0.0005235587560519776,-0.0016253618790584095,0.003841772968134405,-0.0038831688795467213,0.0028232341454531877
2016-04-01,-0.001715069074752993,-0.0009324762559165626,-0.0015077515503519473,-0.0015309754749359107,-0.0004262675065288981
2016-04-04,-0.00207125045465056,-0.0012640933448266063,-0.0017844583926236621,-0.001954349004300295,-0.000632682218110419
2016-04-05,-0.000906062647621561,-0.006508928642101319,0.006078135742154525,-0.010756665307784241,0.00261669331200094
2016-04-06,0.00271645281774194,0.006638269753997173,-0.0027143087560068547,0.01007014830832657,-0.0005008830773491133
2016-04-07,0.0004851824138633244,-0.005020046520609639,0.007292805223403105,-0.009136860130878787,0.003863113129461062
2016-04-08,0.002602342254456765,0.005082320082365881,-0.0015576391990086696,0.007980721283873417,-0.0005257367664623595
2016-04-11,0.002170125711191945,-0.0007379197771486377,0.003771886276154741,-0.0008895048669216669,0.0009441641053883957
2016-04-12,0.003242776765083408,0.00565852673169491,-0.001278402181010997,0.008946786847661614,-0.0005073691513852272
2016-04-13,0.0038288400935832397,0.00852003158084797,-0.0007154753082772273,0.01069035774829472,0.0029051706482416738
2016-04-14,-0.003471573464827411,-0.0003545403311827019,-0.006005742578776878,0.0006119863285810287,-0.0033656501360173605
2016-04-15,0.0029871959282329473,0.0012749677167923459,0.005304823960350237,-0.00019355470042210532,0.004328315955352888
2016-04-18,0.0019738123739085883,0.00385539825861315,-0.0009913137471481447,0.005868630777333538,-0.00011527348884731252
2016-04-19,0.00653546451516651,0.005453335542414792,0.004731832084976135,0.007795904847907051,0.002472281057143825
2016-04-20,-0.0033795217154675913,-0.0021892737990247763,-0.0054925326417311305,-0.0006769186777588584,-0.005058404708206474
2016-04-21,-0.003022042843663443,-0.004942770699637241,-0.0016360438289783577,-0.005371202133504697,-0.0033402590845581412
2016-04-22,-0.0029082792231038277,-0.00026523747186559486,-0.004557624426684764,5.8569938177279185e-05,-0.0020724352282464505
2016-04-25,-0.001798958844643851,-0.003044397297892254,-0.001032519125434837,-0.0031889896074344705,-0.002204769931860847
2016-04-26,0.0007983129644263174,0.0005042895678690168,-5.414054879966395e-05,0.0015031646880700686,-0.0008486531768697775
2016-04-27,0.003712228789109134,0.0034164283357999985,0.00487672383982229,0.002398314288707298,0.005089344251859243
2016-04-28,0.00047748042490053356,-0.00558067146853839,0.006352374978000557,-0.008474574655324568,0.0017651315668748809
2016-04-29,0.0023949660887608785,-0.002490328526320824,0.006062256434127441,-0.003734494299664478,0.0018141058309454829
2016-05-02,0.0006659722335123243,0.0030640116952577214,-0.0033547008292940943,0.005865490786229519,-0.0023563455167767275
2016-05-03,-0.0025754104767187827,-0.00462766193389865,0.0023871774989174836,-0.008593478299584022,0.0023123242910651895
2016-05-04,-0.003522752507820042,-0.004046812447221032,-0.0009202827631789341,-0.006394693014424711,-0.00027414957896429687
2016-05-05,0.0011726525477614405,0.0011818383740490538,0.002307137512450255,4.14772081582409e-05,0.002885360465734133
2016-05-06,0.0019387382546427715,0.0007631011707337821,0.001306566194722373,0.0019832363991668855,-0.00048082782458227493
2016-05-09,-0.0035657169577893275,0.0004452181953357365,-0.00509419677465849,-3.514960600744963e-05,-0.000836675462736509
2016-05-10,0.0059767583718008275,0.008085972241204484,0.002311466019346886,0.010679984126251763,0.003124118190487503
2016-05-11,-0.0005789132553630856,-0.004269560685069751,0.0036180916950522154,-0.0066450223390668245,0.0011235670662590853
2016-05-12,-0.0026206505971094673,-0.001022141010225873,-0.003992233858694065,-0.0004524657961332934,-0.0026768819293461164
2016-05-13,-0.000672257471279815,-0.003534699372609411,0.0038558725015164497,-0.006657706541543421,0.00255718216217288
2016-05-16,0.0024587138524161715,0.004493347183602311,-0.0017830239130633878,0.0076960814709472625,-0.001351787596261184
2016-05-17,-0.002466560940519904,-0.004773730879458437,0.0003276168811733897,-0.006424724553871763,-0.001150937075851383
2016-05-18,-0.007133522752794567,-0.003626544115740953,-0.010767483661373846,-0.001764030607791897,-0.008183703993409725
2016-05-19,-0.0014737930885270942,-0.0021327435303721072,0.000392787228081782,-0.0036739017064329844,0.0005033196014374931
2016-05-20,0.0029123026042033964,0.00462430588901442,0.0007457804483062368,0.005928660559359578,0.0018072638614969536
2016-05-23,-0.001087548187958887,-0.000983629373606332,-0.0004699908067200295,-0.0016534943072649714,-3.1578489048294735e-05
2016-05-24,0.0009790300962202794,0.007144882550371111,-0.005351909495538229,0.01033848507406585,-0.0007577638209572779
2016-05-25,0.0022026410982417424,0.004475254912106594,-0.001029441933777729,0.006557608998034882,0.00020434532046000698
2016-05-26,0.0012989549047288233,0.002301118635301717,0.0011488153429058529,0.00195020411957791,0.0023265668740273544
2016-05-27,-0.0013991995766881903,0.000537008538088002,-0.002822405415831741,0.0009891814193964082,-0.0011099270429295017
2016-05-31,0.0001714666563474506,-0.0011870028217984812,0.0017473818959604795,-0.0020870130246650677,0.0008400456072960656
2016-06-01,0.0006948464496731562,0.0010026739182074935,0.0007890513074358589,0.0007545727969755241,0.0012208655854553654
2016-06-02,0.002082113794140093,0.002846723469017237,0.0023717823850811265,0.002174849976754405,0.0034718410783039183
2016-06-03,0.010153727011794345,0.005004616439900003,0.014300484753547737,0.0034077180225491944,0.00996691493827144
2016-06-06,0.00040007230733639875,0.001376113534481158,-0.002012306708991241,0.003293612403230779,-0.0019963570518911544
2016-06-07,0.002310630659339673,0.0033845940527408346,0.0011971157328371778,0.003959435980575176,0.0019844100302116945
2016-06-08,0.005155057435626017,0.002733516905122708,0.006403612949667422,0.0026933892480004817,0.004005135746998776
2016-06-09,-0.00021241324988303484,-0.002706376274052843,0.0031241145704215085,-0.004810496316123309,0.0016853655630845745
2016-06-10,-0.0057024495582726365,-0.01041495285763798,0.0011361213908419544,-0.014957864886822088,-0.0012959325740388816
2016-06-13,-0.0018812986413007974,-0.00557855580821306,0.002689412751546725,-0.008328425161193892,0.00037487541444655313
2016-06-14,-0.003667160229795332,-0.005706300972409313,-0.0009470939160214159,-0.00741648076035932,-0.002129019084160346
2016-06-15,0.003716341402326003,0.002757875482125634,0.004273540705706011,0.0026794460751453893,0.003354799482474642
2016-06-16,7.600318336889506e-05,0.0027150147831322964,-0.0012379907577574117,0.0027069187450716684,0.0014085394888550926
2016-06-17,0.002398618651310355,0.00044789828969067825,0.0020694056261968603,0.0017531597563634484,-0.0005354434419267117
2016-06-20,0.002350711685690307,0.006645659264011675,-0.00427964810314407,0.01107308048158558,-0.0021920019057127993
2016-06-21,-0.0027245337737164996,0.0022208561630215375,-0.006847264678039289,0.0038468904405733985,-0.0026988520769835414
2016-06-22,9.746597624056064e-05,-0.00023043753872349648,0.0007173693702251504,-0.000686861982576469,0.0006176618110241348
2016-06-23,0.004175376483033022,0.009505459969047938,-0.003880882997699031,0.014814629993912509,-0.001194465470721795
2016-06-24,-0.008241493769501923,-0.03071370631223938,0.018102545716782843,-0.04677954393349419,0.003948085559505995
2016-06-27,-0.0004929471772047877,-0.00527106964595167,0.008437591331634166,-0.01191179218642916,0.006976482409028239
2016-06-28,0.007428341861946716,0.013973640203435117,1.2540425182812833e-05,0.018043555626733796,0.00455010238443588
2016-06-29,0.006243172998280459,0.00894747857672209,0.0005069376796432004,0.013292068348712775,0.0010348683848491402
2016-06-30,0.007798680349439013,0.009622255668546966,0.004630993287358574,0.011865693584548285,0.0053331794508939484
2016-07-01,0.006669304365601048,0.0038244673164397904,0.00947208512275617,0.0024332354946445646,0.007328162681257835
2016-07-05,-0.000583801984004105,-0.004882207603597018,0.005697589165024635,-0.009065420237650553,0.003498120439534536
2016-07-06,0.0026818263612659802,0.0019177529318079216,0.003003184505986818,0.001978278343765392,0.002209102323925775
2016-07-07,-0.001850258387867201,-0.0015675327518657565,-0.0015984561537333848,-0.00196071562369028,-0.001119317673337884
2016-07-08,0.009023599153945357,0.010847051444897945,0.005968648190994438,0.012978615001721813,0.006726924530764004
2016-07-11,-0.0005407018887702339,0.0031537530955510224,-0.005361434823939585,0.006096995573821991,-0.003131142092085596
2016-07-12,-0.0030843631634299737,0.0022884292683004806,-0.009818173506211565,0.00627650183913598,-0.006422647903751656
2016-07-13,0.0041906856297635395,0.002215583555302296,0.0066299015770307475,0.0007560242509350228,0.005386818804456019
2016-07-14,-0.0017373240968519108,0.0012529905163088705,-0.006239563713173933,0.004234324823118553,-0.004736509172639683
2016-07-15,-0.0045427824984005764,-0.0044304699631734674,-0.005167416348808521,-0.0038624157717862505,-0.005339359339306529
2016-07-18,0.0012297557583155515,0.0014477675505434775,0.0005114649757817494,0.002056464593106133,0.0004249271085688541
2016-07-19,7.865038712734151e-06,-0.0011592749233026343,0.0022563474771520823,-0.0028304007599130043,0.0019244715317899292
2016-07-20,-0.0015265191726678085,0.002636111358719906,-0.005562307399240937,0.004568178899483182,-0.0023542117927369223
2016-07-21,0.002069531574618097,-0.0017553018748728447,0.005042118864344648,-0.002828216691033796,0.0017630892248171285
2016-07-22,0.00020311794350518628,0.0023498040549553116,-0.001338397307505306,0.0028145289123772425,0.0005787956424686291
2016-07-25,-0.002498324041387498,-0.0014668662828714563,-0.002837989834956597,-0.0016430868003563482,-0.00171805333476108
2016-07-26,0.001992529554693758,0.0015647116628246412,0.0019492678541337878,0.0018219125698077886,0.0013928006175069512
2016-07-27,0.006879795343929176,0.003975068467281695,0.009555265168347052,0.002741938000500436,0.007272655996700569
2016-07-28,-0.0009532577440923432,-0.00036861534630923317,-0.001445935695352332,-0.00016860239399660488,-0.0009610760146899747
2016-07-29,0.006965349328543129,0.00626342948824038,0.007056036705062523,0.006523723561393752,0.006224019904641314
2016-08-01,-0.0038099013786523626,-0.00495718246175806,-0.0037858774014194797,-0.004407415724499536,-0.0052081210433414125
2016-08-02,-0.0032791020460518723,-0.006043030043538932,-0.0020979570084667808,-0.0058442881211003975,-0.004957885950804901
2016-08-03,-0.0007434781912339263,0.00014819026884519838,-0.0009640624683397433,-7.710725819467371e-05,4.04571690856721e-05
2016-08-04,0.0035556604609689926,0.003888070660837487,0.003653733876413017,0.003623812640888359,0.004118201360188083
2016-08-05,-0.0038190329320447435,0.0010184510148884543,-0.008901949655272934,0.0036476442175027235,-0.005363751910240215
2016-08-08,0.0006444645328066163,0.0009744864697375161,0.00057232741022575,0.0008816091326450896,0.0009488119334978267
2016-08-09,0.005007005697900967,0.0050504385191651345,0.005365629758646019,0.004669977418450262,0.005599155109493422
2016-08-10,0.002116478649650625,0.0012682267446904214,0.002953459212512656,0.0008544055209541218,0.0023125905104478275
2016-08-11,-0.0012852766203838395,0.00130745483590616,-0.004959440076540321,0.003667905814985993,-0.003543838853790128
2016-08-12,0.0010334312514951134,0.0011022735166225494,0.002433096724756706,-0.0003337260270066978,0.003218067182457722
2016-08-15,-0.0001882459770770216,-0.00019861730209453483,-0.0019852125255399146,0.0016003209182479162,-0.0028979073409794195
2016-08-16,-0.0010120592154466267,-0.0026704033888356664,0.00015686456475478503,-0.0030121502427769447,-0.0013289109014178993
2016-08-17,0.0018802694840346502,0.001964436510553711,0.0024923724299654075,0.0013099018204836366,0.002903394602566095
2016-08-18,0.0030425099186171677,0.0028423584048526337,0.0026953888021302103,0.0032894745548699075,0.0022714570623832545
2016-08-19,-0.005033879274415892,-0.004146164603440204,-0.005340366053920063,-0.004283666534019288,-0.004383614460430001
2016-08-22,0.001874786241740258,0.002263018469889512,0.0025812631316836456,0.0013620821279420974,0.003419067480752499
2016-08-23,0.0014540560458986135,0.0020935548175295498,0.0006591143180616442,0.0025679129695412102,0.001061669422487429
2016-08-24,-0.004213572774373871,-0.002705169859581112,-0.004517919985281066,-0.0031550617295708905,-0.0027841198737789292
2016-08-25,-0.0021224010091754645,-0.002436129758816979,-0.00196431176345364,-0.002437392127116122,-0.002277359828349684
2016-08-26,-0.0033473610786030387,-0.003850238736488879,-0.003051635549917636,-0.003894655694828188,-0.003532163308933983
2016-08-29,0.005238887731063203,0.005654918026954352,0.0058245301480679265,0.004861060848716493,0.00663677719728829
2016-08-30,-0.0035466063111643954,-0.0018571946408583687,-0.004505024131217901,-0.0017448519962814536,-0.0028702237233182225
2016-08-31,-0.0010501519263720529,-0.0011005432135397703,-0.0004488989170352115,-0.001676977147192563,-0.00021134065163183114
2016-09-01,0.002540210389835724,0.0023885854646000307,0.002149240230071733,0.0028552477858555425,0.0017640518569324545
2016-09-02,0.0033468225501216645,0.0029085916269808937,0.0010189899150847214,0.005450665795886822,-0.0006966981152093052
2016-09-06,0.00721506179212828,0.004835364990125216,0.008358052861634605,0.004880259945473909,0.005958655182590537
2016-09-07,-0.0006300616395610875,9.90293666726746e-05,-0.0010583199742573116,0.00016246929884158016,-0.00036065182931097224
2016-09-08,-0.005311142402818251,-0.004766008758033212,-0.006673105608430073,-0.00367879811874537,-0.0066720193865362695
2016-09-09,-0.014300772385359147,-0.017389691374760635,-0.010460339163371279,-0.01970524399715314,-0.012386072375560683
2016-09-12,0.004503721179341739,0.006992838475167022,0.0011426740960041833,0.009094680527201473,0.0025840442973518534
2016-09-13,-0.011098943864668124,-0.013239969714886047,-0.007982536764008081,-0.015298385078036766,-0.009092475312795247
2016-09-14,0.0008330673652706828,-5.044376853867258e-05,0.0017484918224922917,-0.000525258804623375,0.0011028951466343889
2016-09-15,0.0017627087300135572,0.004929364435676136,-0.002089271755982365,0.0071784257787286115,-4.1180418301405445e-05
2016-09-16,-0.002096251471053854,-0.003284232687824981,0.0010566928549680904,-0.0058548642207594875,0.0011512549835391015
2016-09-19,0.0007063717702073607,0.0008429326333848551,-0.0003212959749979788,0.0018011971996363468,-0.0006645646120602296
2016-09-20,0.0021923046597482824,0.002615592439572678,0.0017509786968139744,0.0028450088843187853,0.002059674698773081
2016-09-21,0.010732579100732774,0.010692337668727814,0.008952760275481675,0.012489151000401013,0.008011224964854315
2016-09-22,0.0056848541785279715,0.006820954082250979,0.004504729822401377,0.0074311295897629285,0.005336583001435061
2016-09-23,-0.0028686589678247345,-0.004372892609914499,-0.000863763055052877,-0.005630929010663582,-0.0017378165827159568
2016-09-26,-0.002087694990368784,-0.003660491787658784,0.001183421346185835,-0.006158220927888902,0.0008582192035218488
2016-09-27,0.002429066550226803,0.004964879411132851,0.000930211863956167,0.00519249211168466,0.003355827469944105
2016-09-28,0.001493062226271971,0.0033729123692143757,-0.0008906692394188614,0.004809259280073998,0.0002730020156225485
2016-09-29,-0.004111029359471307,-0.006068630011098396,-0.0006907617920945746,-0.008524721642066451,-0.0014200754421938946
2016-09-30,0.0004884414431821938,0.0027525762413520773,-0.0032365060079046263,0.005328079861724851,-0.0022589820727426132
2016-10-03,-0.002574631546161244,-0.002653142797495228,-0.00239059089955255,-0.002797968151755059,-0.00239669621465814
2016-10-04,-0.01098221565843675,-0.004471366405149983,-0.015295887523986975,-0.003440300731337516,-0.009275131940658776
2016-10-05,0.0001314665015950385,0.001267837788265817,-0.0018621079013276427,0.00268829218912165,-0.001435872461212129
2016-10-06,-0.0038251817332395637,-0.0023904988615811693,-0.004676800586754668,-0.002257298914298669,-0.0033075595645107236
2016-10-07,-0.0014526747237927125,-0.00246618641095132,1.7132899207658093e-05,-0.003432019783878255,-0.0005130316692589461
2016-10-10,0.0009337315224663432,0.0009831855472528254,-0.0004764398624127309,0.002366609646364182,-0.0011203238867543302
2016-10-11,-0.007050980483110761,-0.008676057504776265,-0.003978016820988233,-0.010948133232179781,-0.0044674821318804805
2016-10-12,0.00039175504638057655,-2.2867381853924216e-05,0.0008295259457178777,-0.00025358811985222836,0.0005303749354098136
2016-10-13,0.00012010135387459397,-0.0010666150373932562,0.0019327204534786598,-0.0022900699244639156,0.001358213254589903
2016-10-14,-0.003868401169070408,-0.002548528505662888,-0.006309405947401039,-0.0007747913301834879,-0.005876527931514573
2016-10-17,0.0009711974129329231,-0.0001558043046015307,0.0029313751608350956,-0.0015572800908225796,0.0025052118272187694
2016-10-18,0.005356022079372585,0.005698428136647318,0.004094863161260146,0.006786594656171295,0.003892486502482814
2016-10-19,0.002517398449123149,0.0019234454375055363,0.0024011700215849177,0.0023367154719905457,0.0016004248268162824
2016-10-20,-0.0004882637967558827,0.00011478104953808658,-0.0007122528648574765,3.717547746768431e-05,-7.026375458985424e-05
2016-10-21,0.0001798598583049113,-0.00016669813062454862,0.0007632053054643821,-0.0005771912310978705,0.0006219131468505936
2016-10-24,-0.0008414372328768709,-4.1560750373855955e-06,-0.002239158310929676,0.0009724772377721692,-0.0018900642119075346
2016-10-25,0.0013309874808145154,-0.0005304961314466537,0.0028751761988270656,-0.0011473386884678965,0.001324369688192869
2016-10-26,-0.004217014822910573,-0.003766507525433522,-0.00464571334736025,-0.0035633174876454343,-0.004296666975696799
2016-10-27,-0.0030936169563782153,-0.003846364777290544,-0.0036753263426865593,-0.0028883300916364126,-0.0049081532931396395
2016-10-28,-0.0002042264407000823,-0.001498705774474516,0.0005717963756667064,-0.001628385001634319,-0.0006568952007895752
2016-10-31,0.0021721057320635982,0.001632846707957277,0.003127011180995566,0.0009464365650544793,0.0029309679351234665
2016-11-01,-0.0010562400244283228,-0.003486839741017747,0.0012391201085532732,-0.004574241530688869,-0.0006438905700846549
2016-11-02,-8.893011574215743e-05,-0.002914111635460759,0.0032065145623800697,-0.004811541963592485,0.0013348836560326787
2016-11-03,-0.0017280388222008505,-0.0032941483028449603,-0.0013543357857464476,-0.00288492251185605,-0.003124458768583974
2016-11-04,0.00015449003622522558,-0.0010893583863421132,0.002973483209393929,-0.0032959637914074277,0.002831515056465677
2016-11-07,0.0016075797280416736,0.008744329230050875,-0.006538590473051791,0.013233949268237892,-0.0016143793299274773
2016-11-08,-0.00049286498060153,0.0010806556047411261,-0.0025898182302385273,0.0023851254175690415,-0.0016672395342160167
2016-11-09,-0.008198223610270209,-0.006901710400809034,-0.015250826736997534,-0.0005510688672346734,-0.01715824020688187
2016-11-10,-0.006867405263917081,-0.00392005999389847,-0.010201533472882156,-0.002074487012317418,-0.008171503290628419
2016-11-11,-0.007535080200686231,-0.003883963882964766,-0.009314493977861339,-0.003934842401110256,-0.005631403479376381
2016-11-14,-0.004760629391599571,-0.0035931941507660312,-0.00582015341227163,-0.0031189562720400268,-0.004888935809166093
2016-11-15,0.005362431096326751,0.004875656390842194,0.004926943857821461,0.005554476957091465,0.004100225896462245
2016-11-16,-0.000797301092305453,-0.0014227668918974138,0.001858945868007848,-0.003774140513719034,0.002405643070343077
2016-11-17,-0.002249752541427817,1.7810909344873175e-05,-0.006485259985540138,0.00309754364461501,-0.005758054545343461
2016-11-18,-0.005533366550429171,-0.005044992245873536,-0.005114577215104137,-0.005708012050537287,-0.004295200860916592
2016-11-21,0.004582283167738203,0.005422875431198783,0.0029058198206025876,0.00667562230121119,0.00311980804619631
2016-11-22,0.0009089073744699568,0.0014075879833590193,0.0002888370318517267,0.0017778103929822326,0.0006025494569961159
2016-11-23,-0.005984234051040645,-0.002268035100132961,-0.00832637056229976,-0.0017920812757986349,-0.004840091881183059
2016-11-25,0.0005491785792724137,0.0023766054537438675,-0.0009260862421967005,0.0029350560801549327,0.000624282074726753
2016-11-28,0.002286746758893269,-0.0008244891173677863,0.005916555951648975,-0.0029163714410999765,0.0038571192238690036
2016-11-29,0.0017167935346179075,0.0034391094251225536,0.0005889987557054872,0.003703876997543071,0.0021806972390537864
2016-11-30,-0.007407425744580915,-0.005041198294577166,-0.010292116943191631,-0.0033506166707702586,-0.008767865966702615
2016-12-01,-0.004712939836388443,-0.005116767980845509,-0.005121656493207042,-0.00450620137313669,-0.005831197840245532
2016-12-02,0.003799421285270876,0.003043058447002276,0.0049056959815251535,0.0023133924132721357,0.004514399807929052
2016-12-05,0.0020021141455541427,0.00462594291012142,-0.0009003534884305868,0.0062051654922865365,0.0009382516436862047
2016-12-06,0.0016753121635875445,0.0029006464048755183,-6.218079761977529e-05,0.004021584541738345,0.000603367832791745
2016-12-07,0.008426530110293977,0.010448003487649729,0.005780004763118637,0.012074652963107375,0.006990357143037213
2016-12-08,-0.0028440938370264722,-0.0022010446283795893,-0.0047122496046249065,-0.0006584442548821733,-0.00484163536006847
2016-12-09,-0.003126208176266936,1.2987731224744081e-05,-0.007301027201691626,0.00259557192908069,-0.005447915700557517
2016-12-12,-0.00015676865683636576,-0.0014720336456549045,0.0011475271067094032,-0.0021210435128120866,0.0001579014114909432
2016-12-13,0.0038206150830147343,0.006237323795530115,0.0013381411778935453,0.0075030374042757,0.0031258202301176767
2016-12-14,-0.010919992606931524,-0.01027913714097999,-0.01059847803794978,-0.0109210284389543,-0.009637140351259661
2016-12-15,-0.0016761609339630626,0.0012105603407672316,-0.002885857302124667,0.000974733253064317,0.00012238806942296417
2016-12-16,0.0007852794895480558,-0.0006415052714836417,0.0014372877095641561,-0.0005807576318193773,-1.892179272863227e-05
2016-12-19,0.0038084142123152183,0.0028832601082246054,0.005530019225611323,0.0016205716627451495,0.005236118445244821
2016-12-20,-0.0011996723886828072,0.0010025659590862828,-0.0036264923133117167,0.0023203352147430794,-0.0020800448499120722
2016-12-21,0.000932436840641406,0.0005765501257814783,0.00200936811392503,-0.0003237749324120746,0.0021032389988490012
2016-12-22,-0.0015486997088388233,-0.0014191695792812541,-0.0014402456790157912,-0.0015923913150033549,-0.001224139368799757
2016-12-23,0.0017892703223903153,0.001505389290787212,0.0018154407930195272,0.001621165009807165,0.0014736758208077601
2016-12-27,0.0006240928996778365,-0.00041841274602049555,0.0006242233431017929,0.00010284541764008966,-0.0006790131410152799
2016-12-28,-1.1832677110425911e-05,-0.0017375184340956867,0.0029067270227203686,-0.0038039352686450897,0.002214674056720711
2016-12-29,0.004389155960994406,0.001994083272430576,0.006018807847074286,0.0015580683260512178,0.0038452203022685725
2016-12-30,-0.0005165567314518687,0.0007194687510154971,-0.0007825354186988131,0.0003673906283862314,0.0006298580028939319
2017-01-03,0.005255401045782281,0.005007602198293051,0.004592970231815071,0.005793583580747678,0.003951523999903737
2017-01-04,0.004970649202459199,0.005985254259932868,0.0031539280853840205,0.007290587912219442,0.0035158836559073736
2017-01-05,0.00857706031975526,0.006265417385574265,0.010925639099819402,0.005065075088626308,0.009217646946061992
2017-01-06,-0.0038765808441257295,-0.0023450548016547843,-0.005951940238156858,-0.0010410477320997983,-0.005071230857218792
2017-01-09,0.0026428411641926976,0.00053086798057186,0.005128328611549277,-0.0009069028294530782,0.0037379289127459536
2017-01-10,0.0006704060700121389,-0.00017893809222614893,0.0009991997870731878,-8.321739425798117e-05,0.00010228691986779872
2017-01-11,0.0031459125434689862,0.003336130370603435,0.002698952640613667,0.00368774371744724,0.0027133238433464935
2017-01-12,0.00021644431868708303,-0.0005749736754908254,0.0004965851499633025,-0.00045951661860097105,-0.0003523284222374926
2017-01-13,0.0003603390614089132,0.00040124264799127647,-0.0008788869742343523,0.0016184580214505815,-0.0014478519703841224
2017-01-17,0.004191193740039781,0.0006037127267370394,0.008077751774236513,-0.0015096727042414994,0.00555512678840221
2017-01-18,-0.005280407303372238,-0.003655841191265721,-0.00774335868954022,-0.0020128874383128622,-0.006939305686545843
2017-01-19,-0.0032475400635394052,-0.0036645055529474935,-0.003395046860038558,-0.003308485288445129,-0.003990157826950527
2017-01-20,0.0019581185763417994,0.002368033600075814,0.0006929496877343525,0.003426408535917865,0.0005731053513601917
2017-01-23,0.003879039686613155,0.002618731278515557,0.005758289225310741,0.0013651086971366766,0.005125394125025901
2017-01-24,-0.0008073129047389532,0.0009782943783183539,-0.003435312286124082,0.0027046633095504074,-0.0025115851367218654
2017-01-25,-0.000952326874353011,0.0025644692454286524,-0.006124866917295046,0.005944514290560346,-0.004292944641021016
2017-01-26,-0.0020011793602102562,-0.0006188371582383505,-0.0018156478379799201,-0.0014952070813672588,4.2541112726011205e-06
2017-01-27,0.0006762281056927635,-3.860685080259185e-05,0.0017854036782452532,-0.0007919298075973827,0.0014473926811809322
2017-01-30,-0.0024937346245528674,-0.00466846114189973,-0.0004333918617458911,-0.00564735053190308,-0.0021155604414510106
2017-01-31,0.004926523243905069,0.002309726345006061,0.007017388302764452,0.0015209905177719948,0.0047993737349019735
2017-02-01,-0.001291072294267547,-0.00026766153128820206,-0.0029818115177967157,0.0009077864852714646,-0.002545907080871916
2017-02-02,0.0013240039404560238,0.000306915552004259,0.0017528043822165008,0.0003863864600379188,0.0006964314810538115
2017-02-03,0.002752352431914614,0.003391649126078309,0.0012785081846133472,0.004543257020704358,0.00134159613446605
2017-02-06,0.002636805728598184,-0.000987920349335472,0.006250482160670499,-0.0028072824409668693,0.0035440086841296787
2017-02-07,0.0011111395035560893,0.0014417998859081555,0.0018577342440229561,0.0005294543741282275,0.002643668668801467
2017-02-08,0.00511369995315472,0.004171216213407503,0.006925874837375943,0.002826247992446871,0.006655687600239528
2017-02-09,-0.0023341370506743497,0.00017991791522953366,-0.005985940492351377,0.0025576313595109226,-0.004658028455657439
2017-02-10,0.0016441201384451896,0.0017501364967511194,0.0008808291699652215,0.002459798107853584,0.0006316356176871412
2017-02-13,-0.00042346475673833375,0.0018661117875292956,-0.002966189244441779,0.003255354397543649,-0.0013679028183170461
2017-02-14,-0.0011321106244360488,-0.0010872642253739447,-0.0023684944433794743,0.0001251422155970146,-0.0029310982940392
2017-02-15,0.0014323804407371397,0.001432414780085618,-7.351668488850312e-05,0.002936030393487765,-0.0008272734783434879
2017-02-16,0.002892554091251968,0.001974465954878608,0.0039560762161407375,0.001368471991646275,0.003341501568871983
2017-02-17,0.0007323717171213581,0.001298669446472537,0.0013746053297396766,0.00037309634976458373,0.002402708393677626
2017-02-21,0.0015880324804811792,0.002386435125659582,8.654479495837097e-05,0.0034859520347642462,0.0003351081900361944
2017-02-22,0.000641573617724747,0.0003239078995093601,0.0010772154965224409,4.6852387702838615e-05,0.0008981267971428031
2017-02-23,0.003211392505664156,0.0017374457677068482,0.004142503380250658,0.0015420248877102975,0.0027675344896458693
2017-02-24,0.0030238700899159338,0.0011462437100178806,0.006033431313023266,-0.000935986674566241,0.005197816176651884
2017-02-27,-0.002091642300573411,-0.0009073586060137062,-0.0036745010639574046,8.009708622075493e-05,-0.0029832181466892347
2017-02-28,-1.4060609644686263e-05,-0.0006418043789737613,0.0010854429909172123,-0.001428942749428331,0.000851293803271034
2017-03-01,0.00034965184118380857,0.003093043050092434,-0.005648718594821216,0.007676738068002392,-0.005202409371754932
2017-03-02,-0.0060786525894129875,-0.004827745272377528,-0.006003231331593387,-0.005528383103551604,-0.004402309749504655
2017-03-03,0.0018466957120301967,0.002613249684246365,0.0011489477010136714,0.002927040495773476,0.0017589947164385544
2017-03-06,-0.003643784345105155,-0.002919240682526718,-0.00390735958081116,-0.003018036559417023,-0.003133217700969017
2017-03-07,-0.0037797493477634515,-0.002813962619643058,-0.004046879027961686,-0.0030298099931993267,-0.0029728993822497876
2017-03-08,-0.003964762605831232,-0.0032933507964874,-0.00450861702457232,-0.003085623976380562,-0.003940776157725628
2017-03-09,-0.0022637670077854115,-0.0007486958113113619,-0.004620582068771688,0.0008435499797689831,-0.003900891924333174
2017-03-10,0.0038139780198413894,0.004566017925026021,0.002748128064670289,0.005254383655288592,0.003156241998248373
2017-03-13,-0.00039543021640208354,0.00015350402485266225,-0.0020544607815578806,0.0015349030921746351,-0.0021971789266982873
2017-03-14,-0.002256958148589835,-0.002281115616454444,-0.0006198156822872645,-0.003908883730340426,0.00016762866719989254
2017-03-15,0.011784322259758354,0.010328146183831056,0.012056715085106279,0.010783833827442291,0.010373076354519556
2017-03-16,0.00022443599571822395,-0.00028441970827344104,-0.000455841551932533,0.0006500285002772363,-0.0014329137906335544
2017-03-17,0.002239263334495507,0.0018514717623064178,0.003215290268875344,0.001068216327474371,0.003218892957732351
2017-03-20,0.0014526589622419028,0.000268887536366814,0.002915863367786544,-0.0006052680515768412,0.0021699759399238755
2017-03-21,0.0003647823800246461,-0.003121633162327916,0.0048568962125349205,-0.005897173834576129,0.0027647964761044045
2017-03-22,0.0020040561140154305,0.0017355881758707662,0.002455288022094216,0.0014183349324129537,0.002345458542524065
2017-03-23,-0.00024761819959451416,0.00014582516826933115,-0.0006819260765776079,0.00038315678742606777,-0.0004070503055992926
2017-03-24,0.001350753281004172,0.0012723325423462661,0.0014222466025208985,0.0012400424436440198,0.0013599749745320192
2017-03-27,0.0027025623128796405,0.0016719410538397598,0.0038157977173565037,0.001072333755417025,0.003085658904333409
2017-03-28,-0.0001678487001504066,0.001873510887423411,-0.0033153098201546332,0.0039877402145491415,-0.0023296475640536963
2017-03-29,0.002417423703912592,0.002079114185538135,0.0032548150538581682,0.0014100482625611207,0.0032508740049504025
2017-03-30,-0.003598006146064276,-0.0022359266991254447,-0.005192595225316519,-0.0013257674899065765,-0.004284459924852624
2017-03-31,0.00038313689443053594,-0.0004229785780104412,0.001533767788892161,-0.001172260557762888,0.0011025794090144699
2017-04-03,0.0032772107472278616,0.0019500930238960938,0.005581461794049222,0.0003027648461845909,0.0050781530219819295
2017-04-04,-0.0007699774348964814,-0.0011995033809712985,-0.0012136446722496,-0.0005411516424228876,-0.0019728459799433903
2017-04-05,-0.0008397207059072841,-0.001676762313493554,0.000830575352585751,-0.002931945355205386,0.0006208855267083755
2017-04-06,-0.0004988903237229335,0.0005127636556563687,-0.0014391690610884745,0.0009459850916468942,-0.000643448650186856
2017-04-07,-0.0010859725076172173,-0.0017092958892808276,-0.0012474088311557544,-0.0012361250645527488,-0.0021075405156718613
2017-04-10,0.0010978813629040755,0.0010541590443365347,0.0017556078761199322,0.0004178466475918843,0.0020297096666699608
2017-04-11,0.006035004211514309,0.003495438281510956,0.008184603032446903,0.0026090595139341586,0.006092438908751099
2017-04-12,0.0019172030734272343,5.62600776218992e-05,0.0041027354807926086,-0.0012051952241768935,0.0028746126031066266
2017-04-13,-0.0007969858708286579,-0.0030626712692249647,0.002079461030870926,-0.004817204310436988,0.0006938831600541094
2017-04-17,0.0016718690163720676,0.003746452620294619,-0.0012231849364778187,0.0055934055768175886,-7.002689001913672e-05
2017-04-18,0.002914930796625006,0.0012436622319565512,0.006174154492965577,-0.0011929722227793154,0.0057204617565581916
2017-04-19,-0.004433881309795664,-0.0032786157229594127,-0.005088699698871127,-0.0032020696774669034,-0.003970978075515961
2017-04-20,0.0025186846455953578,0.003751187727366162,-0.0002528719136538759,0.00589732142408453,-9.472769951150883e-05
2017-04-21,0.0001747034083152477,-0.0006265116784346505,0.0008294288180490693,-0.0008812407936055625,0.00015599516755589684
2017-04-24,0.004554646679375352,0.009478430813606366,-0.0021579266531193877,0.013671023232877246,0.0006819231992846676
2017-04-25,-0.0024753865205548132,0.0008623210715039911,-0.007007956605105479,0.00369946524275859,-0.005083149090441998
2017-04-26,0.001631793871683902,0.0002974528611691112,0.0033300032788987285,-0.0007373881931701339,0.0025140688580112106
2017-04-27,-0.00028331039966824516,0.000632995533977594,-0.0008544821795212777,0.0007455317880484121,6.042033149857813e-06
2017-04-28,0.0008189646542027105,-0.0001133155548513751,0.001980318330393673,-0.0008103130921929237,0.0013970327897856528
2017-05-01,-0.002703580854804767,-0.00022837102974175008,-0.005690913140177877,0.0015095439487934545,-0.004080996421108792
2017-05-02,0.0023580613046577147,0.002937047952589198,0.0021711520622573048,0.002834416751867022,0.00280156814334201
2017-05-03,-0.003472554556732564,-0.000977789312356119,-0.004454074849915583,-0.0012450586288343542,-0.0018231240541843586
2017-05-04,-0.001087582480476943,0.001968944619253337,-0.004240917891207793,0.0035804755545292017,-0.0019840336764869186
2017-05-05,0.0036114365513056773,0.004741355018199461,0.0016471061101224703,0.006135928278329592,0.0020798570033091577
2017-05-08,-0.003409829777638601,-0.0037089851772167774,-0.003255069907278199,-0.0037142032693690727,-0.003551570374261201
2017-05-09,-0.0019454262003179598,-0.0011180397954053053,-0.0019847254492261234,-0.0014923659791661493,-0.0009701886348238223
2017-05-10,0.00048708940191807804,0.0008446320106905901,-0.00012055302121989746,0.0012730415738205355,2.2803037317184155e-05
2017-05-11,-0.00012642001049956836,-0.0013705364275680288,0.0009358368813268977,-0.0018123330626472695,-8.636741421427938e-05
2017-05-12,0.0036081269135740256,0.0034423194271590474,0.004411885060316233,0.0027207551982872725,0.004606508059147147
2017-05-15,0.0019351197146538167,0.0024151391977642717,0.00037605380250006835,0.0037314239494405277,0.00019700165048034622
2017-05-16,0.003111257423307009,0.0028636357180605075,0.00311331713579116,0.0029853942635052317,0.002804811233474246
2017-05-17,0.001757181309448153,-0.004800623313453126,0.009864120360954317,-0.00971645365843158,0.005788442307283501
2017-05-18,-0.0004519651539999917,0.0017162550335738755,-0.00201329337934758,0.0021899381690390646,-7.898410395152848e-05
2017-05-19,0.005018714102704242,0.0058053375355196345,0.0030820357807794605,0.007344278502010551,0.0030983312191899333
2017-05-22,0.0015164160149804971,0.0013579038121647943,0.0005792298637477069,0.002373545883441523,-8.811580269040914e-05
2017-05-23,-0.002578980753220038,-0.0010978771076706098,-0.004399793793241161,-2.1995751247438862e-05,-0.0034553479226084602
2017-05-24,0.002860824264997927,0.002374026426866056,0.0035388211468336947,0.0019388329022390978,0.003269731597399219
2017-05-25,0.0008710067416052046,0.0015538711343805953,0.0001412585300333522,0.0019414644062837483,0.000630626834696182
2017-05-26,0.0014762527233364844,-0.0005795217879531728,0.0029176175285833615,-0.0009960363641908399,0.0010726988448756306
2017-05-30,0.00030699181334403763,0.0007698127955249614,0.0009616268878429773,-0.00011648318417281827,0.0018667090394195599
2017-05-31,0.0016952114812374046,0.0009957575770076145,0.002295642515986295,0.0007445437385910099,0.0017221164344011514
2017-06-01,0.0029536008211620847,0.004214617244971673,0.0008582029224058731,0.005674007162917305,0.001389837451736813
2017-06-02,0.0072962514938563665,0.007233517105095813,0.007428507223420423,0.007132607418656776,0.007416225484047245
2017-06-05,-0.00259216336398683,-0.0034093611403111343,-0.002342469979014,-0.0032505365856217053,-0.003238865540776391
2017-06-06,0.002598099713801466,-0.00021940323735207987,0.005313031996437482,-0.001535822988672096,0.0031589520863761016
2017-06-07,-0.0018590029033920328,-0.000605734317805089,-0.003280465508432346,0.00018638379932872824,-0.0024222728999881197
2017-06-08,-0.002326404514581653,-0.0011619116996598048,-0.0031299822308996244,-0.0009415234210518553,-0.0020748546822846434
2017-06-09,-0.0032831668091397458,-0.0019465637463144617,-0.0036939995599673146,-0.0022042523187421207,-0.0022279753818826653
2017-06-12,-0.001198242139243668,-0.0013170269844295706,-0.000753340232453424,-0.001702759172156758,-0.0006793476909551272
2017-06-13,0.0028023758031032763,0.003859384780114893,0.0010590431477612748,0.005070399728891218,0.0015107809128034968
2017-06-14,0.0022637473754916833,0.0031748319526132183,0.0038472026340625144,0.0011341499049826213,0.005774018214216513
2017-06-15,-0.00376151414007591,-0.004166414168281134,-0.0025401877786271807,-0.00518701119623525,-0.0024353077983424493
2017-06-16,0.002309774313761507,0.003151411113650856,0.0012742141787170094,0.0037647350103720205,0.0018096019012686431
2017-06-19,0.00036527179729547527,0.0031096855137544067,-0.0025155014969564034,0.004606982391982104,-0.0005148283159766107
2017-06-20,-0.0012433740520862715,-0.0022836758731753564,0.0017861498317813078,-0.00480370248269362,0.0020028265080525094
2017-06-21,0.0006938596962329981,-4.434252865351034e-05,0.0014477391024176217,-0.0004299000403014965,0.0009026710848255941
2017-06-22,0.001057587515988871,0.00030970145940049655,0.0017691629971625777,-2.863415004768087e-05,0.0011908136331984398
2017-06-23,0.0016320697793713308,0.0011915949637763819,0.0014075475695286427,0.0016363778663064255,0.0007444581827914055
2017-06-26,-0.00045854761333508857,0.0015324311790035398,-0.0011888811053005516,0.0012665115328812978,0.0009365810801362622
2017-06-27,-0.0036053824544942663,-0.005184648401285648,-0.0033741383618409787,-0.004626183907955636,-0.005232323411215732
2017-06-28,0.0030734635799576234,0.004673682867219833,0.0002224147156036879,0.006714565361067469,0.0008022790672231338
2017-06-29,-0.0067584334956510075,-0.007639923042769531,-0.005491573127430351,-0.00846810790587425,-0.0059586350941582674
2017-06-30,-0.0007687576588293936,-3.308082921599814e-05,-0.0017248736177267387,0.0005539998903058808,-0.0012824437287077273
2017-07-03,-0.00408359952673268,-0.0007068858406129968,-0.006378217636180657,-0.0001083133684551327,-0.003293866169174187
2017-07-05,0.0012485138479088795,0.0006834698383733754,0.001434872954335559,0.0007795852445950637,0.0008218820592637037
2017-07-06,-0.00482171342466501,-0.006085197650449651,-0.0038665593785415877,-0.006409927503063256,-0.004966666360373426
2017-07-07,-0.002019480646484819,0.0006748586561350833,-0.004659705026449189,0.0019583255831661915,-0.0026022981599775658
2017-07-10,0.0014141748528219721,0.0014347408747744355,0.0012464063741149767,0.0015921965291031453,0.0011882255104406613
2017-07-11,0.0010933200611259444,0.0009879904607055074,0.0012541623568260041,0.0008797800048286453,0.0012029418328976004
2017-07-12,0.005776670969098201,0.006611330985946868,0.00480586808198677,0.007163544846446517,0.005364849019481513
2017-07-13,-0.0009224304296483153,-0.00010109537897835286,-0.002533567143561326,0.0010962065004070278,-0.002311062880075432
2017-07-14,0.004381565452157709,0.0038959757472947676,0.0036977533994292993,0.004822310703615505,0.002748024709284448
2017-07-17,0.0011672938608623619,9.459875619991384e-05,0.0022063401614005862,-0.0004095950578396226,0.0013864993116585286
2017-07-18,0.003926116368750408,0.002698006913015903,0.005470611153912596,0.0017644156258808056,0.004710146586585411
2017-07-19,0.002012193483432359,0.003025473818222392,0.0006085491371771422,0.003919929234502138,0.0011750960135996729
2017-07-20,0.0017741952207805962,0.0019395167634660385,0.0015708586284714399,0.0020601378606346313,0.0016758855186084162
2017-07-21,0.001997244890626879,-0.00018575915888278382,0.004139458915034877,-0.001242820174483305,0.002488110916160745
2017-07-24,-0.0014904506254759945,-0.0018806807517912352,-0.0014707662507695426,-0.001705235256709866,-0.0019487212583092102
2017-07-25,-0.0032253987520404334,-0.002195050568479861,-0.005781488327697196,-0.00016183112354895452,-0.005769271025406719
2017-07-26,0.003610992364362197,0.0026472136535411537,0.00379972659516195,0.002940358284720048,0.0026895530012021876
2017-07-27,-0.002116146029650715,-0.0023095465429772747,-0.00231574947314066,-0.0020132587050116077,-0.0026573950303558067
2017-07-28,0.003066245867734131,0.001557503421745423,0.004619746207939745,0.0007550670702713085,0.003513701132286135
2017-07-31,0.0005545510602648839,0.0006073716535248898,0.00045126662086131253,0.0006842327511266795,0.00046565593595129405
2017-08-01,0.003337179081179364,0.00427707389972181,0.00306480161478953,0.004079412262030988,0.00410379541586715
2017-08-02,-0.00024451379498428117,0.00027171286330081876,-0.0006214484356516922,0.00039032822300175715,-0.00016436251403281274
2017-08-03,0.0025493082344622553,0.0021181223915308907,0.004111843723534324,0.0007684200625073298,0.004354447196327061
2017-08-04,-0.002987253082775269,-0.0011233682315136464,-0.005240564257741116,0.00019127589487016565,-0.004031931426443336
2017-08-07,0.0003863877852337691,0.0008274408583000967,6.142682004803206e-05,0.0009317224100012444,0.0004504614149323009
2017-08-08,-0.0017801560975247682,-0.003100211869037056,-0.0008404215564270578,-0.003381205764323783,-0.0020189013514118116
2017-08-09,0.00324593295271672,0.0006104298792389486,0.005414888461261689,-0.00024748792877253025,0.0032128550164598722
2017-08-10,-0.0021933084800193144,-0.006487312492252822,0.0036858564681017405,-0.010264674630872451,0.0012893443251525882
2017-08-11,0.0011122328714383224,0.00011599771531038618,0.0017868260157002573,-6.114554054327244e-05,0.0008797631042281685
2017-08-14,0.0008811416360397065,0.003999544183398159,-0.0029544780157961773,0.006256576036270843,-0.0009588724618406508
2017-08-15,-0.0028128526351931657,-0.0013342500933085269,-0.00405544670457131,-0.0008331430781279343,-0.0028259660077391774
2017-08-16,0.004025274106624987,0.0032881085005573747,0.004212568319663039,0.0034693608786744794,0.0033849192959631786
2017-08-17,-0.0025586339887498405,-0.006272251622777058,0.002862327007751915,-0.00987437522063255,0.0009552930654915395
2017-08-18,-0.00030677836172610703,9.250831714717032e-05,-0.0006828874927154723,0.00026877758718859185,-0.00037163007526528854
2017-08-21,0.0015682657733589265,0.0009077904162719967,0.0021246019253952234,0.0006812529124201473,0.001577680518521672
2017-08-22,0.0011421560789856228,0.003529031593786004,-0.0020288314703693962,0.005493503682703667,-0.0006211876531415381
2017-08-23,0.001913068004448164,0.0008352086043094946,0.003681913405090817,-0.0003986520522072632,0.003221229685507645
2017-08-24,-0.0025294614609569287,-0.002366584301967175,-0.002650243916207226,-0.0023272615313001243,-0.0025070114247324393
2017-08-25,0.003291631192805094,0.003376916081220572,0.0028876080704066916,0.0037381172817398563,0.002792204882767154
2017-08-28,0.0031904842140782616,5.3737700446391105e-05,0.004693298818235373,0.00011590209884342984,0.001530233273648489
2017-08-29,-0.00015574376780874997,-5.1505751207043946e-05,0.0005883635508045846,-0.0008482460025004717,0.0010903601867546884
2017-08-30,0.0005299335515094254,0.000988779311603258,-0.0001117720858372637,0.0014005297838835774,0.00014129716708515387
2017-08-31,0.005911503703515567,0.004925591177752514,0.005486560177218181,0.005843641314655203,0.004040691607352415
2017-09-01,-0.0009902247327581918,-0.001065691577896059,-0.0022523983642586494,0.00023267264992921942,-0.0029785963691354735
2017-09-05,0.0033862404556739673,-0.00023881487741539387,0.008575097946827296,-0.0036500455493136104,0.006661270136372639
2017-09-06,-0.0005330967212633829,0.0014516423569279724,-0.0032189094305376917,0.0031357290288719177,-0.0020742098675405837
2017-09-07,0.006198575629893685,0.00492328820324486,0.0073013517741396606,0.004456437265674412,0.0062605571056489565
2017-09-08,-0.0011978573897921112,-0.001087504769104026,-0.0014479444754065443,-0.0008926687932428116,-0.0014350208482876079
2017-09-11,-0.0019625115073085724,0.002693751440414816,-0.00766032058042506,0.006020705089673054,-0.004654642829598893
2017-09-12,0.0005956201635431349,0.0006848169169816846,-0.0007957787628412088,0.002029623234981606,-0.0013804771864258983
2017-09-13,-0.00345833686349999,-0.0024352974455263588,-0.003983393145654452,-0.0024221739508730163,-0.0029663819628748265
2017-09-14,0.0020902812059044227,0.0013578323686722804,0.002779787399603099,0.0010338891314595013,0.0022096641885022343
2017-09-15,-0.0005013942381245936,0.0007246670327043478,-0.001321422404395535,0.0009306784867335,-0.000197461993775657
2017-09-18,-0.002497113616619956,-0.00032385585129560753,-0.004516435574666211,0.0006031705320379566,-0.0028035610634667566
2017-09-19,0.0009991163896728309,0.0011718292668871353,2.1811348286031727e-05,0.0020617431326626894,-0.00025099638614629844
2017-09-20,-0.001956057679692548,-0.000513623320208155,-0.0025238400024704946,-0.0006675294398321733,-0.0010035991992869656
2017-09-21,-0.0026477381688986695,-0.0016125780409879352,-0.002750543365954886,-0.0020272827328669646,-0.0015079677094237097
2017-09-22,0.002218320850021832,0.001601453271445593,0.0025905827540636016,0.0015374192095577311,0.0020059484101364903
2017-09-25,0.002378930918247041,-0.0004305180026505361,0.005355056526978386,-0.0020140156815017635,0.0033424219718504833
2017-09-26,-0.0030431995148916106,-0.0009922350104444807,-0.004102358509376459,-0.000960237518292843,-0.0020652388362680176
2017-09-27,-0.004564342093861885,-0.002209666593096813,-0.008019699568366666,5.3100650480871366e-05,-0.00679410565729673
2017-09-28,0.0005677857871009327,0.0005733349422511131,-0.00010472574266639419,0.0012426180664165357,-0.0004342077444705562
2017-09-29,0.0011423676219072673,0.0031133385068083702,-0.0006460828612306386,0.003911838515581855,0.0009282096098308785
2017-10-02,-0.0009112924550111329,0.0007540240867056132,-0.0022005386368980783,0.001208227212144026,-0.0007605470700684386
2017-10-03,0.0015338460972923124,0.001972683131226478,0.0009546334325561458,0.002332039078460003,0.0012138941591756155
2017-10-04,0.00042085657380950197,-0.0001933815550135348,0.0007599786850533483,-0.00022555668748123488,0.00016203060672743527
2017-10-05,-0.0008499010433825132,0.000758165154457545,-0.002615520603535225,0.0017155470644203371,-0.001484495225010381
2017-10-06,-0.0002455009597849962,-0.0013593691913277887,4.9478099319829965e-05,-0.0010975104418044783,-0.001194977854024195
2017-10-09,0.002245783857041162,0.0004667973828989439,0.003731103633997261,-0.0001321671472447069,0.002253662672538492
2017-10-10,0.003264935427176509,0.003940769402485396,0.0018973076794778405,0.004968208206507733,0.0020592474240148126
2017-10-11,0.0018757740704274594,0.001647486852280731,0.0017932823455176071,0.0018441313110604497,0.001466631445902887
2017-10-12,0.0007713676149834177,0.00036838572463724766,0.0017567896884960808,-0.00041669596653728843,0.001746128143526789
2017-10-13,0.0046983825059563515,0.0038199087252931566,0.0054708487205235275,0.0034858390109302195,0.004759917533364596
2017-10-16,-0.0015450637134905233,-8.477185424517005e-05,-0.0025343753124536946,0.0001729613298437572,-0.0012016580156108746
2017-10-17,-0.001575710958588954,-0.00040332296567634576,-0.001876052007984954,-0.0006892702575420938,-0.0005603261780847897
2017-10-18,-0.0016270092941350033,-0.0004945730086217911,-0.0033891200285465733,0.0006973852023061984,-0.0028522511226350042
2017-10-19,0.0014660387094986341,0.00017647269596028612,0.002465365189265134,-0.00017950787308366401,0.0013548528871113407
2017-10-20,-0.0032500059297374245,-0.0016031463514249392,-0.005804550490582452,0.00011970290554725829,-0.005018224544636608
2017-10-23,-0.000273898023890759,-0.001167473391485468,0.0010398017569431062,-0.002036601860265065,0.0005811106355595669
2017-10-24,-0.0018354700891135753,-0.0007631223031661789,-0.00350480583112643,0.0003665084300505128,-0.002996905362653592
2017-10-25,-0.002793400097031707,-0.003698442912847543,-0.002013410061699817,-0.004026771387506655,-0.0027537511581810373
2017-10-26,-0.0024127848857971802,-0.0006496756926165411,-0.003820427010782642,-0.00012641656544060207,-0.002316936791573646
2017-10-27,0.004866835976879274,0.005002689183668079,0.004597663392629173,0.005203846760552237,0.004632932126733061
2017-10-30,0.0025774326614538723,0.0020660756018578736,0.00419251731688456,0.0007036754979136721,0.004361391946490564
2017-10-31,0.00024214137465103678,0.001533230781881702,-0.0009690208372330198,0.002096811072967393,4.138167479416333e-05
2017-11-01,0.00225350894263177,0.0017993164211000088,0.0026950604633105397,0.001584591552508049,0.0023483662322351293
2017-11-02,0.0018092668785763134,0.002020337264958385,0.001855660932737973,0.0018684163304822483,0.0021426698183419565
2017-11-03,0.00013799806244072752,0.001254392306770496,-0.00023426768976140508,0.0010682705168912434,0.0009756245060220915
2017-11-06,0.003223246336290785,0.0018138533599868193,0.004097031673368186,0.0016436320794067168,0.002773895880969343
2017-11-07,-0.0006565214499315386,-0.00034704186716948485,5.070582982958366e-05,-0.0012093879381328938,0.0007905565090830097
2017-11-08,0.0010776767945110844,0.0008624370486475534,0.00042339572742212657,0.0016239863204630636,-0.00017322659618212226
2017-11-09,-0.0017628616780499327,-0.003523451448571855,-0.00030756785736107603,-0.0041014677822460675,-0.0017771329198253548
2017-11-10,-0.006141584432775166,-0.004829346246980843,-0.008387876345470764,-0.003245461587478025,-0.007867354614587055
2017-11-13,0.00011528042476005949,-0.00048245817414632156,0.0009235715191549271,-0.000992731037350254,0.0005811486798272021
2017-11-14,0.0013304277089626073,0.0006020535986955057,0.002785364618352338,-0.0004912808937309542,0.0026034746683066354
2017-11-15,0.0003310019706514915,-0.00041201821009216485,0.0029666098223854686,-0.002683994791970822,0.003356616097674258
2017-11-16,0.001334927370795733,0.003002809936543878,-0.0021361204001153723,0.0056253779866054536,-0.00178087485681549
2017-11-17,0.0028416203811754007,-0.0001905473069002176,0.0058287732527833045,-0.0016739660644606057,0.003544332570844219
2017-11-20,-0.002016946323633529,0.0008564785585820488,-0.003901363424947802,0.0012989712045820118,-0.0012442625683069643
2017-11-21,0.003994398380095862,0.005078746472630394,0.0024530192237345156,0.0060748925971966464,0.003039825420934372
2017-11-22,0.0032363617513800967,0.0015987088795694016,0.004348327254555038,0.0013037551786979488,0.0028597759883419818
2017-11-24,0.0009600077355831053,0.002489480212999027,-0.0011262582374687753,0.003805368446002363,-0.0002535617951298211
2017-11-27,-0.0007031040329802431,-0.002165445007681951,0.0005114922032057823,-0.002650970187589232,-0.0007066931479570122
2017-11-28,0.0033573883628232794,0.004946831259244419,0.001135191393574029,0.006367935198267513,0.002015276970758879
2017-11-29,-0.004600486242850252,-0.0037785495920902566,-0.005813084240858448,-0.002978801519850539,-0.005390749899563264
2017-11-30,-0.0006650628384691248,0.0018110225403798266,-0.0033454088556697033,0.003243622092186454,-0.0015816766837306604
2017-12-01,0.002906751507547198,0.0015162879412811067,0.005810300477932072,-0.000702270195017326,0.005528093663696617
2017-12-04,-0.0015291205940079612,-0.0013194941096334107,-0.001129908895176392,-0.00182363112363302,-0.000668493376309261
2017-12-05,-0.0013637785789814545,-0.0005136292034278165,-0.0006194018696056666,-0.001683227996506227,0.0008139677176753664
2017-12-06,6.599611031785131e-05,0.0002757457174482165,0.0006132420133574758,-0.00037661169240460745,0.0011487177673669545
2017-12-07,-0.0032783095707911818,-5.044690094725402e-05,-0.006406628807814176,0.0014504622026000917,-0.003922316330589916
2017-12-08,0.0020770972566979025,0.0031678312773330197,0.000426971586199887,0.004269122518268049,0.0009674957932494355
2017-12-11,-0.00011374145804383965,0.0012605318361628346,-0.0016261157507541579,0.002082684881888401,-0.0006617158645398414
2017-12-12,0.000666735891999068,0.0007296519399867257,0.00024983865146958184,0.001114904813874898,0.0001200184768947421
2017-12-13,0.004509171532814772,0.003148350058332971,0.005860396068246542,0.002475018206014208,0.004837454447017225
2017-12-14,-0.0014005321894170898,-0.001948636956074803,0.0002755593043482473,-0.0033539130086357558,0.00042909517065399457
2017-12-15,0.0028446063414064577,0.003234363964392707,0.002242070142158743,0.0036415601942493764,0.0024282796087573594
2017-12-18,0.0024566983117734306,0.0033390193572639484,-0.0008304179911626991,0.006172859676408423,-0.0013698048923556745
2017-12-19,-0.00450037346219822,-0.00538534318198043,-0.0049217998390601704,-0.004521325217229237,-0.006239614260821009
2017-12-20,-0.002640446329146538,-0.0034258652139809603,-0.0033387470702450827,-0.0023349912614978536,-0.004670980102232201
2017-12-21,0.0027444128709922617,0.0030221497227819433,0.0027147377968676292,0.002912961011900388,0.003047074393936345
2017-12-22,0.001884892617769682,0.0010760059964738024,0.002234462989770659,0.0011306970245632958,0.001398522126201424
2017-12-26,0.0018394918292847836,0.00032365664549450785,0.0031191671234194144,-0.0002004252584230374,0.0018668744888769159
2017-12-27,0.004459894430552061,0.00394903872989214,0.006079947319192367,0.0025814026678467584,0.006251930054897397
2017-12-28,0.0011821119221282655,0.000412436930739333,0.001163079743218081,0.0008163876171608523,0.00019134969812396535
2017-12-29,0.0012704035555341684,-0.00030538057942480415,0.0025888087526211483,-0.0008383646287968893,0.001281136462089874
2018-01-02,0.0029161439884094315,0.0019656256760756568,0.0006969529939788714,0.004656326047100323,-0.0016067478910506733
2018-01-03,0.002593725991086103,0.004190611900204193,0.0012075542630742243,0.004775636133891298,0.002513607641058312
2018-01-04,0.003927045572508716,0.004433944195181082,0.0020637740773310573,0.006039862243834407,0.0017661914811372668
2018-01-05,0.0014857657516408709,0.0028867714513211556,-0.000762083114915703,0.004427751992592829,-0.0001310426399570127
2018-01-08,0.000144479514189327,0.0003556709608231544,-0.00023159615720953953,0.0006259754147974059,-0.00015555575120437286
2018-01-09,-0.003514723144388501,-0.002264291192151689,-0.0060841241557455525,-0.00032809587850431653,-0.005802474857409082
2018-01-10,-0.0004885781494777176,-0.0013341652646735004,0.00017675904513880957,-0.0015773440741325684,-0.0005467791063124968
2018-01-11,0.004422576444331054,0.005193348284910276,0.003068006835615713,0.00616025288392196,0.003355364487982967
2018-01-12,0.006036875682925442,0.0052829441823887754,0.004907507008403211,0.006788500637042013,0.0033982415742021643
2018-01-16,0.00030247951777965056,-0.0004877313904946584,0.0016008217139055147,-0.001393091945577044,0.0012634223078703461
2018-01-17,0.0008554841848043755,0.003952051379525417,-0.0024295331304435733,0.005674166469804772,-0.00018779302431743596
2018-01-18,-0.0032652405858510994,-0.00307883584556806,-0.0042535697486942746,-0.0021847725179575408,-0.0045147546497541925
2018-01-19,0.0013757695788248767,0.0014667451511363428,-0.0003874472769046687,0.0031812917996281126,-0.0011562034760647104
2018-01-22,0.0031119394844324132,0.004060611496194495,0.0013843408814743427,0.00531018979598492,0.0017081966322900404
2018-01-23,0.003428783055731859,0.0029845652435913934,0.003771832690572364,0.002863455223958223,0.003388296008265476
2018-01-24,0.001396318784320261,-0.0009147503634369552,0.0017844637077388409,-0.00014729257409174602,-0.0009095080545668104
2018-01-25,0.00014155405984314854,0.0011348529260348807,0.0010646807705285456,-0.0002851937318862519,0.002765677856926582
2018-01-26,0.0031387508005815824,0.005023493724365215,-0.00040642721155494766,0.0076108972021349305,0.0001841886552219418
2018-01-29,-0.006101176137470909,-0.0065878395520007176,-0.0051170112053476055,-0.007329852539163907,-0.005232760513852396
2018-01-30,-0.0061670990124987925,-0.0072085996614992265,-0.004486449702529686,-0.008372069805120431,-0.004945949424734508
2018-01-31,0.0025992295553463763,0.0012186491749063013,0.004002213381336857,0.0005032521514471217,0.002980574764153608
2018-02-01,-0.00250235781937414,-0.002977676089059877,-0.0042178287295584396,-0.0010270489538048264,-0.005672384199210006
2018-02-02,-0.013498904252469883,-0.015064400524278555,-0.009742420247964994,-0.018054951485964955,-0.009815712291072875
2018-02-05,-0.013487871441993714,-0.02245164921874872,0.0006483138843827986,-0.03236333251005598,-0.003339335584383839
2018-02-06,0.003715663435858229,0.009595887618812454,-0.0039745654445378885,0.014269285582360243,-0.00041201249868312253
2018-02-07,-0.0065183268673445465,-0.007185795416633178,-0.005752095172903342,-0.007619080720430945,-0.0062026460145187074
2018-02-08,-0.012986218426269323,-0.01972597679137789,-0.003544877881266313,-0.025914022712808175,-0.007170458310963595
2018-02-09,0.0020679275419011717,0.004362622945505997,-0.0018115925666516448,0.0070760356161719586,-0.0008727359224977461
2018-02-12,0.007677082774936272,0.009601934741160554,0.004292381355840455,0.012010014668778117,0.005013450897229465
2018-02-13,0.0021509671475053276,0.001054961451560202,0.0031377905357256935,0.0006147746987018477,0.002262669970114729
2018-02-14,0.006655543747288464,0.006327164713563056,0.0023139182945356705,0.010814933141763218,-0.00027715974085182967
2018-02-15,0.004982451138186481,0.006657045127052291,0.0026928542565444087,0.0081025547547399,0.003646088102203244
2018-02-16,0.001698615993829212,0.0027886089492799673,0.0014537201652808688,0.002488463433043769,0.0026940556304187735
2018-02-20,-0.006881662580918234,-0.005729902000075139,-0.006448249365744821,-0.00673896785865625,-0.004793054374247318
2018-02-21,-0.0060397894296266574,-0.006127258982543356,-0.006539177397255953,-0.005584362721685966,-0.006898385018128129
2018-02-22,0.0029255854962834723,0.002554421461513024,0.0027748546886690348,0.0028907567571060514,0.0022353992476937526
2018-02-23,0.006874311319881824,0.009539300551044464,0.004253978762072038,0.010817700150791452,0.006284463008436288
2018-02-26,0.004880667117691895,0.00647179113632387,0.0021074358917091305,0.008439910127306903,0.0027147272638674102
2018-02-27,-0.008365958220236771,-0.0090463718819217,-0.005606536526995674,-0.011474107032210419,-0.005076752780856653
2018-02-28,-0.0025048357070537207,-0.004358337731252634,0.0013838208818349768,-0.007338619537899682,0.0010185589896198803
2018-03-01,-0.004914027987032199,-0.0074806651995403175,0.0001439757936522789,-0.011286781095373802,-0.000521645792325126
2018-03-02,0.0011489397731434018,0.001084659566328882,-0.0008010498916731333,0.003063057280546576,-0.0018580589005540286
2018-03-05,0.002371205853797755,0.004380488673457454,-0.0006419873784200778,0.0063774795239735765,0.00037034676341111175
2018-03-06,0.0040510752300193485,0.0027379268377364673,0.003982800787261332,0.0034630311830159788,0.002306788440025197
2018-03-07,-0.0016840523802160738,-0.0004747728665070131,-0.002345827168979362,-0.00041829243480738043,-0.0011640076893322277
2018-03-08,0.0023528287394271445,0.0035070955565666227,0.0018307266300250128,0.0034516572637242095,0.003013328354138805
2018-03-09,0.0032380889895153703,0.005408095890277525,-0.001062483838648404,0.008601201897052156,-0.0004904072955048531
2018-03-12,0.0012960392634456383,0.0013114520351208115,0.0019049215145236368,0.0006944971609899705,0.002228472012206666
2018-03-13,-0.0009899311384404124,-0.002698835090635346,0.0018227017458984538,-0.004666997619702256,0.001098468947030699
2018-03-14,0.0014006230162530013,0.0012426282632140365,0.0028119813098383636,-9.183601155411504e-05,0.003319834403295296
2018-03-15,-0.0015585091627248573,-0.00043611531135311825,-0.001958886408729842,-0.0005971623134511475,-0.0007554973577739111
2018-03-16,-0.001244740782105436,-0.0007318573004581522,-0.001947814547895345,-0.000285866467277504,-0.001657797293129688
2018-03-19,-0.004707982532827658,-0.007301756934333328,-0.0016846622388882642,-0.009040456030694135,-0.0034050059156188247
2018-03-20,-0.0016972996688374381,-0.0006371693475926811,-0.002953027432827301,8.63944992798851e-05,-0.0022539985260584153
2018-03-21,0.003535623097009359,-2.396809020091775e-05,0.00548417399285298,-0.00019842201141248672,0.002018569594110452
2018-03-22,-0.007143030481490757,-0.010726662720360302,0.00017960528046053034,-0.016323160393783738,-0.0006116620161149344
2018-03-23,-0.004041440065365909,-0.009905490899232419,0.002036999168924269,-0.013102766015786312,-0.0022063128497740903
2018-03-26,0.009263337561758386,0.012723410718834177,0.0025852324902990377,0.017617235528920475,0.0035961076342565113
2018-03-27,-0.0034579511186186972,-0.004701634574920427,0.000997288703559162,-0.008557566441103916,0.0016729937756669515
2018-03-28,-0.0015153832783856309,0.0015483195038580567,-0.0030328533075352168,0.0015304929391505215,4.442160782422449e-05
2018-03-29,0.006335454163387688,0.008577079919474003,0.0036421039188085248,0.010140004145818763,0.005105283263777943
2018-04-02,-0.0048620320733784505,-0.010938082219729675,0.0019502915154653458,-0.014775401940933698,-0.0021842854244946896
2018-04-03,0.0005419498096729057,0.003951909496674826,-0.003966990726954506,0.006729448330045332,-0.001939587178818142
2018-04-04,0.002893879559724116,0.0041514233105838004,0.0005981734796354397,0.005811858472832795,0.0010254441657966706
2018-04-05,-2.9832243606763524e-05,0.002380638889975806,-0.003514019515183049,0.004644042031044113,-0.002232720303877206
2018-04-06,-0.002146034576565922,-0.005958835729842457,0.003925167738106984,-0.010170585582252548,0.0022219887595426873
2018-04-09,0.0036283201892812144,0.004173614683288102,0.0023798818598391863,0.0051475465318614085,0.0024379269130880435
2018-04-10,0.005387321636892279,0.007620167909582119,0.0013006122650427178,0.01056990940292019,0.0020584079011888943
2018-04-11,0.0006130285758959868,-0.001857584813378979,0.0031934629784977813,-0.003211825418033957,0.0014039107098170395
2018-04-12,-0.0017986531437437848,0.00174881757789439,-0.005765296102770816,0.0039206319647942045,-0.003295739498533409
2018-04-13,0.0014715854886945094,-1.771893249617456e-05,0.0026539469814076365,-0.0004574326074265564,0.0013859280095064345
2018-04-16,0.0023197691485681627,0.0030036784415190558,0.00106263727893088,0.0039169066616760295,0.0012899050202197558
2018-04-17,0.00383535214711517,0.005167662520119071,0.0019462564285925301,0.006386008103400474,0.002670202739629817
2018-04-18,-0.0008532264983138564,-0.00043362047611029286,-0.002722720928758106,0.0012222133344561787,-0.003132827249780142
2018-04-19,-0.004367455738591596,-0.004903589441489609,-0.004234005408410544,-0.004768990582443246,-0.004837364787079653
2018-04-20,-0.005901524019792422,-0.005567489993584808,-0.005872792189366517,-0.005763220916404009,-0.005440919472340309
2018-04-23,-0.0019839274462435334,-0.0005585319200806925,-0.0025471694881405607,-0.0007084518177442927,-0.0010459777783878813
2018-04-24,-0.0037567868179726053,-0.006514649196646383,-0.0011939406742710078,-0.007707746114774364,-0.003350248616219599
2018-04-25,-0.0027333912403477855,-0.0013444904341202964,-0.004320952066089463,-0.00045475509917042653,-0.0033757172444582196
2018-04-26,0.004079154111343707,0.006293666605294362,0.00231772514388788,0.00694340994220919,0.004210535559786711
2018-04-27,0.003041763377210863,0.0024003361631957875,0.004048817192301572,0.001712708739412976,0.003751326244550081
2018-04-30,-0.0033461175783522324,-0.0030356457622176193,-0.002161316507062541,-0.004376891860284774,-0.0011820559897493205
2018-05-01,-0.0025852185018940986,-0.0013094582752183623,-0.0035306683423905892,-0.0010031803633447677,-0.0024070210017747415
2018-05-02,-0.0017669116218662529,-0.0023956358463348855,-0.0008373424197154661,-0.0030119510568132387,-0.0011577533916721388
2018-05-03,0.00229248765842231,0.0013516645509803263,0.0032462467472827617,0.0008670678323439677,0.002548300187966779
2018-05-04,0.004205681038931265,0.005461523627948863,0.0021187072099717436,0.006915120548438532,0.002648061521299478
2018-05-07,0.00028438554305888015,0.0005611432358118349,-0.0003860606686703225,0.0010926782961744388,-0.00037516919256426115
2018-05-08,-0.0003598080872697869,-0.00038190972817452187,-0.0005648035791520855,-0.00016590310464676176,-0.0006949527104004374
2018-05-09,0.0005797094588964459,0.002205206070907138,-0.002158515732212587,0.004121319443811438,-0.0014906286611112874
2018-05-10,0.00657889109247272,0.006794169060024238,0.005923170980396156,0.007341755782581547,0.005864504644183508
2018-05-11,0.0013295997094760162,0.002125355101306474,0.0007216033923955548,0.0023349417531175246,0.0014129690584351034
2018-05-14,-0.001477007337651884,-0.00036703058556941903,-0.0029506004999120504,0.0005487439012080523,-0.002297864829124929
2018-05-15,-0.00925550425091857,-0.007420275151429837,-0.010349641032358262,-0.007245530089468028,-0.008599884160949816
2018-05-16,-0.0001743813417232012,0.0007013940828825492,-0.001677323983542935,0.0017636327981923312,-0.0013325736864671248
2018-05-17,-0.0010226210156332864,-0.001067219206542093,-0.0017094323613089622,-0.00035856460336793766,-0.0021088205294501196
2018-05-18,0.0010935330089501488,0.0004010145083678699,0.0031644474686668214,-0.0013285976491980804,0.003335260429298464
2018-05-21,0.0029614978656736122,0.004207665556538133,0.0010357645185909293,0.005505611415106734,0.0016334765677485687
2018-05-22,-0.0012462991500715825,-0.0015445361218859592,-0.000838323125445702,-0.001803609928835822,-0.0010069795315382085
2018-05-23,0.0006340384836205426,-0.00036864634095014424,0.002923136448410068,-0.0021626797915356415,0.0028165072098069437
2018-05-24,0.0028500101897440673,0.0006387321862177592,0.0055194041822761285,-0.0009345195791968951,0.004097627924681742
2018-05-25,-0.0007401695034987502,-0.0010276266209416338,0.0011448389657571514,-0.002772727868816572,0.0017276923836320266
2018-05-29,-0.0007173455281470864,-0.0038844268514954005,0.006881295478394091,-0.009968626617492619,0.0067435393706656716
2018-05-30,0.004127327920385545,0.006666744883006067,-0.0009101084881820133,0.010403682147678126,-0.0002410492504456411
2018-05-31,-0.00349605056095852,-0.00433857334249584,-0.0020446499532941515,-0.0053713462079294245,-0.0023707123412573263
2018-06-01,0.0015397359958179938,0.004439758116731135,-0.002485807231885443,0.006994399449528381,-0.0008590270559644274
2018-06-04,-0.000630885898366854,0.00030671745365788103,-0.0028037698773050704,0.002005183111956192,-0.0027162925118659653
2018-06-05,0.0013673908898621577,0.0005655926774910348,0.002095478577846363,0.00023766174893498818,0.0014580699180455731
2018-06-06,0.001434218804385626,0.003014269502485778,-0.002093139434821968,0.005736743891866136,-0.0018763471611203538
2018-06-07,0.0010488860558396994,0.000534323117536863,0.0031008193204419767,-0.0012650442241940558,0.0034839405663119917
2018-06-08,0.00021586289538289517,0.00039937582878208885,-0.0007458293811399911,0.0012683037703187577,-0.0009973054777735072
2018-06-11,0.0013172416251271968,0.0017271663650815163,5.6548549601886017e-05,0.002781072822407733,-6.104491608410341e-05
2018-06-12,-0.0014934891404001132,-0.0012948092151114788,-0.0010715726467659511,-0.0018161968861350067,-0.000612494481493071
2018-06-13,-0.00019917703194454858,-0.0010581528193230113,0.00034101546784241884,-0.0011692893554501255,-0.00046196262861504636
2018-06-14,0.002630563656441614,0.002399829079734475,0.0037511393163412077,0.0013932407689450158,0.004023014406428579
2018-06-15,-0.004252393723900644,-0.0015352538340259593,-0.004883027101910184,-0.0022635209425958818,-0.0018000118028527197
2018-06-18,-0.002432458337365749,-0.0030076374633007763,-0.0012632766506751616,-0.0038908936544360373,-0.0013969636556686188
2018-06-19,-0.0017389716082293425,-0.002527430546698858,0.0006403694047397982,-0.00451908051658694,0.0008457606950613087
2018-06-20,-0.0025171066702619387,-0.001365860673441152,-0.004418087197867016,-4.503548170935271e-05,-0.00392697611346087
2018-06-21,-0.001912979071918161,-0.0029007213324036144,0.0004696879112238285,-0.004796266845765282,0.0004284710233619054
2018-06-22,0.003122874937929911,0.0038732026995018437,0.0016001586462033946,0.005017940378025516,0.001777896197980598
2018-06-25,-0.00597228044784723,-0.008009285881344967,-0.002007007604776121,-0.010975386147029314,-0.0025620496743554507
2018-06-26,0.0003504222580720138,0.0017992520819923158,-0.0004729594267602839,0.0018972081094094347,0.0009280410616171698
2018-06-27,-0.0024412917455053514,-0.003073192697536922,0.0007685511080784649,-0.0059783904981371375,0.0015834712114835491
2018-06-28,0.0013941436507307174,0.0029838177672503554,-0.0003723249701116535,0.003951249958419162,0.0007352355160691457
2018-06-29,0.0018248206570674285,0.0019059017825350723,0.0007177465814691722,0.0029711670523828847,0.00026526846051638483
2018-07-02,-0.003949695528843804,-0.0027343555882224212,-0.003934040066580525,-0.003357487120932313,-0.0024073037926928623
2018-07-03,0.003301074633879233,0.0011766355508893152,0.005203669313737236,0.0003311710416419681,0.0035049324214331753
2018-07-05,0.005118806193733626,0.00628564708796507,0.0030737453895702165,0.007742094413513687,0.0035124624734725537
2018-07-06,0.003273216426410445,0.004953999089331019,0.001495466422897017,0.005887066069953644,0.002711547569310553
2018-07-09,0.002703544276900413,0.004058132636157459,-0.0005572180822127158,0.006629034410421492,-0.0004903457492973922
2018-07-10,7.323462220431327e-05,0.0007469193071275634,-0.0006520479698933286,0.0011346465941304631,-0.0001719353100962178
2018-07-11,-0.0060511452950609435,-0.006237709871948565,-0.0031674054075608955,-0.00903677330252811,-0.0019608531280279665
2018-07-12,0.004316794098858297,0.005112388382150185,0.0024052912363461223,0.006621768134611058,0.002445417073481123
2018-07-13,0.0006068649826842883,0.0018821486401393497,-8.065820591533514e-05,0.0019313229882364368,0.0011708970104852506
2018-07-16,-0.0013725772742838897,-0.0013771423016683245,-0.0017925924573357853,-0.0009550199829244374,-0.002008376106272226
2018-07-17,-0.001401938429618006,0.0013646004260396232,-0.0036222322065679094,0.0021946016354164343,-0.0012657322582873875
2018-07-18,-0.00041403490520031745,-0.0002684176116419126,-0.0011144573384935044,0.0003586576339114756,-0.0012826429577761393
2018-07-19,-0.0004628527412494755,-0.00018879256119199987,0.0007700859915751752,-0.0015601047473808262,0.0017279166140384515
2018-07-20,-0.0007952340288344056,-0.0017125540641537637,-0.002142305967122852,9.208751612994701e-05,-0.00396562626398142
2018-07-23,-0.003750671583301838,-0.002595466506078938,-0.006110780387239811,-0.0008197088254647323,-0.005844009262353547
2018-07-24,0.0031499660051001756,0.004134974007667079,0.0020862968537059445,0.004704607220979779,0.0027871113003121997
2018-07-25,0.004118092173686274,0.004673603497721179,0.002035238505358724,0.00647383409189177,0.0016886965910064124
2018-07-26,-0.00355305029418658,-0.0027350289294582387,-0.003465179142076668,-0.0032317988961085404,-0.0023989589502121924
2018-07-27,-0.00032997234437196914,-0.0008939495340615191,0.0006548322084210537,-0.0015979746438500057,0.0004428906375480061
2018-07-30,-0.002388997720242294,-0.0026696378143435144,-0.002104602635703847,-0.002813823833909681,-0.0023130982056437004
2018-07-31,0.0031179323125525922,0.0031662618286185003,0.0030882829024932645,0.00317174517711234,0.003133872084678554
2018-08-01,-0.004575484115042217,-0.003738338247769632,-0.005281552144278247,-0.0034515489591589983,-0.004587341953543782
2018-08-02,-0.0010128668683748645,-8.445025973152949e-05,-0.0011465702512028228,-0.00041492736453193946,-5.2809887051987306e-05
2018-08-03,0.0032199736284573097,0.0030702254313199665,0.003460872461051002,0.002904127410525942,0.003394178998597614
2018-08-06,-0.000877175241313554,0.00010026914856105157,-0.0011915703793815495,-7.419087631176648e-05,-0.00012657279006964285
2018-08-07,0.00117702180712062,0.001781676526721411,-0.0008847291673487072,0.0035362823679033185,-0.0011590983866717095
2018-08-08,0.00047838601385646163,-0.00022117818587469589,0.0010699990998628362,-0.00046350533097902003,0.0004919186554240242
2018-08-09,0.000833501232031518,0.0007108580811593314,0.0022947174262429033,-0.0006912627359762132,0.0028715548870854356
2018-08-10,-0.0035604058974089818,-0.00616263216445921,0.0013598435253678704,-0.009811700016954701,0.0005810129029737089
2018-08-13,-0.004802513859040604,-0.0025136519582937777,-0.005360017321172176,-0.003100872713535669,-0.002776236095033716
2018-08-14,0.000816581996030645,0.0012507616836586678,-0.0003481598943618275,0.0021968298360499324,-0.00038739581062297913
2018-08-15,-0.006257186430559568,-0.005105325873120671,-0.00391404225587311,-0.008028383454898098,-0.0013099517238361594
2018-08-16,0.0029564322510442793,0.004625123893067257,0.0006581503651201339,0.006082227059898856,0.0015996538092741674
2018-08-17,0.00405562639882999,0.0031291232092584224,0.003777783324644065,0.0038703766615237763,0.002480086520876436
2018-08-20,0.004251103534200923,0.0040170695722468635,0.004470604310123594,0.003914518738841034,0.004287881937160368
2018-08-21,0.0014056946485493647,0.00165118553442249,3.1190138048247256e-05,0.002900897098478842,-0.0003492836165354858
2018-08-22,0.0021134551853385355,0.0020279865552620007,0.0022790516633857333,0.0019050908002183399,0.0022550292259406563
2018-08-23,-0.003409028798730224,-0.0023733805844382747,-0.00296765542835496,-0.003332410182402255,-0.0014535050435052334
2018-08-24,0.006513296327032508,0.0042429488804819875,0.00675103592506879,0.005140700809778151,0.00403215744017519
2018-08-27,0.0035202593667297546,0.004851496481180022,6.434932957727787e-05,0.007627818837215019,4.322322562478146e-06
2018-08-28,-0.003232625961748676,-0.001672131387290215,-0.004773505406025086,-0.0009147649892232785,-0.0035900882177385823
2018-08-29,0.0033183559141181066,0.0034939114613175577,0.002255762176782408,0.004467510246793845,0.0019438313085320701
2018-08-30,-0.0031731640102421023,-0.0035492375414729847,-0.0013642752221585154,-0.005173690957101348,-0.000929896825642737
2018-08-31,-0.002295571455978803,-0.0028599786342937846,-0.0014611199094858975,-0.003413119443492759,-0.001748831161811084
2018-09-04,-0.004380381929899237,-0.004343486395623209,-0.004101591484283872,-0.004640797038791667,-0.003916125478024036
2018-09-05,-0.002329722817862248,-0.004221739368994242,-0.0005028006431765278,-0.005107282589866022,-0.0019496917883242595
2018-09-06,0.00027104943405460767,-0.0007134397830915402,0.0018948039490540199,-0.0018482706405729631,0.0014779251854284156
2018-09-07,-0.005062940134682899,-0.005564710164161621,-0.004974646784958988,-0.005402116978317415,-0.005557671827620574
2018-09-10,0.002384822253877655,0.003324037714473505,0.0015787761032756708,0.003659559144910584,0.0023508104284212373
2018-09-11,-0.0008007019391096146,-0.0004552303724890089,-0.002375851579394259,0.0009444497650233509,-0.0027315153139222245
2018-09-12,0.0031499008787021776,0.0019111227309703371,0.0036351195126642388,0.002044948682831548,0.002330055481116131
2018-09-13,0.002331896864363911,0.0043521769627003935,0.00022984205499981808,0.0054380758505825,0.001709835664313737
2018-09-14,-0.002233707741850991,-0.0007281032564767679,-0.003860219523560896,0.00014202693110558734,-0.0027882229533804535
2018-09-17,9.433451946523525e-05,-0.0014256123226828697,0.0013277903998332357,-0.0019012684261123611,4.716837210759052e-05
2018-09-18,0.00035931738814207653,0.002249077498138909,-0.003449270008147991,0.005095202701093776,-0.0029838471129869015
2018-09-19,0.00013846623577597617,-0.00016957256354860968,-0.0009619920985253786,0.0010838765665168314,-0.0018983754971040833
2018-09-20,0.0059454804366819766,0.007294678264461496,0.0038297175666952296,0.008730179983106304,0.0044617263915517485
2018-09-21,-0.0013528650360938599,-1.347029767668951e-05,-0.0019630873430248577,-7.350154743395654e-05,-0.0005928430045703479
2018-09-24,-0.002311010489068642,-0.003063324540714767,-0.0014998007040666562,-0.003499270662481308,-0.0020337794821400712
2018-09-25,0.0007661140362632526,0.0008236146449111424,0.00021256041809033886,0.0013480962183300752,7.603613799476735e-06
2018-09-26,0.0003255845482986584,0.0011314408920611657,0.0011114058440181585,-5.752839764845721e-05,0.002510118333698128
2018-09-27,-0.001353107820318366,0.0004908744747624018,-0.0022158901955492815,0.0004305525348558124,-0.00034013213687110347
2018-09-28,-0.001125360370021521,-0.003225410291243167,0.0003833282730935122,-0.003687390032920169,-0.0014829913317736063
2018-10-01,-0.0008821641353004518,-5.6399452069545135e-05,-0.002546838209219566,0.0011920253785040946,-0.0023455360998428936
2018-10-02,0.0027058721133028474,-0.00012552277771155012,0.005363325508033348,-0.001377134716459375,0.003163011099070505
2018-10-03,-0.005410953663414938,-0.004708404328195853,-0.007897163513428607,-0.0025804434592470267,-0.008261199215858894
2018-10-04,-0.005872041355371783,-0.00798119401092705,-0.003817570499026156,-0.00898693531001619,-0.005420931474373305
2018-10-05,-0.003927677399079475,-0.005662472839433737,-0.0029780873025051077,-0.005746016452230864,-0.004669505276005107
2018-10-08,-0.003988028486156538,-0.0022765936923826004,-0.004710375964544553,-0.0024107363503482323,-0.002930592573354287
2018-10-09,0.0016451457740738814,0.001153449892361639,0.0034282663834134396,-0.00038741730722778177,0.003705619736333467
2018-10-10,-0.01087048864005977,-0.016802614851381865,-0.0028382357605421633,-0.021953560522845597,-0.006177826835537661
2018-10-11,0.0011638090700304287,-0.007501563319444565,0.010441479093886041,-0.01256480775627525,0.00435505281942116
2018-10-12,0.0018338698804245053,0.0044878726877378,-0.0015286791274676048,0.006508592186533591,0.00011895703890623162
2018-10-15,-0.0004507690176499421,-0.0025734488179101228,0.0012807314741214064,-0.003247891979903803,-0.0005018053493701584
2018-10-16,0.00787383972581304,0.012017567164936913,0.002254022622079545,0.015524714742149573,0.004652980802512881
2018-10-17,-0.0026800940561304814,-0.0032004741395465276,-0.0026780236283825637,-0.0029423212191508137,-0.003327503822257131
2018-10-18,-0.00603646016566205,-0.009305311102317273,-0.0014801768404865867,-0.012254186220129084,-0.0032696654001741223
2018-10-19,0.0005229112828810281,0.0008567039253054222,-0.0004387975366734382,0.001650446081071285,-0.0005021732788389557
2018-10-22,-0.0025285471057809373,-0.002865204879274638,-0.0016570188349940159,-0.003569297215558599,-0.0016418295014848803
2018-10-23,-0.0010353436141549725,-0.003763953394964174,0.002311908882573078,-0.005761801797148905,0.0005865185233584707
2018-10-24,-0.009184276433607448,-0.015542748467276792,0.0008272850402735228,-0.02250358054072435,-0.002039965338091449
2018-10-25,0.00464175454795463,0.008118469465580844,-0.0006544628904887137,0.011640804014185597,0.0010654986789641278
2018-10-26,-0.0025980080085041307,-0.005694709271482826,0.002225963071640551,-0.009000038216856769,0.0007848122524245152
2018-10-29,-0.0030417907053896377,-0.003047586723299622,-0.0025749399101295443,-0.003511758910758016,-0.002348836174659892
2018-10-30,0.0033134529492438295,0.006909862618103209,-0.0018680334308744289,0.010258805939572657,5.9642229063653275e-05
2018-10-31,0.0013443684862907586,0.0042486506380786234,-0.0024595849023096323,0.006581609521910301,-0.0007172168244832592
2018-11-01,0.007865994036828099,0.007615238643357007,0.006032663313974306,0.009570829199303285,0.004800418213043781
2018-11-02,-0.00401117158687785,-0.004525988835299549,-0.0048205049166109275,-0.003459660165793107,-0.005869762500152199
2018-11-05,0.0015759169256220659,0.0026222042731026685,0.000944244462607092,0.002730141001140083,0.0019371857815164112
2018-11-06,0.0014131063508957692,0.0030200183443815664,-0.0004872566075091836,0.004112121027853755,0.0005751724748383843
2018-11-07,0.007292859656476562,0.010727426969956542,0.0023554605155401984,0.013916342207046907,0.004200829168540109
2018-11-08,-0.0031137979081389045,-0.003833146909354756,-0.0017955993402095232,-0.004793821296883119,-0.0020346416611253058
2018-11-09,-0.003672198096005563,-0.0030058111663355835,-0.001545727724860891,-0.005469240214750484,0.0003460784439436832
2018-11-12,-0.006966419935011996,-0.00912200835940228,-0.0014872152659204689,-0.013558979551097926,-0.0014319822959550684
2018-11-13,0.0005546712507527472,0.0007493576899645517,0.000169255932062597,0.001037248543268723,0.00021998540588042661
2018-11-14,0.0005868617521950861,-0.0016720366889280845,0.0023881850240426395,-0.0023485635503253696,0.00047083865306266103
2018-11-15,0.0030918568319554963,0.004215073828140607,0.0012588687833481969,0.005482230782683981,0.0017488016598340424
2018-11-16,0.0036901310805782838,0.002578826037178323,0.004618639470175912,0.0022047449673679633,0.0036951807324795585
2018-11-19,-0.0044480721332673945,-0.007081360827029088,-0.00032816837904487946,-0.009906255491345103,-0.00154696187709192
2018-11-20,-0.0071727866867892336,-0.010775196730141634,-0.001796727122555335,-0.014387249531182722,-0.003588325231828257
2018-11-21,0.0038571036546766043,0.005258076937701896,0.0014560221352607808,0.00695148988074258,0.0020105418456381166
2018-11-23,-0.0026152356296241606,-0.003767353921354826,-0.0006584094454571424,-0.0051529222815037586,-0.0011175632468699579
2018-11-26,0.005413865926874076,0.008686684706655604,0.0004642193839005917,0.01196884242643296,0.002099980600969179
2018-11-27,-0.0010491575854133413,7.532062896453162e-05,-0.0014003109697414428,-0.00013592763113644545,-0.00016979359876538217
2018-11-28,0.007648582458101456,0.010633712837451783,0.002112887561484076,0.014639286775785116,0.0030946150115027495
2018-11-29,8.348813764069036e-05,-0.0012524451356973713,0.0019012457772309356,-0.0024065408313414566,0.001143240905374387
2018-11-30,0.0008151517533532466,0.0013950327183212033,0.000635711001425136,0.0012844908141619732,0.0012709722818385653
2018-12-03,0.008332455010191852,0.009374298765519809,0.006139302433889275,0.011040727034430315,0.006347345250200777
2018-12-04,-0.006310164643341056,-0.013294403786908096,0.004793798530467456,-0.021064267098384278,0.0017064948530238434
2018-12-06,-0.0012228586524864725,-0.0024488661234421953,0.0011402117112023133,-0.004205795919950114,0.0007923361119045342
2018-12-07,-0.0044149072242967375,-0.009403901086152041,0.001722405187136048,-0.013096956429460146,-0.001405874334178165
2018-12-10,-0.001042596806254262,-0.001002153643264772,7.185994266432896e-05,-0.002138052595099803,0.0006790921922332068
2018-12-11,0.00047324164028942587,0.0010547971568897546,-0.00015015000064025032,0.0013868838412444977,0.0002655798369673123
2018-12-12,0.0034245818953120284,0.0050165996265384635,8.53289376825492e-05,0.0075464021959600145,0.0004111272990532162
2018-12-13,-0.0012826087394552648,-0.0010529505064065115,-0.0013934576199736673,-0.001056949162224975,-0.0011617743875822263
2018-12-14,-0.006338420207164743,-0.00869121418860784,-0.0016414640253136698,-0.012238811667279753,-0.0022224316789361937
2018-12-17,-0.0027853867226649643,-0.007025594905453915,0.0029123567555055224,-0.010645821239872816,0.0004912101123723938
2018-12-18,0.0023423361979093447,0.0019104233062285025,0.0034061515876458617,0.0010612246674541173,0.003398575805040483
2018-12-19,-0.0035046609666338447,-0.004846824234360899,0.0011399654010343506,-0.008844955840317853,0.0017878741619641563
2018-12-20,-0.0019366566918313692,-0.007093865047147959,0.00222359461590477,-0.0087003626275136,-0.0021132125119243854
2018-12-21,-0.008497848232340345,-0.011385231033374852,-0.0033709258031998624,-0.015101299852343469,-0.004400146812770244
2018-12-24,-0.004529155058453894,-0.010683469102889713,0.003011266756309241,-0.015222758276799971,-0.0008518100134985162
2018-12-26,0.011569972445288196,0.019426229382217223,-0.0009924836026718557,0.027863978128520882,0.0026636094728618013
2018-12-27,0.004309727886681761,0.004011459559907655,0.003419046734345075,0.0050506260428648826,0.002600060506006522
2018-12-28,0.004032151852138974,0.0036247164746523175,0.00503821450604722,0.0028211738159425307,0.005032314396134822
2018-12-31,0.0036823730220581596,0.004418907851625771,0.0028959887266579373,0.004836185369788168,0.0034242346151886244
2019-01-02,0.0010835193915350915,0.000825999420305303,0.0019387896876334185,9.865501985914858e-05,0.002044653050850152
2019-01-03,-0.0016678064414292581,-0.0067932334075305216,0.00571044232671912,-0.011679448398593925,0.0030390088014356706
2019-01-04,0.00816178108090365,0.016045748123416977,-0.0036206429306866843,0.02371110800592975,0.00045615341914873877
2019-01-07,0.002030986837145226,0.0024724874438870905,0.00021407199421657217,0.004064981161094279,-0.00014227325820852896
2019-01-08,0.002020448473620436,0.0041753882210933515,-0.001016825913024954,0.006123318364674316,0.00016630994161571675
2019-01-09,0.004301507197939494,0.0046019818945685345,0.00249941432195355,0.006250336998364185,0.00197374474207543
2019-01-10,-0.0010703094172107492,0.0009169786983111545,-0.003635700908608545,0.002480116083767889,-0.0024278058272075988
2019-01-11,-5.1719005147280325e-05,-0.001127489865022949,0.0017451563822456113,-0.0023905388615745333,0.0013011110781747776
2019-01-14,-0.0025717659871973015,-0.004062315054727669,-0.0013299924317845553,-0.004561007467679779,-0.0025697471148387364
2019-01-15,0.002355550271031403,0.004390269014872021,-0.0007067259748378738,0.006423253292933523,0.00031306516301347475
2019-01-16,0.0020066134037622107,0.0018667048802169463,0.001761906390018112,0.002181325847676885,0.0014645774946950478
2019-01-17,0.001847099185666419,0.003210807319728913,9.579224957411649e-06,0.004362085911503495,0.0007985985777636745
2019-01-18,0.0017217514559751902,0.005844965697430555,-0.003304512755994917,0.008776326201020281,-0.0006368504035596718
2019-01-22,-0.003526206572896405,-0.007133447002222698,0.0019117778907147304,-0.010805806902161763,0.00014531315930320617
2019-01-23,0.0010573575017378493,0.0019430972989020342,6.906755199494592e-05,0.00248720262813171,0.0006832501298195112
2019-01-24,0.001762484096840372,0.0022879169383901127,0.0021109040876168862,0.0016767851815039307,0.0029414734916916613
2019-01-25,0.005833122780939457,0.004903778018437718,0.0037952787556667423,0.0074032020643081085,0.0016094206304211314
2019-01-28,-0.002255179293821213,-0.004282270606821953,-7.772980746845472e-05,-0.00545262661112514,-0.0015170167149473849
2019-01-29,0.002858998428294325,0.0018447600586625227,0.004029779523060866,0.0011792596282769032,0.0033489232306136724
2019-01-30,0.006780808366793177,0.008303025405612022,0.0035019224086913128,0.010807893146724545,0.003770226936975246
2019-01-31,0.004167579126328674,0.004949129813266933,0.004052799199575598,0.0046731527308709175,0.004972415370617716
2019-02-01,-0.0019192823384464597,-0.001464949500432445,-0.003012603639984698,-0.0006002108209596744,-0.002990896999222322
2019-02-04,0.00023170232497387894,0.002176964424057109,-0.0023555163247458806,0.0037828419169194795,-0.0012112060067602036
2019-02-05,0.0042972494728508795,0.0050008475029346645,0.0033960412223253238,0.005549190558421195,0.0038257419206855743
2019-02-06,-0.0026247892507155917,-0.0018997216544018405,-0.0023639350717417356,-0.0025230173733495937,-0.0013276354602958726
2019-02-07,-0.0027282306394774873,-0.005538836391047064,0.0016941810620065352,-0.00858085874823135,0.000406832781503166
2019-02-08,0.0016749237442035556,0.0007238275250941181,0.0029914577658783485,-0.0001194081751603331,0.0024624100569255072
2019-02-11,-0.0020628371642518067,-0.0011235795972237227,-0.002984399906817615,-0.0006728160535640232,-0.0022699424506839364
2019-02-12,0.004850373885812299,0.0068740997978856645,0.0011517202576804054,0.009544050877297445,0.0018403339909529818
2019-02-13,-0.0012682225647952866,-0.0001586906893997282,-0.002698586417152931,0.0007142262706782659,-0.002024836237066078
2019-02-14,0.0021753485048885426,0.0008691201368105783,0.0037336965850590645,-3.935288383412842e-05,0.0028827231308046785
2019-02-15,0.006738438757700764,0.008088832572280397,0.0037511889858212626,0.010390208307812626,0.0039494972105300116
2019-02-19,0.004753124321318214,0.0022667734027068194,0.005755641773425441,0.002505949920297111,0.003152295754369931
2019-02-20,0.00012470432663029383,0.0009843890024019654,-0.0010957685947247558,0.0017731005771759465,-0.000630105253032812
2019-02-21,-0.005644470035508772,-0.003941362361419802,-0.007052004612006644,-0.003388193485770203,-0.005623588467921087
2019-02-22,0.0042630797647309005,0.004470852332946549,0.004078966355172515,0.004551031841491873,0.004246677630668459
2019-02-25,3.3500805113988066e-05,0.0006848576853181436,-0.0010613708801897154,0.0014525505391801933,-0.000793788778590561
2019-02-26,0.002361979747377403,0.0024349035430065737,0.0025237053626314824,0.0022366964335214677,0.002695690168472028
2019-02-27,-0.005029755205886602,-0.00406092348571648,-0.006413754769744844,-0.003163804302830231,-0.0058930646809809825
2019-02-28,-0.002909467879797338,-0.00215838048269194,-0.00342972099328593,-0.00201406629922493,-0.0027504453151651503
2019-03-01,-0.003117167674409564,0.001521923110420517,-0.007778381979221871,0.0038339191649289835,-0.0042810612609841606
2019-03-04,-0.00022448495606486985,-0.0004548413129498569,0.0015505683566674636,-0.002118071225320722,0.002149726566919679
2019-03-05,0.0007650094453996724,0.00047833278004202234,0.001206236467717176,0.00018019630948525763,0.0010686554342964696
2019-03-06,-0.00092256316490717,-0.0016303129304029035,0.0008354209547984662,-0.0030380792564924457,0.000830819967487802
2019-03-07,-0.0024695263227459668,-0.004391544712911084,0.001498891969890189,-0.007418139675853782,0.0010883755480812854
2019-03-08,0.0029165571849414074,0.0005456274880971132,0.004834336085572972,-0.00019194886393539937,0.0028358308699728135
2019-03-11,0.003094482794797741,0.006380616433510802,-0.0011639192215491118,0.008972291906586206,0.000832327850738963
2019-03-12,0.00356511644369547,0.002650216472200027,0.004614071419223333,0.00205723404996615,0.003996179531814464
2019-03-13,0.004002289773160951,0.004143884066971707,0.002161221968754682,0.005910643944509137,0.0014168947984169128
2019-03-14,-0.0041607032975155694,-0.0018947380471015876,-0.0061210237352597695,-0.0010728082469448064,-0.004262640777415854
2019-03-15,0.005867748261730396,0.006520949052905926,0.004885011142239378,0.007175853796652347,0.005210918725750565
2019-03-18,0.001381822916546392,0.001977530110390966,0.0002977301655155411,0.0027623172616748053,0.0005010329610379594
2019-03-19,0.00045596968976997467,0.00013269420980689792,0.0001108813489718824,0.0006393700595218303,-0.00046602746610196225
2019-03-20,0.003578615201685051,0.0019754970644584534,0.006135589988417107,0.0002117902522807994,0.005415005669182061
2019-03-21,0.0018346522653948077,0.0037169661736910463,4.884386780567582e-05,0.004557200841483178,0.001513386695808194
2019-03-22,-0.003074761208958232,-0.007388895627416342,0.004939403235513027,-0.013325909925127959,0.0035914634047787435
2019-03-25,0.0023190400321501416,0.0008390010615080562,0.0033513596449403506,0.0005451428418040516,0.0020195938433573805
2019-03-26,0.0013370506659378426,0.0035431874095858936,-0.001040872940264513,0.004810396223837302,0.0005347961348341092
2019-03-27,0.0003799547647565657,0.0010067719471408218,0.0016152533909516344,-0.0005430261362451191,0.0030143416927737613
2019-03-28,-0.0018318878335745882,0.0011418720430627684,-0.0031055462865072743,0.0009262456544780732,-2.0069351342977702e-05
2019-03-29,0.0020938086935020734,0.002972845779442261,0.0004895244633139439,0.00413443502887821,0.0007877385141847231
2019-04-01,0.0003203715575632404,0.0035327243030031253,-0.005614403497884713,0.007818150833489515,-0.004545348128075636
2019-04-02,0.0014603881404049834,0.0007852764366871849,0.0020283858529352716,0.0005543768487774885,0.001469021849942222
2019-04-03,-0.0004722007083410647,0.0007854805871115544,-0.0031198644671168656,0.0027958514298573106,-0.002868220920962338
2019-04-04,0.0012788312108096432,0.0007983406737725973,0.001847672533905516,0.00046931293531193987,0.0015318350187203623
2019-04-05,0.0016693587191041197,0.002619041781646352,0.0006589038894335052,0.0031532687490604065,0.001342056116169197
2019-04-08,0.00036143768983415707,-0.00036043165958852044,0.00017443140142701303,0.00018760695375544088,-0.0008217562944459084
2019-04-09,-0.0005436254810062714,-0.0027572138055111262,0.0020954034564250974,-0.004298751461568664,0.0006555014573903808
2019-04-10,0.0029329999368707116,0.0030399802627402114,0.0025915236642981136,0.0033278329804654833,0.0025545339239495977
2019-04-11,-0.004443317755304323,-0.0021082023388465545,-0.006092193860080183,-0.0016308370731737628,-0.003992390719016614
2019-04-12,0.0007381704110870569,0.002306041996992348,-0.002328710117802523,0.0045775237769008,-0.001897196127100224
2019-04-15,4.61261945521101e-05,0.000401202139912287,0.00012524664677879252,0.00014456726288150624,0.0006085771032355907
2019-04-16,-0.0031079023018481494,-0.0011644583043787697,-0.005033614139698238,-0.00021556345067080365,-0.0035621265768175712
2019-04-17,-0.00023471146774199991,0.00018876870571657466,-0.0004565146322961361,0.0001987580657375008,-3.793636400142508e-05
2019-04-18,0.0017103399267315257,0.0016888343526395037,0.002244895281247047,0.0011647401881441735,0.0024852053444435946
2019-04-22,-0.0013360545995613176,-0.0014035127412811918,-0.0018360136511495634,-0.0008700570336427603,-0.0021704736027087835
2019-04-23,0.0024744245429098857,0.003943116443231027,0.0010705933646741486,0.004609874592012416,0.002207333170500164
2019-04-24,0.0009021704189391841,-0.0005671752653794702,0.003564615249343609,-0.002503748791034442,0.0030634881090386723
2019-04-25,-0.00036922133973799385,-0.0006481538692135342,-0.00027182477938311094,-0.0006060975119443963,-0.0005717569326233958
2019-04-26,0.004137596876463546,0.0036788303486322642,0.004044881227004637,0.004000968239413085,0.003424949338075666
2019-04-29,-0.001451612062248412,-2.825238018564448e-05,-0.00351316374229225,0.001316168807526942,-0.0027611449150271253
2019-04-30,0.0020095697154966907,0.0015209999153866362,0.002706246278876292,0.0010679820273874231,0.002444291072118093
2019-05-01,-0.002967911698984786,-0.002946567781412984,-0.0011988770683168267,-0.004729390414952829,-0.0002889227714853595
2019-05-02,-0.0028601191518376205,-0.0024432636166632797,-0.0034189712870778878,-0.0020932460519635684,-0.0031770353347773395
2019-05-03,0.00610709000165668,0.006938422332590411,0.00412838989841852,0.008496815091213049,0.004179715637593083
2019-05-06,-0.0019897228760341885,-0.0037908184299262704,0.0008447116819824398,-0.005734920022696415,1.660296077759888e-05
2019-05-07,-0.004319986530117323,-0.008380332925940617,0.0019631875559327928,-0.012683878359643958,5.969766386275702e-05
2019-05-08,-0.0015446123157040025,-0.001122605006845945,-0.002133513800266821,-0.0007451556669949956,-0.0019001472268398544
2019-05-09,-0.0001241361690578235,-0.0013719123578092094,0.0017302064586471864,-0.0026067773781023205,0.0011004606327614096
2019-05-10,0.002555554621448835,0.0033808720711701896,0.0008196124439041704,0.004700517902406934,0.0009847397326962573
2019-05-13,-0.005631338116743593,-0.012515963525467414,0.0035208451621914576,-0.018336389463271242,-0.00042982644515661303
2019-05-14,0.002972101239170724,0.005176561511023378,-0.00021293978080209747,0.007246373606453266,0.0009587293802438633
2019-05-15,0.0033544059972569684,0.004413164981126692,0.002665111714721272,0.004572380572312553,0.0036449282146583826
2019-05-16,0.0010983180446613354,0.00424851900574075,-0.002656678318740784,0.006409726716801716,-0.0005810640259408722
2019-05-17,-0.003451011390897224,-0.003300033572232589,-0.0020069746520794745,-0.004821535383717869,-0.0010974269316177876
2019-05-20,-0.002874597447968506,-0.0039446997960293165,-0.0015993820644274982,-0.004687032729728128,-0.0022976331901486753
2019-05-21,0.0022245862908928196,0.00419635408598205,-0.00044430398438872234,0.005870121702167763,0.0006925566610671449
2019-05-22,-6.994551959246565e-05,-0.0005448446743488805,0.001579236632770428,-0.0019596659221437864,0.0018106163067524556
2019-05-23,0.0002183057683586484,-0.003416925888302127,0.005518533533962766,-0.006935839130667548,0.0036480753595583572
2019-05-24,0.002955983614643715,0.003987988279587713,0.001314229606661876,0.0051103370774288875,0.0017853598074898324
2019-05-28,-0.002785760477259997,-0.003884197996191059,0.0005013499632447016,-0.006634593884354067,0.0007743799925447679
2019-05-29,-0.0019286982819482787,-0.003325454150288597,0.0004268525169244118,-0.004989595770396293,-0.00013753850795330153
2019-05-30,0.004902426299685231,0.004203104779127416,0.005719515434099477,0.003734783301041094,0.005254652509451634
2019-05-31,0.0016363631647885065,-0.0033079499722324093,0.008036214657782344,-0.007289786005876016,0.005095796194257863
2019-06-03,0.0052567464020171414,0.0026674612300794493,0.007162674658738353,0.0020508995372102616,0.004885876346265214
2019-06-04,0.0042854760007511455,0.007548243901933672,-0.0019250368103955525,0.012080332714800947,-0.000929880865496958
2019-06-05,0.0009018123043412631,0.001205149301097848,-0.0006845120571341317,0.002637064201624366,-0.0010985585650124079
2019-06-06,0.003363980706346686,0.0037626142707346067,0.002417560952194883,0.004508653872854961,0.0024429899508208812
2019-06-07,0.007918560760671515,0.009045405788519692,0.0062442058850959445,0.010152757087883438,0.006817874534901556
2019-06-10,-0.0029141902415874515,-0.00017527000951896365,-0.006244436926598267,0.0017708625537370733,-0.004474124526757173
2019-06-11,0.000812957563738579,0.0015345942969786095,1.2147615483249262e-05,0.001973721589817414,0.0005145504360333697
2019-06-12,-0.0004145431330055825,-0.0023858497135751575,0.0017019690598314855,-0.003522804778898133,0.0003016246964238891
2019-06-13,0.003415829283380884,0.0027311108612934534,0.003782736257597913,0.0027063613497380883,0.003110639086906723
2019-06-14,-0.0013783933364377473,-0.0021983046002764742,0.00013792208021672566,-0.0033075060968852698,-0.00012744672584016662
2019-06-17,0.0004941037216834238,0.0007828230287172125,0.0003350560444207835,0.000797473225585449,0.0006164949248781144
2019-06-18,0.007188082664916443,0.008494205241878888,0.004987457490155853,0.01003571783819823,0.005523108911654193
2019-06-19,0.003942135894683672,0.0036147647901529235,0.0037108855499658434,0.004009698458471225,0.003185867677753499
2019-06-20,0.009476780690551103,0.006274716583817039,0.009714909239394864,0.007638463633485151,0.005831200276841371
2019-06-21,-0.002482554557260554,-0.004360401290967035,-0.002361222493248147,-0.003542497865122813,-0.00464799414589641
2019-06-24,0.004979571533743628,0.002104878325983545,0.007248495884830635,0.0012659014645557082,0.004798599078727112
2019-06-25,-0.002126873444260029,-0.004105303612796546,0.0007729058390560197,-0.006026692757010139,-0.00024325995033973725
2019-06-26,-0.0035165680850685653,-0.0016527574169756093,-0.00534464855714845,-0.0007611827760188098,-0.003924331231754528
2019-06-27,0.0029603314032470578,0.0037495408159023275,0.0029519114425118845,0.003363430533335939,0.0039341283715385676
2019-06-28,0.002551701035164143,0.003127125056112569,0.0010342376566979197,0.004354183005694443,0.0009955088878183902
2019-07-01,-0.00155039597523717,0.0036404641655132094,-0.005645741154844803,0.005116479627829255,-0.0011754773043389619
2019-07-02,0.007305181217903273,0.003632143683939873,0.009505656820406688,0.003260965874986439,0.006025835614084859
2019-07-03,0.004960719294748875,0.006071908732784189,0.0038343348769855562,0.006640960702037724,0.00466180799498528
2019-07-05,-0.007538389137268431,-0.0061915262288478184,-0.009075130358099408,-0.0053313801677647085,-0.008157209205393494
2019-07-08,-0.003276803644685579,-0.0030639606630278537,-0.0022237461413377553,-0.0042244318484108345,-0.0014320060431222855
2019-07-09,-3.0319295032564015e-05,-0.001032465620870123,0.0007064343893269987,-0.0012689333873331815,-0.00017684772990491455
2019-07-10,0.003825603374173315,0.0014906919429418014,0.003701607898421394,0.0027829539698381377,0.0007195683975842081
2019-07-11,-0.004767956522154541,-0.0029019668305954116,-0.00758896234883745,-0.0010240771970568717,-0.006660627620625137
2019-07-12,0.0029202943449838465,0.0022841072788103577,0.0028500285361333327,0.0026725346243007334,0.002019512825088349
2019-07-15,0.0016724257841413505,0.00178876827702799,0.002216918398509667,0.0011858411741370067,0.002634360868444225
2019-07-16,-0.0039839781999055305,-0.003023973795944644,-0.00413294692387869,-0.003354985750612963,-0.0030073100439801954
2019-07-17,0.004340777649441578,0.00024428025216812057,0.008521008784542684,-0.0019117684277488284,0.005513412829801017
2019-07-18,0.004494830866778665,0.0023496825268713006,0.005066844343077348,0.0028498769877087302,0.0026728763340541535
2019-07-19,-0.005312742172677467,-0.0031831518447746733,-0.0059030831586052235,-0.003658015461446236,-0.0035347494974198143
2019-07-22,0.0012982177231911746,0.0016760676195886148,0.0010763630041055355,0.0017089241282460647,0.0014378644187436123
2019-07-23,0.00020499226429737173,0.0026443520393184834,-0.002977695259515937,0.004594142695164345,-0.0015099979129713868
2019-07-24,0.003242158738627075,0.002763101737187271,0.0035229917880609473,0.0027216796901993797,0.0030647738970111522
2019-07-25,-0.0056962145162134424,-0.005785031939901917,-0.004775641442615328,-0.006662084489287703,-0.004426542344023296
2019-07-26,0.002663256699473475,0.0032458790790637704,0.0017134062467826373,0.0039032831048726943,0.0019674055911405443
2019-07-29,0.0015484682704119679,0.0002512012296794268,0.002238243274569152,0.00020934611599780154,0.0009627837792073867
2019-07-30,-0.0016633828908786232,-0.0037377716400665492,0.0010060019519044256,-0.005379348716582938,-0.0002452610317288114
2019-07-31,-0.004526654243386449,-0.0036966259594999233,-0.0022873204393553475,-0.006354981173161428,-0.00013557859991920329
2019-08-01,0.008075038482180734,0.0021830523572959884,0.014845486012731042,-0.001703364682363906,0.010917794236420648
2019-08-02,-0.002081054697693921,-0.0029388984551369734,0.0009265019766711075,-0.005527809807099214,0.0013593014568401842
2019-08-05,-0.0037699060715526466,-0.01207792296138495,0.007939431446039572,-0.01981286949697058,0.003528634057360503
2019-08-06,0.007656943655558041,0.007992809153228317,0.006597236582650288,0.008883298110498213,0.0064874437681024895
2019-08-07,0.0038991373991588817,0.0013198781581297014,0.004719121577247752,0.0017886234686546728,0.001907716759884518
2019-08-08,0.0074495005680818,0.009349751660639557,0.0039003165031015427,0.011933355063905488,0.00450841221304201
2019-08-09,-0.004120021640895157,-0.004851661186205038,-0.0026919401576325354,-0.005916421860409414,-0.002891339217528145
2019-08-12,0.002898574758508645,-0.0010047887454155394,0.009229851477163344,-0.0054352949227646575,0.0075451111894589045
2019-08-13,0.0028248661307462633,0.006494298163759112,-0.0019953706591992037,0.00944959846713464,0.00020369251754944625
2019-08-14,-0.0050302499749065345,-0.01221624323365728,0.006840097822193159,-0.020673162691414376,0.003891160905314047
2019-08-15,0.005771275146762003,0.0051012057767891115,0.007014105077403031,0.0041915029378641385,0.006798844707461172
2019-08-16,0.002293271137485231,0.0062252398186081635,-0.00323214207833803,0.009745465137103396,-0.0010529492491252387
2019-08-19,-0.0020504925135581406,0.0021282273055887486,-0.007701227562568823,0.005648326475850597,-0.005273551953448757
2019-08-20,0.0019527881965073165,-0.0007146786668175617,0.005690928686236408,-0.003137236245201928,0.0042379887934732435
2019-08-21,0.0009594867396879129,0.0031037266109507937,-0.002352135657640834,0.005329340229872709,-0.0013191494198050414
2019-08-22,-0.00282438531396753,-0.002543885468709405,-0.0036669317145207668,-0.001842406460550126,-0.003737415349791112
2019-08-23,0.00039727262718139417,-0.007357297445151132,0.01006936294880291,-0.013277103585671354,0.005307993308406345
2019-08-26,0.0029905540377826445,0.004887087207560791,-0.00033693454959113296,0.007252583668196167,0.0003771199509721063
2019-08-27,0.004671518224502809,0.002292404010248586,0.008173340716611598,-3.564733493670133e-05,0.006960480148546318
2019-08-28,0.0011002946393960204,0.0023560845522780267,-8.528894251245162e-05,0.0029118232591382825,0.0008936751460294973
2019-08-29,0.0020161051536482346,0.005601041427987515,-0.0023899061727590083,0.008189017487205994,-9.138037728216171e-05
2019-08-30,0.00042835350458319524,0.001297214103584168,-0.00024775365336149926,0.0015382350909455326,0.0005010805960449774
2019-09-03,0.0015034200407223145,-0.002024668335746253,0.0041097747219401536,-0.0028768495172140597,0.0010155923548451746
2019-09-04,0.006838236285348922,0.008061732006100745,0.004080759389425446,0.010198385452888913,0.004234637660387627
2019-09-05,-0.0055896011355487845,0.0010794543537763482,-0.013080747881478637,0.005161230635250626,-0.00842417285136298
2019-09-06,0.0007287085612422931,0.002829217885386594,9.439872039025487e-05,0.0024127569339856096,0.002404536687331812
2019-09-09,-0.004514439638768216,-0.003443303504018023,-0.007585053204089531,-0.0009191513840058999,-0.007778981032460891
2019-09-10,-0.005928871357377162,-0.004015893818507891,-0.00939070533358768,-0.0015253282392606446,-0.008723033943118744
2019-09-11,0.0034361227567402943,0.0034977897226352657,0.001974557769132442,0.004926343681104098,0.0013202257763798699
2019-09-12,0.0005342812785879487,0.0009992054558616607,-0.0013907128764604599,0.002687619857789548,-0.0017717991561871044
2019-09-13,-0.006059832954244495,-0.003854141791976279,-0.010464196969529055,-0.0005761540697692709,-0.009899055026370734
2019-09-16,0.0023051279729688194,-0.0005857616613989293,0.0064998057886155635,-0.0033577210424047712,0.004998335920610812
2019-09-17,0.0029972287105915854,0.0032090004478631906,0.0029764234891504326,0.003123922770818473,0.003230736641083186
2019-09-18,-0.0002976215867636104,0.0008985482984934264,-0.00029507994753130495,0.0002981020830828938,0.0012011740985582672
2019-09-19,0.0023223870614179952,0.001827499279900488,0.0026983601699348742,0.001698766182689463,0.0022679945941242747
2019-09-20,0.004199286771716631,0.0010799222831959993,0.008187349774118351,-0.0013694680720711166,0.0062979914037286835
2019-09-23,0.0007847233698636823,-0.000524603239934815,0.0016517327544013697,-0.000738055723594096,0.00045015815827618896
2019-09-24,0.0015944603011316468,-0.0006725616541209876,0.005405671196235385,-0.0033685449559267863,0.004487428071443252
2019-09-25,-0.006847372829531428,-0.002798662289712259,-0.011097720574213193,-0.0005971595496300357,-0.008139051337126446
2019-09-26,0.0019096390454097095,0.00213791116656428,0.002433439742979757,0.0014997662425253412,0.002980345214115779
2019-09-27,-0.002089124651964624,-0.001957529689720944,-0.0008849152264688765,-0.0032289069232401086,-0.00011915961613104887
2019-09-30,-0.0008350305498944385,0.0031289071049900113,-0.0034164124649921908,0.0037185414241242476,0.0002620434820606103
2019-10-01,-0.0023124677375620634,-0.005604711621080685,0.001995003395242548,-0.008290477301109472,5.1340707694913576e-05
2019-10-02,-0.004661857933367778,-0.010852416063224849,0.002540272836186075,-0.01502926075519491,-0.0015388420246490301
2019-10-03,0.006402883163522585,0.0069508575427341705,0.005972827528495112,0.007106660900520825,0.006443093274297868
2019-10-04,0.006120112325661419,0.008277298029459802,0.0037692773126589475,0.009542081720011517,0.0052970553891786305
2019-10-07,-0.005027695435745008,-0.0038708698063973403,-0.006157222686454975,-0.0033215147102061216,-0.005274191412996751
2019-10-08,-0.0026234609424654436,-0.006881015429167031,0.0022894775098344163,-0.009697703191296224,-0.0005487045929390935
2019-10-09,0.002258228880008039,0.003727146579998473,-0.0007504333963441188,0.005990395007360074,-0.0004140533091405824
2019-10-10,-0.002647474367688883,0.0004858064856708427,-0.0074537334724546185,0.003696186876560956,-0.005922178261855966
2019-10-11,0.0014196619172993253,0.005343318761950022,-0.004953934044771518,0.009704259587703429,-0.003206809661807474
2019-10-14,0.001580639110438498,0.00027820915081546186,0.0036257923221944014,-0.0011210441984138562,0.0030234889405470196
2019-10-15,-0.00020384725679943794,0.0033163835841152145,-0.005650666286611586,0.006965619657253254,-0.003950833798671102
2019-10-16,0.0017327572034385483,0.0005827994981332076,0.0026110667862194203,0.00027835628673018745,0.001614172340268409
2019-10-17,0.0007693538126447667,0.000996232469976029,-0.00012541978573498645,0.0017766719033537625,-0.0002891358063669865
2019-10-18,-0.0009848518600924056,-0.0012282308326721288,-0.0003354637853392267,-0.0017564230966362199,-0.00031486459033869187
2019-10-21,-0.0005261012221707078,0.0016677863416185155,-0.0038993202435036534,0.003929641254838795,-0.002834698277509686
2019-10-22,0.0008735776366753183,-0.00030479778112142106,0.0027873287804103634,-0.0016339879168316698,0.002273870312737272
2019-10-23,0.0025014869057339716,0.0028663090267323017,0.0016641387330721246,0.0035204096604434087,0.0017017815306970426
2019-10-24,0.0017591781958999375,0.0006802172351233681,0.001782235930230026,0.0011967725294707865,0.00044492808306764226
2019-10-25,0.0002482650315851246,0.0003033058210842961,-0.000931466875176281,0.0014540951748938746,-0.0014529327497748762
2019-10-28,-0.0019097109736867296,0.0008405422898195731,-0.005448591927293817,0.0029879218531602726,-0.00376782759603934
2019-10-29,-0.0005944644453476612,-0.00013396737856402553,-0.00065595361522821,-0.0003027181720528865,-0.00011105833430765149
2019-10-30,0.006111649256338341,0.005783500681990653,0.007249356963659258,0.004808397881077312,0.0074082226306808815
2019-10-31,0.004351492334395634,0.0018008735240926405,0.007907062138712498,-0.0004958196367421594,0.006507802404857453
2019-11-01,0.00329881704494374,0.004950680789186532,0.0003532232911520123,0.00705961054785167,0.000950708800201352
2019-11-04,-0.0018793543815621048,-0.0003895805346883773,-0.005111634641058625,0.0020852801792970955,-0.004860782383454163
2019-11-05,-0.006890138585514143,-0.003955964151595107,-0.00955091189511912,-0.002772150889197515,-0.007202938215606544
2019-11-06,0.0023870126355977276,0.0015398479886010133,0.003555419167693093,0.0007932509347613036,0.0030818978439125103
2019-11-07,-0.006366566628118542,-0.0025830158136260326,-0.011238336335166693,0.0003659993263482983,-0.008921313194906322
2019-11-08,-0.0018528887544782859,-0.0003931023850641722,-0.0032451926318423138,0.0002666247490962842,-0.0021138599422573672
2019-11-11,-0.0009623951261196884,-0.0008072875367882166,-0.0006295549606267445,-0.0012177634832023553,-0.0002693924396507956
2019-11-12,0.0021539942838854596,0.0018563232825449672,0.002626935440122914,0.0015319344833994674,0.0024914834666575603
2019-11-13,0.0018357959235406414,0.0007278483580050669,0.0035224039889458205,-0.0004084186410734577,0.0029830168742006804
2019-11-14,0.0031817211749965613,0.002198395892086806,0.005130175091173725,0.0007369608077097948,0.004877260543060598
2019-11-15,0.0019268339472819172,0.003805639556470028,-0.0005546556009799204,0.005339702513763567,0.0005589936706745033
2019-11-18,0.0016882774905779907,0.0012755500490602176,0.002082525896329571,0.001087449757238806,0.001763960972734216
2019-11-19,0.0015476583510384606,0.0012666425742925275,0.002770457098816478,0.00018269238996401638,0.0030306578006573854
2019-11-20,0.0006852424774254362,-0.0003976142983657542,0.00347736158185215,-0.0026574942954579964,0.0035224065949210803
2019-11-21,-0.0032091142434478464,-0.0023981393177279656,-0.004097578903577414,-0.0019162283610412202,-0.0035271401282208495
2019-11-22,0.0009895289736183348,0.0018664107122371247,0.0002316732681212388,0.0021850158556266054,0.0009497581644434168
2019-11-25,0.0029263717848520034,0.005428244081478847,0.0005108228448704596,0.006584807684604659,0.0024385577874771365
2019-11-26,0.0026976535864877936,0.0018797074519911153,0.0036873208619622073,0.0012977111125416086,0.0031607674346217566
2019-11-27,-0.0004198958785338143,0.0013736279114561515,-0.0024687452954965617,0.002520096620652342,-0.0012464489212537862
2019-11-29,-0.0015987910608752992,-0.003928130271255965,0.0003089749514727885,-0.00467642327439269,-0.0016426970974068493
2019-12-02,-0.005659354396925185,-0.006893024625058887,-0.005159556453278111,-0.00677635565899616,-0.0064509202696820004
2019-12-03,0.004863022064105008,0.0018864913744315742,0.009939299811255218,-0.001733926511616802,0.008774008470278429
2019-12-04,0.0005085700040429207,0.002336718947538799,-0.0031358205919886713,0.0050509063341908295,-0.002665823569729071
2019-12-05,-0.001099320071615118,-0.0012199558991167205,-0.0016361138252214316,-0.0006230980533539728,-0.0020555373492098955
2019-12-06,0.00022424864531532968,0.0040023169319758425,-0.004173397261142071,0.006485205399202037,-0.001627933487716515
2019-12-09,-0.001175359992675811,-0.0019468594197366135,0.0003089912684851472,-0.003048167006183978,8.801941865468176e-05
2019-12-10,0.0004109690921858761,-0.0002056311474149662,0.0007406099669079014,-0.00022713475539254586,0.0001349610979288045
2019-12-11,0.0050436423286959985,0.004456314551900709,0.005601401387860623,0.004191787300734087,0.0051465648185046575
2019-12-12,-0.0017515987514842295,0.0005041504233781266,-0.00651853100033566,0.004115889925371279,-0.006071429374267866
2019-12-13,0.005458637338426927,0.005295379695811329,0.006360978321547331,0.004473782154099837,0.006608043444888969
2019-12-16,0.0013295161482494993,0.0031152455017187733,-0.0024456506816457964,0.005980396224199938,-0.0020942571527398416
2019-12-17,-0.0014103261581796798,-0.001922135035702037,-0.0007289935815976901,-0.0023481694949893414,-0.0010276496907677827
2019-12-18,-0.002268102960033834,-0.002406102788542861,-0.0030948929302107675,-0.0015109365628304544,-0.0036812612920886093
2019-12-19,0.001883119240783746,0.001781004445912848,0.0017867182351786498,0.001928459781396794,0.0016108506636266205
2019-12-20,0.0016612564527138116,0.00204079015871474,0.0010405999036627468,0.0024711952143757127,0.0012049635670599752
2019-12-23,0.0006949934205142422,0.00033582792565775457,0.0004001776391087886,0.0008102086091669975,-0.00019643853148097753
2019-12-24,0.0025024753585364016,0.0005180631379807562,0.004002924601642124,6.565396579335544e-06,0.0022767573861098163
2019-12-26,0.0041131468384193294,0.003489043459094117,0.003812699706885283,0.0041015944398449114,0.00288190032855625
2019-12-27,0.000760132631607682,0.0010027588532676073,0.0007088778189148798,0.0009326990692420344,0.000986546321540618
2019-12-30,-0.0029030845631263322,-0.004627213137058437,-0.0011087024936385257,-0.005563935985896916,-0.0023625451739519073
2019-12-31,-0.0006009947169315947,-0.00025891839230711883,-0.002706169205693754,0.0016704511782588561,-0.003331490826177926
2020-01-02,0.008035094997565296,0.008455871834815627,0.007339632991950653,0.00894033805748986,0.007518212815335429
2020-01-03,0.002374953732394989,-0.0022493676718048283,0.008458072605895279,-0.0060690784344285195,0.005754666869842387
2020-01-06,0.002329205225630445,0.0009980142085834122,0.001585390315526256,0.0024075878143460057,-0.00045285034638875023
2020-01-07,-0.0015077857797962295,-0.002846720953651348,-0.0008878856614759514,-0.002797729295462613,-0.0022504720589317582
2020-01-08,-0.0014454284669685898,0.0008598908799191125,-0.0041861765864696894,0.002438006247527927,-0.0026666941575685657
2020-01-09,0.0016258210595621037,0.0036719054521788717,0.00013775304612704742,0.004133724554038874,0.0019555484242833013
2020-01-10,0.0019993595647083964,0.0001366081889201956,0.004640016871160809,-0.0015817004621757457,0.003637964772978724
2020-01-13,0.0001453361283203507,0.0028052711632772214,-0.002735634007308126,0.004345066924406232,-0.0008410416166790774
2020-01-14,0.0009621951472632827,0.0011078516229191347,0.0015240787913971617,0.000472867457713882,0.001986816194361591
2020-01-15,0.003234212861626395,0.002292673202472257,0.004293185502737317,0.0017029592655067004,0.0036470572683599822
2020-01-16,0.0015563453577782135,0.0031173708305135502,-0.0007909174136995416,0.004677103081859792,-8.838426083140752e-06
2020-01-17,-0.0002942622781086989,-2.5205338930004962e-05,-0.002038653033583026,0.001581394337043153,-0.0025747995901613733
2020-01-21,0.0008808065663528316,-0.0003394095479131224,0.00382006297351513,-0.0026788376897170134,0.003767666018074773
2020-01-22,0.0013293238058010354,0.001487805465461039,0.001427202302339264,0.0013106874546218211,0.001674207030113062
2020-01-23,0.0018238683184792323,0.0012306677849784461,0.003094712267310165,0.00025447333654514805,0.0029893857777713736
2020-01-24,0.00047260632934414346,-0.002040434328375161,0.004055735326947443,-0.004383665178035807,0.0027170627509426662
2020-01-27,-0.0022343100950486185,-0.007284806811573949,0.005789132939164699,-0.012865217794095966,0.003535383331644794
2020-01-28,0.0005206539808813179,0.004320631230211662,-0.004287574096379732,0.0071985970143138905,-0.0019183406339024192
2020-01-29,0.003319393468670889,0.002153688019709616,0.005187199854027953,0.0008643172724862223,0.004666530557409756
2020-01-30,0.0005100616113323073,0.0007222942379990367,0.00020069822654431114,0.000925418450408631,0.0003113875086387823
2020-01-31,-0.0033934272528115903,-0.008061993642743378,0.0036204811007445694,-0.01280498353746898,0.0013311325775268745
2020-02-03,0.0004027548134116844,0.0026626554207516023,-0.0018079538330404111,0.003736685967142262,-8.169262274150278e-05
2020-02-04,0.0004635487359090029,0.006257493577132739,-0.007360705003205741,0.011105823352444892,-0.003973413196232095
2020-02-05,0.0019399596731391419,0.003779437421023488,-0.0023164369465125704,0.007094588034823898,-0.002137906755758912
2020-02-06,0.003323738980359467,0.0028611791177834945,0.003453713608402822,0.002962464204246299,0.002940574071908021
2020-02-07,0.0006914741170711932,-0.0012946673645687534,0.004667588129981343,-0.004297062411965109,0.004181208756118941
2020-02-10,0.00313133630406066,0.0035360141493835577,0.0024007844531459795,0.004063566574471325,0.0025416845723788524
2020-02-11,-0.00021673983308028789,0.0013331032921143425,-0.002483950875628397,0.002818813446832254,-0.0016759623308640382
2020-02-12,0.0005893588438460031,0.0017382041783280515,-0.0015860422166495702,0.0033333799175811894,-0.0012349772438596577
2020-02-13,0.0004487024209156155,-0.0014896412637939649,0.0026662604512539627,-0.002744642668056814,0.001357734185066128
2020-02-14,0.0019091080619948954,0.0010693941017145996,0.002875459077633662,0.00052164715029708,0.002310052923721081
2020-02-18,0.0023736558915406865,-0.0010976363132952343,0.005822096692389893,-0.0028268740841936937,0.003223292324041128
2020-02-19,0.0027283935771982713,0.002379063091285258,0.0020560121728062427,0.0032257905229340932,0.0012825288619887697
2020-02-20,0.0008642617547050937,-0.0009394015621180066,0.0037565482861296176,-0.0029404590992885694,0.002954238954271262
2020-02-21,0.0022656197171703474,-0.0022424740465503156,0.00713453699911421,-0.00488968200791225,0.0039629286021267
2020-02-24,-0.009303885274835211,-0.018572893378674207,0.004458230851712391,-0.02794693356703618,-9.328750244117096e-05
2020-02-25,-0.011534116033977285,-0.012624770646330481,-0.005586325299076772,-0.018065946060125466,-0.003977046883725752
2020-02-26,-0.0010291894931886147,-0.002223079685314567,-0.0007486458673823451,-0.0019067463097953488,-0.002100360755521987
2020-02-27,-0.012620543505922358,-0.020174710935838922,-0.00033101817344630174,-0.028880223623286953,-0.0035211738665818716
2020-02-28,-0.0037361447812430536,0.002356365598741852,-0.0025711214382756324,-0.0018480768152312678,0.005607504757929349
2020-03-02,0.011000674952450098,0.015583281065530388,0.002216678106013184,0.021982247569995936,0.0035964386227380083
2020-03-03,0.0036136208537499485,-0.0062535338631393295,0.014246552005719972,-0.012108302115644821,0.0073677651327413414
2020-03-04,0.012267263505930147,0.018946216028797452,0.000676681007477899,0.027032049314638637,0.0033184696082571457
2020-03-05,-0.0020966997529577227,-0.012497588534589434,0.01180115108817685,-0.021451163066739047,0.005929582459499937
2020-03-06,0.005586317112447953,0.002346405301232283,0.016212285335676237,-0.006789912243896206,0.01749571811099705
2020-03-09,-0.025779980827964302,-0.0421289861627162,0.0005074271431986556,-0.06114192140834545,-0.006287355470309156
2020-03-10,0.0009056012653179176,0.013848827504495332,-0.02090520185587547,0.028606701976980214,-0.01530285972328303
2020-03-11,-0.03152518091263043,-0.041213776279202606,-0.021646101126382704,-0.04638397308107535,-0.02868941219936707
2020-03-12,-0.05769737857947158,-0.07122613833038935,-0.0329797266818405,-0.08995665294487769,-0.037168126422418304
2020-03-13,0.02304294009092097,0.043835071908899306,-0.003531245653841015,0.05911359720686091,0.009882666287537586
2020-03-16,-0.03057161456634357,-0.05116489738455341,0.00993248934458464,-0.08347349452672792,0.005302170500456007
2020-03-17,0.00701049873773796,0.01561681394321045,-0.018149413563785972,0.03576098171599179,-0.01981073556617117
2020-03-18,-0.04632927876846537,-0.05390918952823291,-0.04074305807550125,-0.055751004723069764,-0.047366106615041946
2020-03-19,0.009371315782238376,0.014729899939632925,0.009967070208631103,0.011459685221009394,0.016952611692495557
2020-03-20,0.008791162317272408,0.0002354072029655142,0.026869004860289494,-0.013967733011787652,0.025367296258377383
2020-03-23,0.01325572714632648,0.0002688805538490477,0.03015455502425665,-0.010518515278945453,0.022646524709691765
2020-03-24,0.04272747894012623,0.05065213228080949,0.02024993710735911,0.0685948863760479,0.019054435082105876
2020-03-25,0.007887545081812122,0.015076521920428755,0.0005427430608650996,0.018753629437541768,0.005927382357809032
2020-03-26,0.024816425816232824,0.032512130862871275,0.011415091147941571,0.041845242129700165,0.014451733988712436
2020-03-27,-0.006967578732612926,-0.011639420453251354,0.004377066934125353,-0.02080255520816653,0.00425686903900643
2020-03-30,0.009891404686828097,0.014216737732078754,0.0017643750847513428,0.020100558456795908,0.0031459392346007
2020-03-31,-0.013330219572582368,-0.009271857456332062,-0.014069719955915867,-0.01056152471788321,-0.009363676721331005
2020-04-01,-0.013960435724666988,-0.02500344753390455,0.001550548627970171,-0.035309754074871344,-0.004287342202378074
2020-04-02,0.013347564842067807,0.014351378222436928,0.00937028100523837,0.017809140797611697,0.0086378106747446
2020-04-03,-0.0059392912446707795,-0.010728738358764008,0.0005228564713892651,-0.014850952847715752,-0.0021941992041643013
2020-04-06,0.029759846268806095,0.03611162020219788,0.014932170206188648,0.047505734450990954,0.015546874243048979
2020-04-07,-0.0016636226740284498,2.173044516614546e-05,-0.004034169131297223,0.0015423586647655312,-0.0031078057447467273
2020-04-08,0.00535969265138415,0.011301953428182814,-0.002467886821152698,0.01607903394379756,0.001105057678201309
2020-04-09,0.015451214187245498,0.013996135547737149,0.013889764076187363,0.01628408867014001,0.011284673016817683
2020-04-13,-0.0031887798524501206,-0.00857215518024161,3.382062711042183e-05,-0.009118580524739565,-0.0050599701420765905
2020-04-14,0.011231563478456021,0.014449947369620094,0.004846555477419889,0.019176371125746786,0.00569874546275241
2020-04-15,-0.005517273326274577,-0.009830687050960718,0.004986510915611804,-0.018309956683247124,0.004886972868930444
2020-04-16,0.0034696094377992624,0.004200500294247566,0.003804456293067415,0.00350028505569126,0.0048849093401553655
2020-04-17,0.004012792084852526,0.013228316669646663,-0.007526596690021853,0.01998665244938442,-0.0016401057135107208
2020-04-20,-0.003845140338685331,-0.008590749959129437,0.00246774858017782,-0.012583247341614916,-0.00027021097947644765
2020-04-21,-0.008791458699361746,-0.01246961542291578,-0.0006187816033368097,-0.01888408320692703,-0.0011011092443719912
2020-04-22,0.009623891232970236,0.00957996119634775,0.00476958680454804,0.014432886256679357,0.002278254642117599
2020-04-23,0.0028667322458073817,0.0005497298813646277,0.005118124966505879,-0.0005501878840297577,0.0033546064952958638
2020-04-24,0.004709146313333979,0.008149075411285798,0.0005676825416400488,0.01054789356462808,0.0028153201052388997
2020-04-27,-0.00043614074687018355,0.0036529486647922035,-0.007601853579803166,0.008710729694582626,-0.006040137906745447
2020-04-28,0.002771630953018294,0.003947509912595418,0.003435991264165719,0.0026953322831598874,0.005236176256153996
2020-04-29,0.010310293813420367,0.014234214820208159,0.002843732914328583,0.0196709163795525,0.0040471250659086765
2020-04-30,-0.012376783885991047,-0.011694669075990243,-0.011139171675262462,-0.013274391232109136,-0.009669948739809437
2020-05-01,-0.00686610819460166,-0.01306162523315286,0.0019837718858614728,-0.018915752692532123,-0.0012685253604528535
2020-05-04,0.000490080735303321,6.865042791881878e-05,3.676880429709539e-05,0.0007325897692339877,-0.0007171383591744017
2020-05-05,0.0016160639453256104,0.0018690033251833947,-0.00032796809719599777,0.0036825565998271454,-0.0009843153517614049
2020-05-06,-0.009290674378356506,-0.00803117531033189,-0.010621481916621352,-0.007332524114926866,-0.009710280297914136
2020-05-07,0.012333797417166243,0.011958359505504414,0.01181981560630814,0.012659910259593125,0.011093044079157746
2020-05-08,0.00240733416903203,0.006959752963029748,-0.0048256122674289,0.011850853475113363,-0.0027125314573257986
2020-05-11,-0.003561305396039095,-0.002384135931061787,-0.005163133210946814,-0.0013742219336997825,-0.004490226819052942
2020-05-12,-0.0032183834935526024,-0.007297928922524939,0.003375332512412556,-0.01190714176854728,0.0016041786176135265
2020-05-13,-0.001430508595568292,-0.0059112780622094345,0.004196516680771883,-0.009339965663323874,0.001441261756912679
2020-05-14,0.0048399032659368155,0.003329364347654677,0.0066222504976042405,0.002298039595037305,0.0056287485947847556
2020-05-15,0.0018149362691434988,0.0012284097992057105,0.001370578625466746,0.001966006540440067,0.0004146247721771226
2020-05-18,0.007972616982166808,0.01648016366746718,-0.005758319757362079,0.025723156629514556,-0.0018513280815039698
2020-05-19,-0.0017425565242269745,-0.006010045211161624,0.003185713062357348,-0.008837296205196191,0.00034292270317122677
2020-05-20,0.008977959210186149,0.012184940219140971,0.004228736014179175,0.015301948475584269,0.005881385662507368
2020-05-21,-0.00603600038414219,-0.004992747163846353,-0.004341764057783349,-0.007210463352337454,-0.0021951304465694407
2020-05-22,0.0023759989170214968,0.001139766843561679,0.0036989858799318337,0.00043251495201727854,0.0028173599305385388
2020-05-26,0.0024431808634192893,0.009392246944620429,-0.006721669938748819,0.014973956726689304,-0.0025370888800076343
2020-05-27,0.005607376680902382,0.007901364134802151,0.0017580916908314231,0.010585163236294062,0.0027111334510084434
2020-05-28,0.0012917514450722753,0.00136898645453972,7.035974213823255e-05,0.0025502243395266852,-0.0004441760769338821
2020-05-29,0.0036177370907119065,0.0022480258749048476,0.005178133711792316,0.0013692095782483784,0.0042489928299815835
2020-06-01,0.0047825931003861065,0.006518143331177414,0.0005255875966582718,0.009886034247686283,0.0005731312469496104
2020-06-02,0.0016605914122690398,0.004703303683516228,-0.0019014631618957136,0.006727125816364173,0.00013503388871244086
2020-06-03,0.0005744925776379407,0.007942006388449423,-0.008445913547176907,0.013172014222652864,-0.003660829326832045
2020-06-04,-0.0027572604931009807,-0.005556938019631809,-0.002426109341300105,-0.004487844120013918,-0.005759656800201145
2020-06-05,0.0031914499923193632,0.011463866758841706,-0.005918195271122955,0.016326448986344916,-3.274969762325208e-05
2020-06-08,0.008148382048632496,0.008494090422573677,0.00597207320572582,0.010492459021097814,0.005315670279078915
2020-06-09,0.0004376520163368243,-0.0035060467668421133,0.005663775518700023,-0.00679621926875571,0.003373128775770185
2020-06-10,0.004951357652958279,0.0012548453751543539,0.009507732384324744,-0.0014809001172253165,0.007186902411350383
2020-06-11,-0.02044896493125562,-0.03037449060655635,-0.002566907322265747,-0.043698261454938006,-0.005837424732466871
2020-06-12,0.004411431864019908,0.007044001705913999,-0.0006958669782723347,0.01080325836303831,5.5588407763227186e-05
2020-06-15,0.003057250954370019,0.004729550704399027,0.001286635300257947,0.00565975993862332,0.002495643252615628
2020-06-16,0.0028247291394866824,0.0061005270440898825,-0.0037436244667169824,0.010978807817287422,-0.002910467901083629
2020-06-17,0.0008684271583554332,0.00040216635890234564,0.0015131455756338967,-9.960862729552816e-06,0.0012530524738843013
2020-06-18,0.0010386362856063328,0.0009880100513453387,0.0026661279834392,-0.0006168625543032179,0.0034157526852003684
2020-06-19,0.0002775031294772996,-0.003012170573255126,0.003107930413000058,-0.004209117770631961,0.000423811694511614
2020-06-22,0.004972157248275112,0.0055359042774465635,0.002824913793065121,0.007396109859357254,0.0024564683445768756
2020-06-23,0.0022877773606100413,0.0016087850120510621,0.0009261335949825384,0.0033085923583104975,-0.0006059334658767153
2020-06-24,-0.008860186763344163,-0.013330319314857049,-0.0004376829243913925,-0.01960586643783518,-0.0017734432562590756
2020-06-25,0.00563556223831432,0.008216933096163318,0.0022776885937623374,0.010269404412945849,0.0038364632225229576
2020-06-26,-0.0043255252872912995,-0.009043129045947855,0.0030050779968744342,-0.014083767040938394,0.0008144326847581302
2020-06-29,0.004178132170329119,0.006328087598692562,0.000606686063079228,0.008808605162998034,0.0015173165187675785
2020-06-30,0.0023897242993940943,0.002654060962062028,0.0007056544443168948,0.004202917876412977,0.00019380061849320782
2020-07-01,0.0009464732785627749,0.002901263988065471,-0.0012362253617826228,0.0041001647269700014,0.00012153387884607762
2020-07-02,0.004071460286689473,0.005235109066312685,0.0021144079958302147,0.006605548325185269,0.002593067835827715
2020-07-06,0.006712402737687753,0.008686027009471707,0.0021336271472791194,0.012253120127531702,0.0023197722169947775
2020-07-07,-0.000626915946743241,-0.004400752417277758,0.005301621540693614,-0.008487235774046392,0.003575056832932533
2020-07-08,0.00353543674523941,0.003874890470044124,0.0013540561032831446,0.005881441555843608,0.0006872690053148369
2020-07-09,-0.0001280552037959342,-0.0012357432461633717,0.0039197699116552,-0.004748278030483034,0.004561132808100605
2020-07-10,0.0023853846946622777,0.004968655993638797,-0.0016039607315123392,0.007646226137928228,-0.0003572070884513424
2020-07-13,-0.0022026812281423264,-0.004002965699254455,0.0005656440553539302,-0.005880930801373704,-0.00029459299925116173
2020-07-14,0.007130987893690716,0.008990928442563204,0.0037085554590000043,0.011468983414664855,0.0043292820351675965
2020-07-15,0.0032886532249186474,0.005121821373782788,-0.00010180488235964465,0.007581567178638052,0.0005012583412206104
2020-07-16,-0.002681359574454813,-0.0017249646326635486,-0.0016779400507814263,-0.0032069945971753785,1.6946937776511362e-05
2020-07-17,0.00312713690349477,0.0023323002051547866,0.0025682648446417487,0.0032885793402527845,0.0012942331586529429
2020-07-20,0.004306014810281758,0.004660862240021543,0.003166739173934291,0.005621231639338715,0.003040912537813737
2020-07-21,0.003464831339518915,0.0014712821647188741,0.004168252600664791,0.0017639352278778831,0.002029851108214157
2020-07-22,0.005461521928817812,0.003265757103782233,0.006108250580625364,0.0037163842872087335,0.003688663210737103
2020-07-23,0.00035481723499203993,-0.0034067068280230948,0.005494026500289405,-0.006699674129503747,0.0033858026416126227
2020-07-24,-0.000757975791077306,-0.0036774838645169546,0.0018549142679827862,-0.004840228717221844,-0.00047761821557882407
2020-07-27,0.0071315516539461506,0.005233899490493344,0.005616429133084971,0.007697440430895377,0.0024799709039788785
2020-07-28,0.0006673225926407327,-0.0022625587694145395,0.004141032550080055,-0.004287479193514195,0.002228736560616758
2020-07-29,0.0059022948706361,0.006657291997550692,0.003219933495558188,0.008954041713491017,0.0028235124540432434
2020-07-30,-0.0037010006494986284,-0.004063596214059487,-0.000938573869458731,-0.00665286382797024,-1.1608432861457715e-05
2020-07-31,-0.0008129526019761102,-0.003930601089638004,0.002010738548401159,-0.005206669208979393,-0.0004624838266867086
2020-08-03,0.004448026412276899,0.006788143438658648,0.0002373487891472384,0.009806895756759712,0.001068154898581655
2020-08-04,0.00845894245177672,0.005199570458049736,0.010254878168041956,0.005028482769259261,0.007086742969658724
2020-08-05,0.0016291436351681644,0.0007269138821707292,6.231746533696657e-05,0.0027432107373760507,-0.0018525881549983927
2020-08-06,0.005603843929417703,0.003739259026112319,0.006454740891523459,0.0038195701592727673,0.004551619595951276
2020-08-07,-0.0054690611028656,-0.00263540954929183,-0.007320761154208362,-0.002205570304594205,-0.004697251419596875
2020-08-10,-0.0004729515150019072,0.0008674788242343244,-0.0023342402427842766,0.0020540750250760335,-0.0015862460066893727
2020-08-11,-0.014670797588227077,-0.004281274817167299,-0.0209451367354928,-0.0032596162627261793,-0.011004968259180336
2020-08-12,0.004008283770597178,0.008499987359523975,-0.0029454587687859934,0.01314692333143547,-0.0007702892551882908
2020-08-13,0.0006170123667639347,-0.004731323698015154,0.0024571284652039047,-0.0039020228498442876,-0.0032954902471108516
2020-08-14,-0.0030607113877718453,-0.002811624805596421,-0.003054992847348183,-0.002941878202082024,-0.00274078772512524
2020-08-17,0.007244279466199913,0.0040030475041540284,0.008174198520587712,0.004692682927422008,0.004591309746380252
2020-08-18,0.003807991875273538,0.0021593710278135624,0.00533846875481252,0.001449933874221198,0.004046358175993537
2020-08-19,-0.009650769167358115,-0.004168588132354705,-0.012310355400441893,-0.004260651476358417,-0.006767464279618929
2020-08-20,0.00352531586684757,0.0021394704813738684,0.00530070821076114,0.001052849781491089,0.004459226633880773
2020-08-21,-0.0005064401412608066,0.0009428960396074695,-0.00037821805094109535,9.034492404971393e-05,0.0014968810570314948
2020-08-24,0.003125529873669432,0.006576094273383039,-0.0011441865900306979,0.009096544242387523,0.0010531181985845618
2020-08-25,-0.0008886064015454964,-0.0007211125423231461,-0.0023612390340400848,0.0006654881523770768,-0.002888543345717666
2020-08-26,0.0047580571792995435,0.004002923341299283,0.0031408529985583085,0.005995763717056693,0.0013849678932975934
2020-08-27,-0.008078771708341792,-0.006575003512075358,-0.010070893515763063,-0.005339937181001053,-0.009183465654431023
2020-08-28,0.006293401930363616,0.004185753390973217,0.00605816790397579,0.005475559445478579,0.0033043433410419203
2020-08-31,1.701438732286232e-05,-0.0015758195611210411,0.002807430233555856,-0.0035795411830697598,0.0022166049566134448
2020-09-01,0.0050122210940518296,0.005812066567648323,0.004919474398306031,0.005504924808187866,0.005872943767746064
2020-09-02,0.0052575472190912595,0.010635102302249644,0.0009213192640081079,0.012255861924851758,0.005507305994357198
2020-09-03,-0.012524173134769908,-0.01668568304739248,-0.004373599847831752,-0.02283748401893197,-0.005464411083856299
2020-09-04,-0.005576788397055697,-0.006797054144691402,-0.006712679527468262,-0.005051440928995795,-0.00880927855160788
2020-09-08,-0.006904063307753732,-0.010522083583599373,-0.0003904550289481874,-0.01527965033887876,-0.0016300473812500469
2020-09-09,0.009026372060993054,0.010905923586842642,0.0039927954363800896,0.014970261003560806,0.0038331653025227307
2020-09-10,-0.005464838722127799,-0.007754793781269639,-0.0008765398063213501,-0.01122389915461989,-0.0014338809346762834
2020-09-11,0.0027933353153575713,0.0038731946040206746,0.0015134825908560388,0.004610937810304068,0.0022251760332806566
2020-09-14,0.005248954748869926,0.0055089047045711066,0.003289043778819114,0.00733476141243923,0.0026335297888400817
2020-09-15,0.0013695840034025528,0.0030037320518250484,-0.0008425109672958624,0.004392402769505446,9.865657454291037e-05
2020-09-16,-0.0009384828816838137,-0.001909896298251709,-0.0003993578740577061,-0.0019637495232321433,-0.0013433364655076124
2020-09-17,-0.0019107029119507174,-0.0015485401047934555,-0.0010226853249918138,-0.002618250958345618,-0.00012689136819354996
2020-09-18,-0.004547285131358366,-0.006792844431499998,-0.0018809066485903578,-0.008345947311990579,-0.0033469011309396803
2020-09-21,-0.010258581256552391,-0.00985576261457248,-0.006282225175398863,-0.01404857660612791,-0.003799453267730777
2020-09-22,0.000983422882659922,0.00292835680235929,-0.0009733114928317789,0.0039073784392355025,0.00048459982596961817
2020-09-23,-0.010838502879740666,-0.009657054426246885,-0.00832478110584713,-0.01276617013910606,-0.005599242773442559
2020-09-24,0.0018851917442504165,0.0013224467301136504,0.002377346973695747,0.0011113226756791765,0.0019203722833856115
2020-09-25,0.003362859235233005,0.0058566876832715775,0.00021436653925358532,0.007745254202398104,0.0017674509429929381
2020-09-28,0.007942662183421448,0.009101704735502694,0.004000733256346966,0.012446531494902229,0.0034811127978244738
2020-09-29,0.0005917392338882858,-0.0017757525394078383,0.002583557939885901,-0.002589464866537153,0.0006265798250804852
2020-09-30,-0.002873387628989909,-0.0013841843188889826,-0.005029178141156116,2.104428528028367e-05,-0.004241635044793282
2020-10-01,0.004807644530068678,0.004241253293356288,0.004182212954550345,0.005149706620382133,0.0031606463375673977
2020-10-02,-0.0034014903894098985,-0.004359412114680732,-0.0022629088437329226,-0.005020762210757676,-0.002889605292266311
2020-10-05,0.0029491398868393202,0.005230949869802255,-0.003741113633175985,0.010728929934160579,-0.004222883983977885
2020-10-06,-0.00604425815538525,-0.006153691271808653,-0.0028909106350932926,-0.009262469160847931,-0.0014541061255068247
2020-10-07,0.0034552377247743867,0.006105736151081343,-0.0012413382884527528,0.009449805742958596,-0.0002624933718108011
2020-10-08,0.005193135273083954,0.006057541911424341,0.0038518636092222153,0.006964328517606349,0.0042631195326936905
2020-10-09,0.006966400595759766,0.005018289241194086,0.006285168017901759,0.006674251007218674,0.0035061511728481194
2020-10-12,0.004825791322941151,0.0075750334007894105,0.0017745911911497111,0.009239100637181854,0.0036966099973684383
2020-10-13,-0.005195315666510025,-0.0038029475770265508,-0.0033793514131971493,-0.006316889568392907,-0.0007371744348209168
2020-10-14,-0.0003916611676597486,-0.0018054640959615847,0.001394890366377313,-0.002889328100365269,0.0005241369385465168
2020-10-15,-0.002387906577530369,-0.004423737679631678,-0.00032842689350512985,-0.005471136821331202,-0.0018378553344867339
2020-10-16,-0.0005889598089414066,0.0004851389147648363,-0.001837369787075333,0.0011944179529351842,-0.0011172011437901753
2020-10-19,-0.004666825462652164,-0.006660796476453502,-0.0022821300849633574,-0.008056095768292804,-0.0035760894614214173
2020-10-20,0.0006724463471303633,0.0005991299769823689,-0.0012187769106513546,0.002523511249567293,-0.0022576382974173834
2020-10-21,-0.000740808522303577,-0.002910051940806642,0.0005365664648797956,-0.003105238919362612,-0.0015324504088526176
2020-10-22,-0.003147760686163192,-0.0005558050918788576,-0.006301589560607092,0.0012889023410911245,-0.00462799985123366
2020-10-23,0.0032780245325231576,0.004477577302614069,0.0024428224227344966,0.004711985604966086,0.003526054283819745
2020-10-26,-0.005266123264409446,-0.00883263837765837,0.001226377583308101,-0.013594411525997108,4.0005215263745516e-05
2020-10-27,9.970307051865891e-05,-0.0015418212672924133,0.0029299574874811565,-0.003561342641532836,0.002298456874025093
2020-10-28,-0.016319437798367847,-0.019577074880583255,-0.008243429836206328,-0.026102006727441323,-0.00825440835948376
2020-10-29,-7.678248616228088e-05,0.0022748180533785174,-0.003936008553649563,0.004939587151988911,-0.0029155315107115796
2020-10-30,-0.0049035561430541275,-0.007474736844070563,-0.0032347739045259344,-0.007862042605583626,-0.005608388892462203
2020-11-02,0.00869770314703862,0.009219171128208428,0.006911655661327729,0.010740869896251322,0.00667097550484479
2020-11-03,0.008622361597835606,0.01183879986274532,0.0020251250396451483,0.016775366194268202,0.0027690008936137748
2020-11-04,0.012180472459035028,0.015593002368168683,0.009961455596506632,0.01609852313808915,0.013128137308711912
2020-11-05,0.013756728843030966,0.013523625534530565,0.009828028338344856,0.017553965392559084,0.007564763065356866
2020-11-06,-0.0021763377203968615,-0.0022613365073945566,-0.003766697001619114,-0.0006309347282955126,-0.004669329607383383
2020-11-09,-0.005684694962177104,0.007320058408640147,-0.019087075107185894,0.013978520271666873,-0.009298565667454071
2020-11-10,0.0007174102322813367,0.0008210394251501454,-0.0008395140529729874,0.002323649727336824,-0.0014890483660303978
2020-11-11,0.003066492192212838,0.0054690723727700424,0.0007376826802716678,0.006589114749070468,0.002584061794557371
2020-11-12,0.0006888717460967593,-0.0029088823556116606,0.0069634345703624275,-0.007433963435405447,0.005628970610706132
2020-11-13,0.006899853222419134,0.008419692564591045,0.0031419553514904493,0.011401050866349382,0.0031678729293128653
2020-11-16,0.003984467980086794,0.0062348861645085876,0.00036194241646519406,0.008715706271741999,0.0013732939751555846
2020-11-17,-0.00021689959183930822,-8.140261725677783e-05,0.001169895661865676,-0.001537775786390108,0.002031589303082361
2020-11-18,-0.003920446249936531,-0.0045201936532952205,-0.0015160773748017456,-0.0066311624069052095,-0.0010630993131528193
2020-11-19,0.003265504596729241,0.004757676941160961,0.0020988625683784974,0.0051762827567248875,0.0033831627599907065
2020-11-20,0.001840621777701804,0.0008668482790911539,0.003681522693739569,-0.0004913413178246052,0.0033866961912339647
2020-11-23,-0.003987177920995503,0.0004226657071728339,-0.0071524558912576695,0.0013685191038669028,-0.003203419157540071
2020-11-24,0.0009013820920177076,0.007056770724454593,-0.006453779655835086,0.011262880606653269,-0.002378293321465151
2020-11-25,-0.0013607190880108697,-0.0015576366203673626,-0.0013131079649127569,-0.0015067910852172963,-0.0015354386475102506
2020-11-27,0.0021944634657696006,0.0051859448655587215,0.0008620334713000576,0.0050199907776138485,0.003940574502322299
2020-11-30,-0.006584402766383904,-0.007883114578751087,-0.00328869257523824,-0.01054230638433751,-0.0032605484369270374
2020-12-01,0.007506726377844908,0.006752578454282827,0.0026679833662514615,0.011946977198418175,-0.0007098496822202623
2020-12-02,0.00014658236720133946,-0.0011332828329013976,-0.00034284939241283725,-3.6401691810148568e-06,-0.0021889189576338704
2020-12-03,0.0037948489235802795,0.0023619933284462114,0.005345208816661699,0.001524797208590954,0.004332261040673659
2020-12-04,-0.0006256463519994164,0.001649060407555368,-0.005223761163476087,0.0050842288396749855,-0.004668527457366978
2020-12-07,0.0030907877235335623,-0.0008863823960399679,0.007114846763933474,-0.0029441884307999907,0.004176857825220416
2020-12-08,0.0029281950174460743,0.0028671996036500045,0.002803771257258929,0.0030221098503754,0.002665294490305522
2020-12-09,-0.0058843732319872055,-0.0032027419868703552,-0.006951426899836004,-0.0034781708744943893,-0.004129103928725182
2020-12-10,0.002062903888265303,0.0025353156619254604,0.00286621734067963,0.0014953683641991775,0.0038574013289041104
2020-12-11,0.00043700654983955885,-0.00036621513288081,0.0017329406755214006,-0.0012626608712644008,0.001378100915175672
2020-12-14,-0.0025696785463370465,-0.0018626040579074177,-0.00286362090225892,-0.0019223267024009703,-0.0021264698608139533
2020-12-15,0.007027843558763711,0.006634972058697417,0.00456190535143254,0.009291782026293048,0.002833717154792166
2020-12-16,0.001566675089815314,0.0010041466993397224,0.0009999365390017641,0.0018520272573463736,1.2638471586463507e-05
2020-12-17,0.004051965775472387,0.0031979240928709813,0.0029685445994833085,0.004707746644949002,0.00135698949016162
2020-12-18,-0.002886492532753055,-0.0034696380775968575,-0.0020235910387166526,-0.0040419214586456705,-0.002320461343334747
2020-12-21,-0.0030220648207325072,-0.003978628791767006,-0.0005564205586594819,-0.005973154773855232,-0.0005173079129188437
2020-12-22,-0.0011566663820303381,-2.349106216625096e-05,-0.000613896199788276,-0.001132675375647146,0.0010724954594531614
2020-12-23,0.002121848361313647,0.0019486482446711326,0.00029605085149387705,0.003857879782670414,-0.0008351984264339246
2020-12-24,0.0026537081929695998,0.0022986422791015176,0.0028789322753987358,0.002250876177056354,0.002547823151479002
2020-12-28,0.002763821785288741,0.005165252200309452,-6.138952145124498e-05,0.006779131859620634,0.00153662805967
2020-12-29,0.001374687645608635,0.0010804130717850858,0.000978379932731791,0.0016237701756735073,0.00041209160950680463
2020-12-30,0.002620931877917977,0.0013633222317374208,0.003253958826963422,0.00135849839782462,0.0019995559099766197
2020-12-31,0.0007400436878487558,-0.00022594573669563434,0.0016676068527083153,-0.0006717073519596708,0.0009251130296824133
2021-01-04,0.002284307234888003,-0.0030043566598371577,0.0055029439138659575,-0.003594110676217883,0.0005251144233602258
2021-01-05,0.002288991121375208,0.0033875949994504055,-0.0007980283872999267,0.005914275176348391,-0.0009656794669418501
2021-01-06,-0.00484187975569716,0.0001716774168993696,-0.011697561545156995,0.0044600312696499,-0.008815434098291637
2021-01-07,0.0007671952407376393,0.002831370098533592,-0.002855259340774533,0.005405476538493789,-0.002077816665990438
2021-01-08,-0.004746512985858271,0.003595722088066359,-0.010900780094531827,0.005524491827625153,-0.003478958667433191
2021-01-11,-0.004981392006282725,-0.0065589978466067825,-0.0025547249319286588,-0.008204375092096861,-0.003308823401272964
2021-01-12,0.0022315882625323974,0.0014018212708206052,0.002189929976119149,0.001858464664158632,0.0011317189620591577
2021-01-13,0.0022543361981689656,0.0032298212041045405,0.003088821604465221,0.0019074228176549296,0.004723487046610757
2021-01-14,-0.0014462528663399977,-0.0008796394898945057,-0.0033286823833150645,0.0007154547829830791,-0.0035610082575605155
2021-01-15,-0.006049613866233851,-0.005841054393872806,-0.003367183910647323,-0.008634692583544231,-0.001769015849751463
2021-01-19,0.005629635091976408,0.005452277739797447,0.004666681726130664,0.006503072596749955,0.003962834907843568
2021-01-20,0.007520635162778944,0.006311909508725972,0.0062058249052433815,0.008230331822028175,0.004033648977573245
2021-01-21,-0.0014734528871836218,-0.0011745618553989908,-0.0026446962582651447,-0.00015429776966108637,-0.002856575930730622
2021-01-22,-0.0025977277042959785,-0.0018549953052567128,-0.001809299646616872,-0.003015049573210748,-0.0004880857750341782
2021-01-25,0.0036080369378397275,0.0037216988968756157,0.004694288291977351,0.0025774987863424604,0.005378816014461224
2021-01-26,-0.0009470112424045531,-0.0004560247251049697,-0.001412146589369067,-0.00023668286161053495,-0.0010306716856391476
2021-01-27,-0.010222511334091763,-0.013711318622010561,-0.0034756110099301795,-0.01877001353868491,-0.004438115946809946
2021-01-28,0.0019008650527906966,0.0031915401852431035,-0.0008449426563846521,0.005282935034247367,-0.0006009384751117305
2021-01-29,-0.009696517056942076,-0.013734454942091478,-0.0043037945372757375,-0.017146386156975384,-0.006627542518918478
2021-02-01,0.007931275781611258,0.00887752735320345,0.004854176811230696,0.011470723796731504,0.004500216354024031
2021-02-02,0.0008645885367991912,0.005729684684487624,-0.004833240306794191,0.008951899872971188,-0.0015646126602578273
2021-02-03,-0.0016310572709925342,-0.0009850257873300018,-0.0033077087682311522,0.00036531545603794103,-0.0033375823518061445
2021-02-04,-0.002474848829065276,0.0030568395860863934,-0.006798768868939556,0.0045882422960984125,-0.0020130629362563575
2021-02-05,0.0020799718988528393,0.0011266003358706945,0.0005742132461333304,0.0031076106398414834,-0.0013740713577551178
2021-02-08,0.005947933755735179,0.00537106852298414,0.00534944210481217,0.006257848878604269,0.00432828034172268
2021-02-09,0.001813368271634999,0.0016249371919510158,0.0015607342696353685,0.0019717511572893316,0.001198759639782981
2021-02-10,0.0014846122166998856,0.00037065914487861807,0.003180418578947612,-0.0007718431481602939,0.002638148150191571
2021-02-11,-0.001395746416265223,0.0011798397473450017,-0.0041966857727515385,0.0026823999324204614,-0.00236811730024744
2021-02-12,-0.0014287925692660426,0.0002425141065456809,-0.004810384178497239,0.0027745933246664353,-0.004406161127955002
2021-02-16,-0.005622172354031782,-0.0021113408705950164,-0.010026156395826448,0.0005117780079042256,-0.00781978433307944
2021-02-17,-0.0017322196849766328,-2.345266052065234e-05,-0.0011885307486157526,-0.0014209909842582608,0.0012169670768078832
2021-02-18,-0.002776794021316716,-0.0036918963601638988,-0.001850712256839411,-0.00416160502040605,-0.0025304130102053414
2021-02-19,-0.0022394485732275967,-0.0029653858834667495,-0.0036261302640899114,-0.0012170876110321701,-0.005229587977571051
2021-02-22,-0.0012212621234244218,-0.00526382117797903,0.0007580427286691919,-0.005227741780314042,-0.003294511006413501
2021-02-23,-0.0005480215901477383,0.0001308171048754091,-0.0013691139322811899,0.0006115957108804702,-0.0009303912435013189
2021-02-24,0.0013186411544194284,0.002878598784992606,-0.0015752979298987258,0.004982265059028309,-0.0010673678744000184
2021-02-25,-0.01721516737538741,-0.01755898534385461,-0.015467769644913133,-0.01913781924096071,-0.0150238806068757
2021-02-26,-0.0005214166530287695,0.0023514535777671166,0.004112312201685761,-0.003732547558846116,0.009986157785213837
2021-03-01,0.005529212259608875,0.010157000604969066,-0.002481657025248109,0.01577467216139912,-0.0006600621482005824
2021-03-02,-0.0006207334640972508,-0.002593044084319407,0.001267278549387936,-0.0034998530312580693,-0.00024906801186545965
2021-03-03,-0.009004755618569598,-0.008728596986477655,-0.008657400239316524,-0.009214094858919294,-0.008138761169602743
2021-03-04,-0.008227283885600498,-0.00844208479983825,-0.006862801828159319,-0.009701171834724192,-0.006449217810171448
2021-03-05,0.005322648250838533,0.007662445736576798,0.001801631904778673,0.009997796007816228,0.0029758305567945133
2021-03-08,-0.006112554018564726,-0.004871017122489046,-0.007068536961452009,-0.004537115575871081,-0.005992965472141449
2021-03-09,0.013181455930715189,0.011689565612114674,0.01295956267769268,0.012657798480888414,0.010982765121478442
2021-03-10,0.003830988626959424,0.003854000185806006,0.0031456612428733158,0.004527344627550182,0.0028316152978966375
2021-03-11,0.0015338629601457092,0.0032869716120828467,-0.0016591593437553732,0.0055908752971924,-0.0010580804625866004
2021-03-12,-0.0046468560831527915,-0.004217156479792909,-0.007962364381268393,-0.00112813999357139,-0.009084474948141814
2021-03-15,0.00357614287026379,0.0033557718623075682,0.0037214723965806992,0.003320596769951225,0.0035187179421693232
2021-03-16,-0.0005736995981224983,-0.0007009608839068339,-0.0010052775469285141,-0.00020590900314196815,-0.0013803185619192413
2021-03-17,0.0017441075161068024,0.001231250833895943,0.00032994751185736745,0.00290023689523226,-0.001020357417269457
2021-03-18,-0.008759036002505289,-0.009988819432922354,-0.007155938328742112,-0.010980398502413398,-0.007889123948930989
2021-03-19,0.0024272158857630063,0.001689790281997869,0.003395278523967502,0.0010892129106326379,0.00295842959448394
2021-03-22,0.0040906950732910756,0.0052614206753520045,0.003935454580825872,0.004831354744863896,0.005321358792016185
2021-03-23,-0.003391078094515556,-0.0040537140065107615,0.00022272189844471554,-0.007350451930070436,0.0012008487931887406
2021-03-24,-0.00010051939545301104,-0.0018517826672608526,0.0024895968909203164,-0.0035748869143869787,0.0016010789864408467
2021-03-25,0.00020780231508538382,0.0022404856413310733,-0.002963758615515791,0.004382986249334966,-0.0020010022804153728
2021-03-26,0.005376004488997914,0.007719265270314157,0.000767086691580179,0.011130731454395365,0.001403164100987571
2021-03-29,-0.005328946989532519,-0.00339340480539139,-0.006865470014837267,-0.0028280254468129166,-0.0052101981139236865
2021-03-30,-0.0029900142561172178,4.6078666756250263e-05,-0.0035176615973676367,-0.0009442468456450416,1.508681260608115e-05
2021-03-31,0.001878574248882135,-0.001190174570064474,0.002906868282353558,-0.0006855557445725436,-0.00041086643562408413
2021-04-01,0.011183326532163784,0.011023926204017372,0.01089844254636319,0.011388455089779365,0.010556630553201317
2021-04-05,0.004439108183343352,0.007395157913022838,-0.0005754866207296732,0.010900443017838386,0.0006293250378353873
2021-04-06,0.0014249556070704314,-0.001301227589851052,0.004928336995641561,-0.0034577058764479257,0.003284425655976929
2021-04-07,-0.0016065350821939462,-0.0007085342888161414,-0.003246375022577941,0.0004789869001669255,-0.0029421657000454873
2021-04-08,0.006384444102604346,0.005296536058451951,0.0069428323963072035,0.005281633765925996,0.00586297888703107
2021-04-09,-0.0004043567952481822,0.0021285902017230654,-0.0031805576759746743,0.003627932196863052,-0.0013931746909176899
2021-04-12,-0.002368076112088259,-0.001660310467229112,-0.0022845685028995066,-0.002097615700817003,-0.0013582992517391513
2021-04-13,0.005185410941502722,0.004623248484556007,0.0056513943043417034,0.004438037540994793,0.005182043269212995
2021-04-14,-0.002153048641908647,-0.0015276574655469187,-0.0026179681293956743,-0.0013757460036269752,-0.002068285910378409
2021-04-15,0.011116127163610826,0.009803395395109177,0.011930711744858824,0.009644192697489578,0.010698576528208993
2021-04-16,0.0012822357292986187,0.0011474533541799376,-0.0007622262765407954,0.0032552748775143397,-0.0019550254417280634
2021-04-19,-0.0026265612957914767,-0.002743040997702347,-0.0022641680356837923,-0.003047345204609421,-0.002228543264778159
2021-04-20,-0.0031122391962245615,-0.006366493565861125,0.0016564227516720053,-0.009537368827911327,-8.19284864653232e-06
2021-04-21,0.006491714801934555,0.006478226286973805,0.004835898489860267,0.008138060822862348,0.003990058430513716
2021-04-22,-0.0028731771012373533,-0.0028251410953012237,-0.0011824537082319117,-0.004542704879278048,-0.0002782701293067369
2021-04-23,0.0029006903949426047,0.005742750246333514,-0.000863238166267886,0.008067225862950375,0.0008208762036824374
2021-04-26,0.0006539297700959338,0.0004177855114866834,0.00024973856876587717,0.0009399402029088349,-0.00024778641781862914
2021-04-27,-0.0034619633365281254,-0.0033177973236558685,-0.0042936809813573455,-0.002558911144701427,-0.004529370101245469
2021-04-28,0.001236067919895716,0.0008542281773423875,0.0013377552929204992,0.0009434491423173162,0.0009113454545080156
2021-04-29,-0.0001120050871982785,0.0014191698871284476,-0.001933316901771112,0.002470485554758455,-0.0009263831754863656
2021-04-30,-0.003832430828377244,-0.005076152211773222,-0.0009581116429843411,-0.007338498047959002,-0.0010722479912171341
2021-05-03,0.005483825736162967,0.004222140818283114,0.0049166086710111245,0.005420435290947786,0.0030541805351851814
2021-05-04,-0.004052610498559809,-0.004679657960078513,-0.0008413328969538994,-0.007588719902040982,-1.9658512489052098e-05
2021-05-05,0.004068616526585706,0.0046185695713382375,0.0026598644832219287,0.00575001455067911,0.0026435917046530866
2021-05-06,0.006951937259800123,0.0052643976803565876,0.006348947958564087,0.006711657692124319,0.003935535574982071
2021-05-07,0.004442147411672857,0.004488230301205433,0.002061784026086055,0.006839845178545056,0.0009272835971174679
2021-05-10,-0.004772796159868757,-0.0069053551690823455,-0.0033626776632321755,-0.007252123695468813,-0.00531913400439836
2021-05-11,-0.00593148742320024,-0.00817200289349276,-0.003401896312686603,-0.00958996843120091,-0.004930308168356412
2021-05-12,-0.01232649412239539,-0.01409390723363899,-0.009089985731305435,-0.016459701686285525,-0.009674701121956682
2021-05-13,0.005443824478068656,0.006550967969680298,0.0033442316901631576,0.008091584550939163,0.0036808818819372793
2021-05-14,0.010512631253393304,0.011883304328730127,0.007798436022058257,0.01390319835118456,0.008158606104726749
2021-05-17,0.0008718477675647585,-0.0018861777246850636,0.002377422571968129,-0.0020161400257633494,-0.0003115711123174371
2021-05-18,-0.00166867906575184,-0.002709938951267468,-0.0008769451034800256,-0.0029819474729499327,-0.0017815116847960414
2021-05-19,-0.0029186889248827533,-0.0042040596298625115,-0.0015136007794212467,-0.0049691378885502865,-0.002415383200351725
2021-05-20,0.007982907004476273,0.009442083293757631,0.006040504772921841,0.010649984879886191,0.006896843723700598
2021-05-21,0.0009425158898456873,0.0009132899708003728,0.0012594932001576734,0.0006108205861258878,0.0013814290178114656
2021-05-24,0.0045183394964819,0.005781134749060183,0.0027352934656455397,0.006928686081566187,0.003425047190024322
2021-05-25,0.0037786803249486895,0.001784292438592167,0.006123407563234857,0.00042939927071300953,0.0048088663720035375
2021-05-26,-0.0005227212228219034,-5.421381632998048e-05,-0.0010843710187061644,0.0002727629824807586,-0.0007792207997338118
2021-05-27,-0.0005088510385136033,-0.0003570760894156777,-0.0013403016353484667,0.00039773615841282484,-0.0015663344490313418
2021-05-28,0.0012963340678750924,0.0009728630034453277,0.0008698907842521887,0.001560942049052145,0.00025198693114601717
2021-06-01,-0.00011359120484775702,0.0007054569714444955,-0.000873512004779177,0.0010550496455176582,-0.00022881643308416948
2021-06-02,0.0027025060719033517,0.00222690972498405,0.002802014221633548,0.0023651944534529294,0.0022573225575413824
2021-06-03,-0.006905546346113488,-0.0038453694166729097,-0.008176288432968169,-0.0041070985947570205,-0.004981221537854585
2021-06-04,0.009193162135300385,0.008798518924778793,0.009412728420043677,0.00877620215381738,0.00902932761551895
2021-06-07,0.0005383371445227276,-1.7442993279139098e-05,0.00019370245681423425,0.0006050973636910864,-0.000673792300422068
2021-06-08,0.0010861973599440207,0.0016704781455647128,0.0017120368460438213,0.0007523320240670421,0.0027544225335820707
2021-06-09,0.0009310231260271858,0.0008888368501164973,0.0024584735305433116,-0.0006198891610360835,0.0031687122252748337
2021-06-10,0.003942815597467137,0.003821694366616413,0.00407440442071565,0.003750642704016653,0.003988818391515271
2021-06-11,-0.0018423708691535185,0.0008192213586491932,-0.003792578864530239,0.0014331350791774757,-0.0014334940725016863
2021-06-14,-0.0023619147888359593,-0.0007631715262156073,-0.004609455027173402,0.0006784858831279594,-0.0037303478653789757
2021-06-15,-0.0010828019840292847,-0.00041321630950428423,-0.0014081727248320389,-0.000422797073184044,-0.0007335773189680378
2021-06-16,-0.006541042369370653,-0.004314489655392932,-0.006893647155144783,-0.005075058159895734,-0.00428610893182491
2021-06-17,-0.003992808324168203,0.001432573184673644,-0.004161824995565288,-0.0011079084918382655,0.0025325087564246956
2021-06-18,-0.0036111021234304635,-0.005910327082341114,0.003082753307780106,-0.011506792446733189,0.0035668092474164664
2021-06-21,0.0039960849975416764,0.004257374208997221,-0.0007739270181439362,0.008873486364512293,-0.002838544136106372
2021-06-22,0.000944890880917246,0.0023244407296537056,5.991404518978189e-05,0.002518488418530539,0.001343560694422344
2021-06-23,-0.0022515651707463503,-0.002869449952999086,-0.0015030868218468723,-0.003309730324168745,-0.0019006063843613466
2021-06-24,0.0033315751654795192,0.004978558178080988,0.001171377687689261,0.006309173663249013,0.002154508841575163
2021-06-25,-0.0006482980562224164,-0.000727987934120367,-0.0024322364501014825,0.0010926903138414308,-0.0034252808670742273
2021-06-28,0.0017587564367264065,0.0013421508065026148,0.0037067050814049538,-0.00040168219130478104,0.004159993274650477
2021-06-29,-0.0015252689005555444,0.0006459519498696841,-0.002462123809083516,0.0004958932001404216,-0.0002137790034003165
2021-06-30,0.00064839542897417,-0.0009984396580827494,0.0026589860149585603,-0.002190984876435805,0.0016100029562444399
2021-07-01,0.002195800829362515,0.0023122923257157244,0.0012839307638812484,0.003165034549762399,0.0009734953129576491
2021-07-02,0.005143838298368893,0.004935288025571239,0.004968113351826736,0.005215280990246487,0.0046194759230914866
2021-07-06,0.0022883802886581603,0.00045511319835546274,0.0055299146987226044,-0.001882895102163757,0.004865762177444986
2021-07-07,0.0046475610863323386,0.004775405182568085,0.00475173900496259,0.004607303064971248,0.004963601494109391
2021-07-08,-0.0032945586535932827,-0.0052559049217176836,0.00027461257226238183,-0.007860225812747331,-0.0003847538981585653
2021-07-09,0.002703340435683133,0.004786555971807925,-0.0028313692669951185,0.009244018373774324,-0.002985207166525255
2021-07-12,0.0009500793798874724,0.0019863490694099345,-0.0005482842905350905,0.0029636957782160763,-2.26040262075489e-07
2021-07-13,-0.0034369212139874834,-0.004565922598935898,-0.002990659242922436,-0.004447975869617775,-0.004178108862902878
2021-07-14,0.005810315550826995,0.004031857331116811,0.007800825027856393,0.002925226976241495,0.006577661724614996
2021-07-15,0.00012161950338773678,-0.0011899277014935411,0.0033661459865085993,-0.003791164870759981,0.003352727951792055
2021-07-16,-0.005531901078145709,-0.005102039511625808,-0.004502191748717652,-0.006347496262466883,-0.0034512651471163966
2021-07-19,-0.0009425537410056966,-0.004496570379574805,0.006834070693962073,-0.010569540040530805,0.006306881118580938
2021-07-20,0.0019043220283453878,0.004297485120358135,-0.002496850050202898,0.007478274263566269,-0.0016943609005743425
2021-07-21,0.0007973296482042186,0.0038977228612686993,-0.004724245119991805,0.00783149290574777,-0.0035903148359266554
2021-07-22,0.0032436462418974723,0.0031038926010718013,0.0042371488578059535,0.002179211691409895,0.0045590952693164155
2021-07-23,0.0012931774608524237,0.0036125337090136744,-0.002307061101104266,0.006036698645554574,-0.001198011140414451
2021-07-26,-0.00045225229775788567,0.00041591374305309503,-0.0016634805909089307,0.0011911631103236093,-0.0011825827449379576
2021-07-27,0.0012368576879356295,5.723170190291058e-05,0.003966992578162436,-0.002092007192598994,0.0038605473297212063
2021-07-28,0.00196137897172466,0.0013290080483822591,0.0020033515258846427,0.0016032559087998369,0.0012338607733179453
2021-07-29,0.0030299083070727093,0.0019360635349855166,0.0017390354999281396,0.003773048728068753,-0.000277172472720898
2021-07-30,-0.002368022031318784,-0.0017913399548845422,-0.0010436638527831124,-0.0034053712253331488,0.0003372292535430456
2021-08-02,0.0025577451826315533,0.003103350987422867,0.003087198764527861,0.002300995795500622,0.004033240098596228
2021-08-03,0.0030711982658060324,0.004727484941792625,0.0008103939594290825,0.006153523169244109,0.0017550304225020534
2021-08-04,-0.0011125916000819165,-0.0019376366050607916,0.0002734912454755552,-0.0029136087350654016,-6.345721668110862e-05
2021-08-05,-3.502121214973969e-05,0.001864145623434763,-0.0028327553687203222,0.003702296152153559,-0.0018511914257955202
2021-08-06,-0.009678919339593105,-0.004845573861802569,-0.014046920549056043,-0.0029208090630087817,-0.010160442136350117
2021-08-09,-0.004930584910017779,-0.0015181316903010353,-0.007038231363306683,-0.001123273866204978,-0.0038164932963051924
2021-08-10,-0.00042204801672372696,-0.0001340830316399284,-0.0015083854134209866,0.0008069472304665392,-0.001691466642760583
2021-08-11,0.004662724313167006,0.0028370256888048577,0.004688316608407363,0.0037246753348389953,0.0024185556704728424
2021-08-12,0.00014910808277715252,0.00030559720537175715,-0.00028960564469897765,0.0006658427429323057,-0.00031329836105629385
2021-08-13,0.008323515187404906,0.0062767774088940895,0.010473765780882697,0.005143578183061467,0.008996329058830549
2021-08-16,0.001031463387663301,-0.00024248786639647954,0.0022374774823485048,-0.0008135492853877684,0.0012501267589651703
2021-08-17,-0.0037370248101183806,-0.0050414723936096206,-0.0016020038288426207,-0.0065300219400856235,-0.0021618099225456794
2021-08-18,-0.00208091549457633,-0.0037030506069491054,0.0005360495532196843,-0.005517616563396412,-0.00017816364371356263
2021-08-19,-0.00046295057207281604,-0.0007238162189910538,0.001422703881438588,-0.0024828384027668396,0.002039027465146757
2021-08-20,0.0026207028405534094,0.003692237244645335,0.0009783450867938042,0.004795400643605452,0.0014986947691447226
2021-08-23,0.005919276011221339,0.005304320153959321,0.004353018912896001,0.0071761335872011014,0.002798405908258753
2021-08-24,-0.0012034629820822887,-0.0007381301459408687,-0.002732972560470264,0.000556049202950396,-0.0029156372279971394
2021-08-25,-0.0029889480356196933,-0.0013760888837208145,-0.005044069093021131,-0.00013293931753350334,-0.004051327638117539
2021-08-26,-0.001415887894267534,-0.002752067034978939,0.0006437184909024578,-0.004148991678790302,6.5845952523210125e-06
2021-08-27,0.008483659613454249,0.007287373349543433,0.008245155290129574,0.008124285430343084,0.006629764638043865
2021-08-30,0.0006270889665817315,0.0020466407783745,-0.0001448901490684148,0.0021079530884956536,0.0012450759641210582
2021-08-31,-0.001694495686429383,-0.0023176233560301914,-0.001990701493665317,-0.001709800643859771,-0.002918153922172139
2021-09-01,0.002430127702106506,0.0034266771849411717,0.0011208663203943667,0.004235424946571356,0.0017135717818621743
2021-09-02,0.0019559809758759885,0.0031871634081412177,0.001176129385672864,0.003350526054950136,0.0023265167521551423
2021-09-03,0.0008039950883378993,-0.0009204510493664305,0.0001702155061526654,0.0005760678338412223,-0.0023049008725121926
2021-09-07,-0.006754922295351861,-0.0031168967478312774,-0.009400715011058217,-0.0023002378633881714,-0.006162727220452844
2021-09-08,-0.0005866747664626089,-0.0009738738014762823,0.001338793392569888,-0.0027098121331134333,0.0018175123490600724
2021-09-09,0.002699619073231882,0.0011974307169848265,0.005590295989623793,-0.0009524308198141771,0.005162546208911708
2021-09-10,-0.005172618516033214,-0.005154911534724594,-0.005267455090447447,-0.0050689382444110784,-0.0052927399240756245
2021-09-13,0.00417883349224164,0.004530317693742786,0.0037170236297222083,0.004816106624990415,0.003925679058363521
2021-09-14,0.002289086931880805,6.95169938620511e-05,0.005757159481829632,-0.002304093116199728,0.004725869828239579
2021-09-15,0.00019549618719608982,0.0024948142051804375,-0.0025338351789982476,0.004064593433792849,-0.0010161984637004737
2021-09-16,-0.006473170913235037,-0.002257969986323787,-0.008888904563666021,-0.0019585105409998917,-0.0048136541168225045
2021-09-17,-0.006052456175557807,-0.00804142207617389,-0.0033267733709852936,-0.009782298863355156,-0.004443386662984793
2021-09-20,-0.0026836772677897003,-0.0076224075042214635,0.0046802124518573705,-0.012586899914539242,0.0022326291659699477
2021-09-21,0.0030228426248511604,0.00258010413528953,0.0023138782366977136,0.00351011677213141,0.001405164571372144
2021-09-22,0.003441545546169109,0.0056445477822297105,0.0015045002486584987,0.006474826245541208,0.0032955675233679507
2021-09-23,-0.0032287361158121605,0.001377944433574664,-0.010624398023511583,0.006401776374738742,-0.008523666976656411
2021-09-24,-0.004108567620598201,-0.004625202081930424,-0.0042310520884313516,-0.004244350386108028,-0.004938253451002841
2021-09-27,-0.0012880370525324663,-0.0020512851485071687,-0.001067461886884831,-0.0018902963164972812,-0.0019110279501579864
2021-09-28,-0.014352454169808435,-0.01662328328838745,-0.010987020062273277,-0.018867863209952217,-0.012133578308725844
2021-09-29,-0.0005583868271227897,0.000270825468188929,-0.0006579175626258713,-4.421516011245585e-05,0.0003288759986425726
2021-09-30,0.00020774099218752294,-0.005062865210763739,0.0044579483108608976,-0.006703710885390492,2.5676648505516485e-05
2021-10-01,0.005609093531579683,0.006592755549436693,0.004824895553859811,0.006884243742722044,0.005663438657599025
2021-10-04,-0.00427941682877369,-0.0075128674175713945,-0.0007087116245618259,-0.009484140007591785,-0.0029499550766270335
2021-10-05,-1.9346860446024985e-05,0.0025651726877116737,-0.004179004057436234,0.005410831950957774,-0.003015529773666766
2021-10-06,0.0013037187509334649,0.0005469542687152653,0.002510699548292445,-0.0002834887927248088,0.0021693104957784385
2021-10-07,-0.00043259194687175377,0.0022550415816769377,-0.004749349537098028,0.00520456738357236,-0.0035345180590481847
2021-10-08,-0.0021564689159575437,-0.002443690704955202,-0.002731723538048558,-0.0017250630623568684,-0.0033788251623192047
2021-10-11,-0.0033031060714930984,-0.003976637018863109,-0.0023276916518342075,-0.004616510588893208,-0.0026810943447754935
2021-10-12,0.004751254215741401,0.0037040705033629753,0.007487572281343367,0.0014825347640353777,0.007549139773764786
2021-10-13,0.008544392626106269,0.006313288055742545,0.00954802666023972,0.006423698947432295,0.007264008165432667
2021-10-14,0.006937930227660781,0.009104130588605703,0.00375367742475992,0.011192330001991782,0.004877712099808215
2021-10-15,-0.0016100075075920703,0.003176201267876346,-0.0064623886156564775,0.005603381145719826,-0.0028746466051601323
2021-10-18,6.181891565632937e-05,0.00043753897530294036,0.00039307468349189913,-8.160668275474608e-05,0.0010280562307117894
2021-10-19,6.926440277899103e-05,0.0008072034265477589,-0.0033542111294798532,0.0038488406028314203,-0.0041432648252557654
2021-10-20,0.0017371837546038338,0.0007236093608646266,0.0007628256566409489,0.002204427694038719,-0.000993693171529628
2021-10-21,-0.0012944136594164354,-0.0013421425577076719,-0.0013727885825972602,-0.0012399071726180645,-0.0014716468413159597
2021-10-22,0.004799199294290185,0.004078138742835393,0.005950548162105102,0.00328564219516338,0.00562587457844373
2021-10-25,0.0019080829270949247,0.0008464533957696579,0.0020633790682580747,0.0012220063290955291,0.0008141143093449048
2021-10-26,0.0011305543852854875,0.002901557433439764,0.000959644097926629,0.0021871777453068533,0.0030880090460183728
2021-10-27,0.0031595706220481894,0.0018063804020969482,0.006803013779934795,-0.0011760406728150066,0.006937215338021349
2021-10-28,0.0030151106344465865,0.005005160683422217,-0.000346743378229454,0.007357892158484144,0.0004675938951662357
2021-10-29,-0.0019496735213050402,-0.000648962831043678,-0.001917102026932996,-0.0013316580663835637,-0.0002752718506420676
2021-11-01,0.001839787705655922,0.0019752793678552588,-0.00018746400252472447,0.0039305491819854755,-0.001032755378560364
2021-11-02,0.0012164261116996355,0.0018237887646871597,0.001378582514744741,0.0013580201032073202,0.002218612001063612
2021-11-03,-0.001298856297587183,0.0017800807882115037,-0.005503643766540763,0.004422545889608239,-0.0037411735677084696
2021-11-04,0.005831504560279857,0.003979409785646442,0.007725424185669435,0.003006613733982025,0.0063619592983305655
2021-11-05,0.0073349924948738765,0.0052226688279996235,0.009777582333292614,0.0038282284469453873,0.00836520687716878
2021-11-08,0.00019561199104923746,-0.00041426302337556873,2.21576678592112e-05,6.419809825054776e-05,-0.0008271811529406939
2021-11-09,0.003001028800059431,0.0014487001676618551,0.005916180310202492,-0.0007007813453240028,0.005438257895270946
2021-11-10,-0.006896929916279405,-0.011124435290555252,-0.0052791346841863295,-0.010632293302595122,-0.009745554108541145
2021-11-11,0.0012410531358803061,0.0005137303861323758,0.0008812067619960272,0.001237305608466069,-0.00020849229641009147
2021-11-12,0.0020374859619497186,0.0029431920388887393,-0.00015820664260013473,0.00468033257535931,-0.0001221246307847194
2021-11-15,-0.003838510454547049,-0.0036660542063136816,-0.005417027750315853,-0.002176384898408819,-0.005991144949930418
2021-11-16,-0.0017071240158074235,-9.889927134670688e-05,-0.002962887532379814,0.0003504923302237362,-0.0015776971658329787
2021-11-17,0.003152857256000579,0.0009654688860443301,0.005632011633163914,-0.0004282762663236197,0.004144463260268069
2021-11-18,0.0011747961009911986,0.0022597993900320555,0.000650425083713511,0.0022412568473696346,0.001745273157336271
2021-11-19,-0.0011112112016929958,-0.000620613778828822,0.0009314056816711177,-0.002912177522029378,0.002562486401624086
2021-11-22,-0.009535092299856036,-0.005872372379133273,-0.012184907359854188,-0.005064076864783553,-0.008917949024929294
2021-11-23,-0.005366728176155145,-0.003598234198706591,-0.00813680342781808,-0.0017221064102074398,-0.0073053960224444235
2021-11-24,0.002638666385173242,0.0024125224317296076,0.004995767028692144,0.00016266363711010785,0.005890546489839116
2021-11-26,-0.00357759804962958,-0.008144494206929651,0.0067784640437052466,-0.01634689315508247,0.00629273243912378
2021-11-29,0.0016475072527639117,0.003631727860380228,-0.0018127331597996516,0.0060850029071561895,-0.0010547936002186953
2021-11-30,-0.003562309874923903,-0.005015987506648022,0.0016442555951228987,-0.009526514399203798,0.0024341134259021906
2021-12-01,-0.0013768241021431423,-0.0039038521429611995,0.002240617360492104,-0.006274710385684509,0.0009017691408480721
2021-12-02,0.004634684759016195,0.008485822417016477,4.535280514669917e-05,0.011121696994491387,0.002587568775481626
2021-12-03,0.0022726185075039344,-0.0007056778676406169,0.006636313266832443,-0.003604781986794122,0.00511109845500327
2021-12-06,0.0003763368492890841,0.003019340249358497,-0.004835517610528944,0.006876709491152118,-0.004123090861497179
2021-12-07,0.007082995892824285,0.010507014758230307,0.0002517633590968621,0.015569777529638928,0.001140806337400374
2021-12-08,-0.002937454298936457,-0.0025744169499826706,-0.005590164776897645,-0.00011070653948480616,-0.006463577427648965
2021-12-09,-0.003112086020417464,-0.0034013228363498787,-0.0008848339367385711,-0.0054892409632905335,-0.00013341901758941456
2021-12-10,0.002749003598772134,0.0030734171544825606,0.0012051037625886685,0.0044524935631856674,0.0008386999054195149
2021-12-13,0.0005124845366658437,-0.0018171586889799314,0.005314438448095235,-0.005482416654185467,0.004814804284241485
2021-12-14,-0.005168305814656146,-0.004510010116815858,-0.0047106806538084025,-0.005296787744318436,-0.0036597089609997227
2021-12-15,0.004608065247514008,0.006659284970398772,-0.0003748108582192066,0.010587298580630844,-0.00029299245684525586
2021-12-16,0.0009905270647783838,-0.002321839067021054,0.0037062779242022755,-0.0033919469624136955,0.0009360804855747347
2021-12-17,-0.0025203115338156977,-0.004398725248806391,0.001972573827091081,-0.007976488234137071,0.001878675722867533
2021-12-20,-0.005262105060755823,-0.005721720938821967,-0.004624723857641503,-0.006129820926414181,-0.004880189277944036
2021-12-21,0.0047582116870769605,0.007709636034452825,-6.093733577261822e-05,0.011023988245194854,0.0012354106811523547
2021-12-22,0.006839390769101629,0.006900176225898745,0.005426475989547796,0.008280662375559035,0.004795411768764578
2021-12-23,0.0008814185754383812,0.0016353404310304623,-0.001692908418352586,0.003825200712635066,-0.002036601432708169
2021-12-27,0.005454752165922585,0.007173511928262758,0.002693113970685955,0.009066170356576846,0.0034663310914387485
2021-12-28,-0.001818479755368035,-0.0009926088639708752,-0.002635455461745868,-0.0005894871952821771,-0.00201069631584022
2021-12-29,-0.0026772804346809364,-0.002534628110179546,-0.004226919250396655,-0.0010588208518743985,-0.004823912795588642
2021-12-30,0.0024595403175755566,0.00048239859399972347,0.005042639264366791,-0.0011208940489907237,0.0038692177043519096
2021-12-31,0.0009619871301296743,-0.0007671597729525817,0.0023484102336373165,-0.0012917616821261715,0.0008834950108470152
2022-01-03,-0.00719596842490693,-0.0028353432198389332,-0.014008023283088167,0.0017379834072115583,-0.011927820905546031
2022-01-04,0.0016771701156479432,0.0007322698112304825,0.001198987840519048,0.001683011049446483,-0.0002223022199386728
2022-01-05,-0.007925134262780196,-0.010137858067679341,-0.004866635140122605,-0.01210216579641587,-0.0060948854559602006
2022-01-06,-0.0034321806139358114,-0.0016201652987617213,-0.0035422587526679926,-0.0024157962237475665,-0.0013324222621031627
2022-01-07,-0.00122038149309813,-0.002185866239788721,-0.001696858779825419,-0.0012265271306575907,-0.003143047836527707
2022-01-10,-0.0011932156652089958,-0.002862059209187852,0.0008544343049943139,-0.0040808546209060255,-0.00020339868873800105
2022-01-11,0.00801725260840528,0.007573105715627717,0.007135426532569378,0.008676448535431347,0.006138272014585029
2022-01-12,0.0023093200486198865,0.003053606323292514,0.000280920180048063,0.004705073655794457,0.00019828144561506202
2022-01-13,-0.0027651875686070517,-0.00419739694352997,0.001123891062878601,-0.007388099817429411,0.0012826051046791222
2022-01-14,-0.0048681103167242425,-0.004360574408857613,-0.00713296054726243,-0.002355150690864305,-0.007630773138978855
2022-01-18,-0.010859101461353195,-0.013786400062324785,-0.008180148694215126,-0.015011765334838698,-0.010489126159303128
2022-01-19,0.002706571058205099,-0.0016077217894889446,0.006892949255142633,-0.0036613141016840324,0.0036176363214416463
2022-01-20,-0.002339668696757167,-0.003432024555548243,0.0004669523837094605,-0.0057017572441416305,0.0005074201705002999
2022-01-21,-0.00413534763810563,-0.00681891359966033,0.0021110479045677753,-0.011770349390354295,0.0018953877761423714
2022-01-24,-0.001934578407718129,-0.0036164328672744404,-0.0014542358997573803,-0.003256129630329899,-0.003315395629462537
2022-01-25,-0.0035316477349772927,-0.006005689605509514,-0.0007312810511209444,-0.007579613051691136,-0.0024145647836601473
2022-01-26,-0.008031977815139858,-0.005392397281425173,-0.01052649688099595,-0.004226284675090625,-0.008465353099598952
2022-01-27,-0.00019175673712659084,0.0014123707685908767,0.002146425352642577,-0.001731151363301314,0.005311219240123637
2022-01-28,0.005176783221227095,0.008537193155069503,0.0008177886210979408,0.011191199497731726,0.002857411650333896
2022-01-31,0.006685488710274181,0.008771840573821497,0.0018415158084531596,0.012544813978430328,0.002036973670588671
2022-02-01,0.002633937261286418,0.004064839075298443,-4.958585560737353e-05,0.006024072960554156,0.0004014661731084508
2022-02-02,0.005001243863980289,0.005968848213012157,0.0032699923968559945,0.007212587071661704,0.0036157447159479356
2022-02-03,-0.010518731092953683,-0.01418580616309279,-0.005947202978398528,-0.016951550653221802,-0.008223825620013673
2022-02-04,-0.0024867922298200374,-0.0020870161725838115,-0.005508896803899504,0.0007255133894140368,-0.006521414328801652
2022-02-07,0.0014721962056513619,-0.00016608364221351395,0.0026036129610055516,-0.00048023489685713344,0.0011240479322190784
2022-02-08,0.0013022875051209792,0.0020114663092287628,-0.0013505301559482655,0.004301801676469358,-0.001789652780560548
2022-02-09,0.007327893511609408,0.00971349170788447,0.003312100655647378,0.012516373382834787,0.004297252741602904
2022-02-10,-0.011914715304390618,-0.01421439380028573,-0.010245474728640786,-0.014737849263477737,-0.012280125585034458
2022-02-11,0.0010847909045876858,-0.0062489696464267264,0.010334210089621746,-0.011945530523439383,0.00587810777664253
2022-02-14,-0.004537839024099023,-0.006592831562652782,-0.004367248591676348,-0.0057356022835102615,-0.0068507072760764735
2022-02-15,0.00237931858396658,0.00769326074682722,-0.005041481598357802,0.012386456858116545,-0.0020604157627619854
2022-02-16,0.004466685911500558,0.002913824755013734,0.005454490475314957,0.002701007369041562,0.004009450186004252
2022-02-17,-0.0028413751749535145,-0.009354135860354315,0.0050799740765758855,-0.014103157115656687,0.000966078200431253
2022-02-18,0.0002527648635912345,-0.0006634089774989713,0.003031288126726181,-0.002992760237357317,0.003277074577483393
2022-02-22,-0.0038132424864464687,-0.006508018268463005,-5.122802408416623e-05,-0.008941040989435427,-0.0015261454727817216
2022-02-23,-0.008019972939799136,-0.011576150677667887,-0.005446501852939751,-0.012381185536644594,-0.00859228625414199
2022-02-24,-0.00040116262585318047,0.0010839288257535752,-0.0010911492577042367,0.0010306578486248986,0.00042161926007499467
2022-02-25,0.009007036756924781,0.014294506505492003,0.0018615901785303567,0.01873032710021884,0.004945674078800242
2022-02-28,0.0035853859388224863,-0.0006349182097348309,0.010713805004118719,-0.0057173428900439,0.009037064607276664
2022-03-01,-0.0002980918274428453,-0.007644953007104339,0.00872741913605078,-0.013106098465243403,0.004141659716545835
2022-03-02,-0.005145269147087106,4.22357491114861e-05,-0.015550932778582775,0.00772377204285624,-0.014212592250223012
2022-03-03,-0.0010440729757187697,-0.004718947953585287,0.004608124114360393,-0.008574622863448657,0.0028654127467961006
2022-03-04,2.6556045836487324e-05,-0.006889488322587142,0.009263142483918168,-0.012780573373167403,0.00531637380464475
2022-03-07,-0.012035366553713959,-0.021285423380325026,-0.0026366114582059797,-0.02618172149462861,-0.009383550905671405
2022-03-08,0.0029703862760063174,-0.00238676460235768,0.0041707966572664444,-0.0009096760696288823,-0.0019183812241005255
2022-03-09,0.00535851335979655,0.018000164937826375,-0.009101986938472107,0.02586422375666252,-0.0002897132032576826
2022-03-10,-0.006672881969700597,-0.00895620167978707,-0.005890061296276891,-0.00859821885859354,-0.008350491281558327
2022-03-11,-0.005501030466843206,-0.006457579169998702,-0.002340570422123829,-0.009151189441170368,-0.0019542525755331572
2022-03-14,-0.009289801136330303,-0.006062933216611072,-0.01444259822821851,-0.002556933705332177,-0.012965765703548642
2022-03-15,0.002646480668999733,0.00949238126368699,-0.003898864766735359,0.01255588493235834,0.001446538215788154
2022-03-16,0.01490062262964269,0.01939564465788586,0.007924472577596594,0.024062963000858018,0.010092697999056731
2022-03-17,0.003944207874632009,0.005026982969369519,0.0007642729604564857,0.007653883541182391,0.0005302624588825615
2022-03-18,0.0052694387391806746,0.009076862982684201,0.002729128612539995,0.009704018554092303,0.0062316983286556694
2022-03-21,-0.006321578919970723,-0.008484350287027076,-0.007937225339814703,-0.005787596679214103,-0.011456797390059753
2022-03-22,-0.00034940590389543366,0.0031981215166963306,-0.005796863632956864,0.0068342903609453914,-0.004062979365823619
2022-03-23,0.0027652462005852453,-0.0025511725480222708,0.010560307022983202,-0.007766697736373245,0.007862625063076598
2022-03-24,0.004263451602215651,0.0052242455194818176,0.0003651727224550389,0.008625243410799477,-0.00038178697906822656
2022-03-25,-0.0040684079464420675,-0.00268314699373351,-0.007522191589848709,6.397859908030675e-05,-0.00751329797491879
2022-03-28,-0.0007122870685394253,0.0032876174556991885,-0.001980768187438943,0.0025540071262410233,0.0023912700304413526
2022-03-29,0.009459196231686725,0.01281430493440504,0.005535659390391405,0.015039817077440013,0.0077849499469880915
2022-03-30,0.0016398335453573529,-0.0010017616527504003,0.005035953958122185,-0.003092293719978225,0.0034434101984131744
2022-03-31,-0.005934986713698294,-0.009231072027475272,-0.0008923426424027698,-0.012658246451181692,-0.0024712469788163924
2022-04-01,0.001560754037029348,0.004041475683621216,-0.0006935498378330101,0.005048330796432814,0.001287821012085466
2022-04-04,0.0022488706853567037,0.002530572384548919,0.0002477472837134146,0.004386577341011626,-0.0004011445129465949
2022-04-05,-0.013058523805305174,-0.014414290965607425,-0.013069887571862731,-0.013724806281797756,-0.014770594769748744
2022-04-06,-0.006097035312754379,-0.008794555985865565,-0.003602039846728581,-0.009949499908405143,-0.005717298627632954
2022-04-07,0.0002632414178990795,0.00023067935829336386,-0.0014171073838598065,0.0019245177752806673,-0.0022991473189275524
2022-04-08,-0.0023251630673272014,-0.0037840272609903614,-0.0029850913602304206,-0.0023943551572179374,-0.005140940242545402
2022-04-11,-0.00864763455442072,-0.012468620710714348,-0.005960843884909809,-0.013255485477455429,-0.00937941659900273
2022-04-12,-0.0003374119996836212,-0.0029918991116064495,0.0022781764485455313,-0.004289707662930259,0.0002772083630859017
2022-04-13,0.006156857197368985,0.007395706727378532,0.0037443045259560985,0.009181731065739874,0.004089776576127376
2022-04-14,-0.009680289110741615,-0.010700865658144052,-0.010326162494230746,-0.009544661424559548,-0.011926376876986739
2022-04-18,-0.0021237521253697753,-0.003312209694128777,-0.0017693289818890812,-0.003072563880074238,-0.003077167083763631
2022-04-19,-0.0015935447208318238,0.0034962211444280206,-0.007597287199232643,0.006907346492594152,-0.004197139269322505
2022-04-20,0.007305636551903029,0.0069208189931111086,0.009474989697066179,0.0049387580464305275,0.010078421262606656
2022-04-21,-0.008446442339755405,-0.010312095675440386,-0.006236320073220224,-0.01159592017260197,-0.007457974062847782
2022-04-22,-0.012196615719217412,-0.014647451366980818,-0.007303968160215359,-0.018344025889499585,-0.00790866149726146
2022-04-25,-0.00012568593431639514,0.0035262016442016235,-0.00034834125137698894,0.0019241242220979018,0.004104612730554978
2022-04-26,-0.008407498482417047,-0.014435064414099303,0.0015756781530234666,-0.021531130951214658,-0.0008978005544608359
2022-04-27,-0.0034635441504828786,-0.0012333606832201569,-0.006994604164923038,0.0011668880736825796,-0.005963074886142157
2022-04-28,0.009103100719261459,0.011915849727445556,0.003904031663852562,0.01567538738709691,0.004836531535016519
2022-04-29,-0.01358587407628367,-0.01848041104386358,-0.008176117179875222,-0.02148267708713494,-0.011554537358543369
2022-05-02,-0.007530383682973313,-0.0034190631416186404,-0.01228019058884008,-0.0007549526246988048,-0.009490390341927583
2022-05-03,0.0046734097800771425,0.005318171324945764,0.004073604376460905,0.005595095178015963,0.0045801789100852405
2022-05-04,0.013835141616954653,0.016615598718436257,0.008888256567794635,0.0201420436760503,0.00990583564491748
2022-05-05,-0.021924809715720136,-0.028045653606243403,-0.015823737343217494,-0.031137917017313235,-0.02037411703567156
2022-05-06,-0.006680655914282484,-0.008626409175650553,-0.006006227117071389,-0.008328600059423675,-0.008099504479160939
2022-05-09,-0.012721274932651055,-0.01611836429009914,-0.0033557857125803723,-0.023888542944750017,-0.0028946480192933314
2022-05-10,0.0027445759244605628,0.005430610795438555,0.0016012434171831943,0.0052289891116958954,0.0043912575406060165
2022-05-11,0.0018196906467527897,-0.0020185273807359536,0.008209265292462213,-0.006540621845187107,0.006634551013070832
2022-05-12,-0.0037218373945934473,-0.0009710420717934719,-0.004777684984198637,-0.0012922098369022572,-0.0018632733734503392
2022-05-13,0.004828595491147401,0.011531990360655445,-0.005596611175402674,0.018469147714550816,-0.0023462701010567304
2022-05-16,0.0016121773108115852,-0.0005623705459961243,0.003085434648149052,-0.0009515419450979219,0.0011083335233690202
2022-05-17,0.0029632453414851477,0.008056099075620849,-0.005225009954861844,0.013614068442221332,-0.0029038613418853406
2022-05-18,-0.007550396340735325,-0.014073920420631773,0.0045742891831134615,-0.023120619123593946,0.0025681046600141075
2022-05-19,0.004497524297392639,0.0018576290073819524,0.006015477962396918,0.0016561782389460649,0.0034801491681786456
2022-05-20,0.004419811899642755,0.004986066287402837,0.004861240566628437,0.004261480624971233,0.0057891814764971525
2022-05-23,0.00415827630444111,0.006807111733241859,-0.0027370231794603523,0.012322612027770892,-0.0028582206512605657
2022-05-24,0.005212797109732876,0.0028374705483921224,0.009990874220599999,-0.0007808933967886129,0.009422554487318305
2022-05-25,0.0021384947881639593,0.004200884599344071,0.0010532728793578956,0.00425314959719791,0.00309173790465708
2022-05-26,0.004744287166218533,0.008183877959387438,-0.0005971362040588146,0.011769492344831474,0.001053601171849059
2022-05-27,0.008314270153972757,0.011888489510268305,0.0032313854591697806,0.015151141339471945,0.005180148999321498
2022-05-31,-0.009829991554221498,-0.008995178828703194,-0.01186382539047303,-0.0073836386800203045,-0.011835700542557464
2022-06-01,-0.00357135533261327,-0.006756116411344914,-0.0006112829895192148,-0.008136063013081155,-0.0030993990799851536
2022-06-02,0.01071612291053468,0.012214895089847497,0.006196650817087461,0.015961564095349753,0.005815090350206109
2022-06-03,-0.008924342775224234,-0.009950581853069846,-0.005725812156541667,-0.01264777386241187,-0.0054071989626420834
2022-06-06,-0.004455668321521688,-0.0028945914205904654,-0.008390249363063972,0.00024128244205718854,-0.008400846371851607
2022-06-07,0.006759603461607691,0.006733790154368779,0.0069552673745974115,0.006550992160322206,0.007020827706618124
2022-06-08,-0.007786103811302574,-0.010111734559329644,-0.005423607801694112,-0.011319090650279097,-0.007142038617423767
2022-06-09,-0.009131505010419722,-0.012989278331126607,-0.0025080677308194563,-0.01773903532503996,-0.003989543549831929
2022-06-10,-0.010860573345389873,-0.019011619827663393,-0.0028373070987627955,-0.02304904923970019,-0.008926532430899109
2022-06-13,-0.029596141304061067,-0.03153479411733118,-0.026176451644416683,-0.03399975387823993,-0.026882479961665155
2022-06-14,-0.007723558210862861,-0.0073127317181060905,-0.00859531512803622,-0.006647305084825336,-0.008517300094981908
2022-06-15,0.015057503680058957,0.015740769964219324,0.014392938195181806,0.016063092498118894,0.014915351216336182
2022-06-16,-0.0066810834746093535,-0.014499520085241809,0.0037234804615070803,-0.02113793771670751,-0.0007453555446050976
2022-06-17,-0.001308702755840725,0.0001927754685238622,-0.0016032485992385035,-0.00026344375679925,0.00012677026501901366
2022-06-21,0.002985911161535568,0.007670970060882723,-0.005436029952132642,0.013663305750740267,-0.003746500945800875
2022-06-22,0.006211191281175975,0.004539372944570856,0.01148900793732159,6.536463964142885e-05,0.012043774911816194
2022-06-23,0.003121199246536954,0.005275700060396427,0.0023420821930601886,0.00497670206579291,0.0046478421761644234
2022-06-24,0.008878302376975875,0.015104060663472385,-0.0018779641964456484,0.022604874538417793,0.0006026898214748124
2022-06-27,-0.004426303908333558,-0.00500401048161825,-0.004639521783355718,-0.004501881485026248,-0.005468564257773277
2022-06-28,-0.005006808082540507,-0.007531001679788108,-0.0003964608103390053,-0.0109056687254847,-0.0012337113854299254
2022-06-29,0.00345240508613607,0.0032749492492343255,0.005997847466791148,0.0008115161908486543,0.007047163232791624
2022-06-30,-0.0012119417527740278,-0.001327194039370629,0.0015083392067364292,-0.003997424714568718,0.002722228605286065
2022-07-01,0.006068478710964346,0.007491331929855833,0.0059468708715042905,0.006901664937827184,0.007664635949180714
2022-07-05,-0.0062431874332617085,-0.003951909135365403,-0.004439699604902382,-0.006901566566874399,-0.000683616290260752
2022-07-06,-0.007010495553849107,-0.003379911659474929,-0.011654963517333063,-0.0005789321453709671,-0.009417460563133608
2022-07-07,0.003858312360310641,0.006715404785861733,-0.0016608533616576271,0.010768930946119876,-0.0008321430546775137
2022-07-08,-0.002773293442808996,-0.0028059946885253518,-0.004297639051188026,-0.0012675935498393078,-0.0051016544370954976
2022-07-11,-0.002198293406318746,-0.003881948752662693,0.0035763944064181844,-0.008852899121812806,0.004364416530142016
2022-07-12,-0.001158609684491201,-0.0013546533811612416,0.0006107614178978373,-0.003029307953667136,0.001249863058043042
2022-07-13,0.0029438269769826554,0.0014748643516180832,0.00569269647615238,-0.0005488585733862912,0.005235320871217415
2022-07-14,-0.0085159355083092,-0.007364442431255164,-0.008588883420123792,-0.007867122631856899,-0.007186042709963477
2022-07-15,0.008432489443188789,0.01227355871614199,0.003995836359584368,0.014763459984155921,0.006601144580562175
2022-07-18,-0.003387188855976731,-0.003998645373345532,-0.004028984343912546,-0.0030512905028456435,-0.005115152317107414
2022-07-19,0.009953167299094439,0.014854054289860535,0.0014044278596101576,0.020862207611241763,0.0033037998446451143
2022-07-20,-0.0015393301523958642,0.00031960159784456837,-0.0022532366703857487,0.00010330205317604315,-0.00028476927040199646
2022-07-21,0.011965681047435717,0.01119701999544913,0.012862088284935696,0.010683867891428243,0.012350363608731131
2022-07-22,0.0030909477572931094,0.0014327065289522175,0.007522346262414917,-0.002192651124530267,0.007671205965621009
2022-07-25,-0.0014971380528708588,-7.63337444753778e-05,-0.004433785430103425,0.002139488109786398,-0.004121821330329029
2022-07-26,-0.005320983043732003,-0.007691306429128425,-0.0014810876362767202,-0.010364716755646557,-0.002513407581783816
2022-07-27,0.011514911893060654,0.01442435899414689,0.004899111989091148,0.01953348255978804,0.005246465209300715
2022-07-28,0.008972897549177409,0.00831728286247333,0.009039538059426831,0.008578477135716408,0.008253353062344594
2022-07-29,0.005728840199977062,0.008004637681265043,0.001482580022509252,0.011090890776429729,0.002214773092062025
2022-08-01,0.006295466733054551,0.005005317814092307,0.009834502732733442,0.002096699936890853,0.009994927660488722
2022-08-02,-0.012028031024747476,-0.013095306017884263,-0.01240659506927214,-0.012182903447536609,-0.013930961117777878
2022-08-03,0.00878677237030781,0.01043180782322444,0.007836031487798654,0.010558685309548536,0.009419125368102717
2022-08-04,0.004568851401416776,0.0016977420031542658,0.005782512368079152,0.0019174459265324977,0.002805153996122963
2022-08-05,-0.011125311880465238,-0.009772113554186668,-0.014423805436199056,-0.00716305533838906,-0.01437754101218545
2022-08-08,0.0061013538674832175,0.004556854524359798,0.008788150253666912,0.0026332843932656896,0.00820561791541742
2022-08-09,-0.0024788266498203065,-0.00402801048670953,-0.0013839818411244358,-0.004350012832834061,-0.002770683269520764
2022-08-10,0.007363620544230771,0.012166076115690865,0.00021818662514266006,0.016845494088277242,0.002690275761343711
2022-08-11,-0.006335687723314068,-0.005835178390136441,-0.009442501379122411,-0.002988984378800502,-0.01037101420794018
2022-08-12,0.00968089063770322,0.010316874753518649,0.008351930005009545,0.011325708336977535,0.008483289862472435
2022-08-15,-0.00284100266485665,-0.00043497168042580726,-0.003834517565974181,-0.0006459281761158457,-0.0013205317100390176
2022-08-16,0.0004804393223015948,0.0009749361838433104,0.0003586740814713892,0.0008494386340600888,0.0009159816499415982
2022-08-17,-0.007557684108015647,-0.0077478668656606004,-0.007616728684686521,-0.007593724260905238,-0.00788400743860705
2022-08-18,0.00015054217307403387,0.0006477106749511912,0.00029057843129012774,0.00025913626808172634,0.000981880749282209
2022-08-19,-0.011658049510681983,-0.012961744436539272,-0.010561437350471785,-0.013408216561518513,-0.011640786026939694
2022-08-22,-0.010533957998332016,-0.013043986292441889,-0.006217172126803738,-0.016129138886506526,-0.00718400146281863
2022-08-23,-0.0001606478715631632,-0.0017500295057074884,0.0002332436230026451,-0.0013493828351221306,-0.001555816091344407
2022-08-24,-0.0005478416062402383,-0.0007085810330906931,-0.0018961978190186822,0.0007184406543514308,-0.0027723936079707737
2022-08-25,0.009572440125186097,0.011495606290785427,0.008005251884444254,0.012097718085520119,0.009629768012768452
2022-08-26,-0.013489959451570211,-0.01716686219080193,-0.004982673185709757,-0.023922844898941607,-0.0052959471712462815
2022-08-29,-0.004271998568939099,-0.0052840982995779676,-0.004194042720035314,-0.004855921771680606,-0.0054202038361411764
2022-08-30,-0.00453520898195434,-0.004673254746362542,-0.00227618069146599,-0.006868528992707447,-0.0013205540957513828
2022-08-31,-0.007477747294274563,-0.00739503203894254,-0.007545784398656157,-0.007368359149299015,-0.007476401134629626
2022-09-01,-0.008395914042646436,-0.007668837568731583,-0.009999042685354087,-0.006432328391960077,-0.00989062096565683
2022-09-02,6.019697233583506e-05,-0.003412403966586694,0.00434545621188517,-0.005985786516500732,0.0021664353906553817
2022-09-06,-0.009204527512883783,-0.008615134215343247,-0.012360198917901492,-0.00576496856425776,-0.013201592626262646
2022-09-07,0.011856806029591013,0.012486676686912824,0.011150387832030513,0.012877488232961044,0.011585102341408278
2022-09-08,-0.002455522345475568,-0.0005328538595737636,-0.005492168289295402,0.0015308206180632247,-0.004600233093500587
2022-09-09,0.009611963490795988,0.012610458458108582,0.004256513070354882,0.016431291963066558,0.0053449129108642905
2022-09-12,0.0040474342344075645,0.005519734133909545,-0.00014904941837997997,0.008959731971337745,-0.0004022567205813327
2022-09-13,-0.019115191159331597,-0.024464589085548476,-0.008848589881314631,-0.03218730144881556,-0.010343444413269252
2022-09-14,0.0015805596946712372,0.003047532355687294,0.0006203999782348668,0.0032728504690230907,0.001975994623787177
2022-09-15,-0.00850092441000392,-0.006749093386754539,-0.007733909502769548,-0.008391556341476843,-0.005163827041232143
2022-09-16,-0.0034950517912108307,-0.0060118749321547435,-0.0017472846122860823,-0.006505703972491767,-0.0040133161919878105
2022-09-19,0.0025438833255834663,0.0035018043063792764,0.001033052654205436,0.0045307880305581775,0.001476754150856584
2022-09-20,-0.009726339411895744,-0.011428953743351159,-0.0074816621693056485,-0.012828928737975497,-0.008482772469403824
2022-09-21,-0.0012287551939146836,-0.005239437010058873,0.0058139149753178715,-0.010338980542951081,0.004353614268517758
2022-09-22,-0.009669124396244363,-0.010697209942624155,-0.01166859459381734,-0.008186530017738319,-0.013958968074580125
2022-09-23,-0.013041371859256754,-0.014456826482741604,-0.007333142419103189,-0.01949392396546681,-0.006245752510369022
2022-09-26,-0.013711666719981315,-0.013835319834894865,-0.014408933233411818,-0.013076667630051034,-0.01491247946427075
2022-09-27,-0.007664082657351092,-0.009047553443630334,-0.009088380494352698,-0.006932323567996461,-0.011534632379071602
2022-09-28,0.022574721402985762,0.02278939973118155,0.023037442187106905,0.022219181036720697,0.023536876883307578
2022-09-29,-0.00868875814711912,-0.011946657776642647,-0.004830212966983671,-0.014196194436773297,-0.006957008109316364
2022-09-30,-0.006828157520788157,-0.008735445914045417,-0.005523625975954076,-0.009088829067744789,-0.007252011453030831
2022-10-03,0.01873955477472962,0.01850765586623822,0.016670389567830294,0.020688743820191948,0.015343415448416145
2022-10-04,0.016791632941474687,0.02089290327177533,0.00775766970795871,0.027779173840673067,0.008403748463688096
2022-10-05,-0.006557628378753843,-0.0066840244818032815,-0.006743911985621677,-0.006434563752060961,-0.006995108589247089
2022-10-06,-0.007763929851077265,-0.010367542482752004,-0.004597920078538942,-0.012245095252735348,-0.006258805521922749
2022-10-07,-0.014094333035202966,-0.016336620997435134,-0.010040952850329988,-0.019289297725207384,-0.010807052596024838
2022-10-10,-0.009714725290262929,-0.007969136476461037,-0.011289844377700718,-0.007270279524850227,-0.009891668250337706
2022-10-11,-0.002917013548470901,-0.004266316613439073,2.1064793106477015e-05,-0.006540164546595982,-0.00019262144736039295
2022-10-12,0.0009536712440330272,-0.0007484180868401366,0.0030076579661784176,-0.001956978988591629,0.0019115567240931763
2022-10-13,0.005424809006229961,0.011441550932290476,-0.003554483441408757,0.01731043273527115,-0.0004575078442432575
2022-10-14,-0.012809007514761902,-0.01408061663378395,-0.009772561607058099,-0.01649224337016995,-0.00984032874506157
2022-10-17,0.009983015997673738,0.014358713631299652,0.002534992000491044,0.01955010380656644,0.004318072383919208
2022-10-18,0.0050087512861914,0.006462638377212432,0.0027969483250470137,0.007941278198896767,0.0035122746538870236
2022-10-19,-0.011959073526944215,-0.01119106526858723,-0.013116159406403032,-0.01041969064516732,-0.012733619415481536
2022-10-20,-0.007067473248739232,-0.007805191494911788,-0.007973805637121849,-0.006530418794549768,-0.009350768422896855
2022-10-21,0.008645067494535426,0.009285040928068361,0.0024925424031584913,0.015078057567844678,0.0002093539292120341
2022-10-24,-0.00010761842801010949,0.0017751553434884237,-0.0032557774916132814,0.003969541108008454,-0.0024695346391365265
2022-10-25,0.01578356451285928,0.01910245637920446,0.014179957957080793,0.019042771730980484,0.017534056166728356
2022-10-26,0.005424616458870039,0.004355532402545084,0.00763383024744569,0.0026749272318492513,0.007404498061310747
2022-10-27,-0.00014736070828286175,-0.001309752611501063,0.00345113868158545,-0.004341985916623001,0.0038001644605706103
2022-10-28,0.002734526202211761,0.008076698303221358,-0.004223998143390015,0.012301222434599315,-0.0009783290505654839
2022-10-31,-0.006984900827562488,-0.0069678398863305974,-0.0064230845787567655,-0.007538497587704701,-0.006120986604807391
2022-11-01,0.005047844949400894,0.0034036967651119784,0.006595176390949836,0.0026751043925040516,0.0053171058188464515
2022-11-02,-0.010670341076327514,-0.013314180834729485,-0.005920831130726501,-0.016769886229429046,-0.006836922768651491
2022-11-03,-0.0064284794846117535,-0.007589437480768875,-0.004838335881568496,-0.008602391444214338,-0.005492160571769008
2022-11-04,0.013605399993603861,0.01294518221685629,0.006848514405342292,0.019989090041976847,0.002619107482838482
2022-11-07,-0.0008786015028734327,0.0011863844916732598,-0.004509541771911602,0.003768500124419614,-0.0037353131523950975
2022-11-08,0.01095019432380118,0.008034631571589908,0.012249114214934912,0.008190968994000816,0.00925926550510958
2022-11-09,-0.007013332290016251,-0.009467957519148314,-0.0018901434342191055,-0.013395799347386855,-0.002384080462581978
2022-11-10,0.03945746061954214,0.044248138099941,0.03213661759065664,0.04910596027520461,0.034506773673322666
2022-11-11,0.006325654161233718,0.007943939506921023,0.002138422582543852,0.011301529022617282,0.0020734044723637038
2022-11-14,-0.0043356197830676495,-0.006642778160721712,-0.001848564375575964,-0.007984669636689467,-0.003481382371557288
2022-11-15,0.008359450070936447,0.00913905971993381,0.008828064079388555,0.008280679955296693,0.010036021606316982
2022-11-16,0.00316883245537141,0.0026404240933455368,0.0072076646132492,-0.0011516208979443852,0.008564412970099527
2022-11-17,-0.0050874403447569334,-0.00396389425690258,-0.006797301559159586,-0.0028195250243257027,-0.006245489098474562
2022-11-18,-0.0017611631815229786,0.00026051928337893936,-0.004252044921183212,0.0017323730973777748,-0.0029638999779511644
2022-11-21,-0.0026095959972074873,-0.002595335150459415,-0.0011505355332639229,-0.004063647554306453,-0.00040401577709988767
2022-11-22,0.009506333374743495,0.011968529437109443,0.007490564690145277,0.012747428612069893,0.009567261133143622
2022-11-23,0.009329727466554607,0.009802848720329138,0.009702760223230673,0.009193232406124494,0.010480260354367534
2022-11-25,0.0005386837268610858,0.0008689039391343215,-0.00044722378953314504,0.0016885813808126707,-0.000527173174524518
2022-11-28,-0.007114456633526717,-0.0084166655942193,-0.003457696817786146,-0.011437924010106862,-0.003253440896676224
2022-11-29,-0.0018478064646358513,-0.0027248339148044543,-0.0030564679259715466,-0.0010784926251643672,-0.004759742742739213
2022-11-30,0.015172747308426994,0.017430619428239185,0.010746294346191402,0.020704302185091922,0.011366033762874778
2022-12-01,0.013600940841822607,0.01093859044960126,0.01792481517795521,0.007922206801002925,0.016772248727080333
2022-12-02,0.0022150001864423346,0.002687042223629818,0.003863549949663227,0.0008001671469115734,0.005275368364741924
2022-12-05,-0.014093117592693117,-0.013751615165487105,-0.013342538145469485,-0.014673366734237006,-0.01254107989059944
2022-12-06,-7.66574393544802e-05,-0.002521712174708086,0.004610389007907772,-0.006013326481289931,0.003909872496815276
2022-12-07,0.007883852421521958,0.0058964147162892675,0.012280203151457265,0.0024704655600483053,0.012002572051776492
2022-12-08,0.0016165807756058314,0.0027455710786728348,-0.0008229932839713864,0.004613500166604886,-0.0006288044762334761
2022-12-09,-0.007047462963956791,-0.008437635008287031,-0.008896946918232144,-0.005894955744283015,-0.011565825228482474
2022-12-12,0.002477271757438164,0.0058415840716436905,-0.0005952374075618141,0.0072187957664945155,0.0020879776894289896
2022-12-13,0.010937939421331968,0.009691960187189274,0.011042452245478953,0.010210554993453498,0.009537232162106807
2022-12-14,-0.0005744544534526883,-0.0007801718461685241,0.0008686442954063075,-0.002122640909969144,0.001332816031758451
2022-12-15,-0.012300701442300995,-0.014065661635161618,-0.005820674907712901,-0.01971085807617062,-0.004781693626158409
2022-12-16,-0.005169965584119398,-0.009009916817127116,-0.00256051054159957,-0.009709409946663436,-0.00604178661921086
2022-12-19,-0.0073928460379730325,-0.00793993806087428,-0.008316667100198459,-0.006743133873390468,-0.009463758598478617
2022-12-20,-0.0004882324917747392,-0.003261569610503239,-0.002111280730500833,-0.0002512762458928989,-0.00640013985684197
2022-12-21,0.005772528427366018,0.008616746004707602,0.0023471937223590866,0.010604443938130063,0.004202416791176595
2022-12-22,-0.006984393805538481,-0.006787703552792612,-0.004897735758211786,-0.008976859281727787,-0.0036109483296456867
2022-12-23,-0.0012039882707902665,-0.0008929113680796168,-0.004089283220245769,0.0018281094040228586,-0.005144540171783636
2022-12-27,-0.0042191115283732586,-0.006161252811501655,-0.0057164296895724585,-0.003693180388306579,-0.008899665544678605
2022-12-28,-0.007029086256365436,-0.008426376059342655,-0.004798918659277598,-0.0099642027943128,-0.005426778791172494
2022-12-29,0.010775740111440514,0.01298102334037793,0.007841969013464184,0.014800958164816726,0.009139840880286743
2022-12-30,-0.004846312055224174,-0.00709611850026522,-0.004008205907351951,-0.0068103357083000625,-0.006398927462775315
2023-01-03,0.0076358667349071705,0.006469369010548247,0.010197030649038244,0.004483548083761005,0.010022414369689724
2023-01-04,0.009779242110614655,0.009944158998471108,0.009572528316977354,0.010068357986101683,0.009675361179700394
2023-01-05,-0.006016690469949757,-0.005614763090045826,-0.003778329293794432,-0.008058637921311014,-0.002160323351735536
2023-01-06,0.01908773749389555,0.020158524416224437,0.016682907541398447,0.022021051992453786,0.01682146095397317
2023-01-09,0.0027202488448817732,0.0026242369581829716,0.003198919318833338,0.0021933213491726025,0.0033182384987090452
2023-01-10,-0.0013305498420357125,-0.0010603092753914902,-0.004517502720991427,0.00198097946487405,-0.005775387057989762
2023-01-11,0.00837879448959002,0.01052976214866739,0.007507635363934777,0.01032432182483741,0.009763269308745727
2023-01-12,0.011330597523975252,0.010871550750320305,0.012391877580751135,0.01003844893180588,0.01234916694181623
2023-01-13,0.0016199552658039632,0.00013754689385907614,0.00014027968781563527,0.002357609456169654,-0.002457857503821252
2023-01-17,-0.0026475236592152216,-0.0011766990101256204,-0.004373079626260778,-0.0001905230863495336,-0.0033940207430783517
2023-01-18,0.0022988854271928094,0.0008976870707262134,0.008361713733095785,-0.004505565446342906,0.009643443262598859
2023-01-19,-0.00028699707538657886,-0.00434608274467583,0.0017580006907639484,-0.004367831925207022,-0.0022819237138606233
2023-01-20,0.0007154707304039091,0.004094863958694677,-0.005744003933130455,0.008813802555277708,-0.004725905127702367
2023-01-23,0.002188347061595243,0.0034319440482168157,-0.0007801479330567852,0.005768210354767577,-0.0007065158509976982
2023-01-24,0.004008895810654093,0.0030563983042443442,0.006584103658225629,0.0009496725996874907,0.00668305185044747
2023-01-25,0.0030312919620014943,0.002806534489958833,0.0028114370607095966,0.0031387508150790403,0.00242044405997494
2023-01-26,-0.0007764419454879502,0.0021844844572814015,-0.004052308909990461,0.0039654617414180545,-0.001976279368722831
2023-01-27,-0.0009032937427302043,-0.0005345074145341519,-0.0015803850253318802,-4.237516236029666e-05,-0.0014576726215545337
2023-01-30,-0.005583804633174226,-0.0069713583298977155,-0.0036284068131705502,-0.008237930312313124,-0.0043818004057155436
2023-01-31,0.0071157857392750426,0.008375480642802108,0.005703617267223796,0.009155121038318446,0.006574492334916741
2023-02-01,0.010260536180260996,0.009736151364701445,0.01044106393777588,0.009817770445411392,0.009875969136940858
2023-02-02,-0.0010846633358716777,0.004351299303948711,-0.004874142174127816,0.005401943041455675,5.4680994566222874e-05
2023-02-03,-0.013999956751016273,-0.010968235349865896,-0.0159871240427679,-0.010502724163892132,-0.013182679940401214
2023-02-06,-0.0053825430627159115,-0.007410747490408378,-0.004059878614909242,-0.007721891264941998,-0.005930069860507939
2023-02-07,0.002511415619895616,0.004459588464304615,-0.001577036327913682,0.0075538227796090275,-0.0011779504314139958
2023-02-08,-0.0016983422236969527,-0.003911681995537277,0.0017351965219097032,-0.006253587781667541,0.0006943379937501632
2023-02-09,-0.005623943180128599,-0.004709240543739902,-0.006753756293243705,-0.004038465048303178,-0.006173955700617397
2023-02-10,-0.003118325834288973,-0.0036952510746631733,-0.00419518016973465,-0.002330740750480064,-0.005456417709661305
2023-02-13,0.005580275722157619,0.00873216642602046,0.0029910976774114107,0.009735889766438757,0.0056476088514951115
2023-02-14,-0.0007285353207078237,-0.0007340512502427667,-0.0014565549747953713,-3.8012489835429037e-06,-0.001827666104719667
2023-02-15,-0.004479449506864534,-0.002592462612068832,-0.0064433444432551775,-0.0015773128382722485,-0.005061610095588911
2023-02-16,-0.007625582901736718,-0.00935834898228237,-0.006712447560044814,-0.009406352762381935,-0.00841965166101377
2023-02-17,0.00261071456355937,0.0020102719780653983,0.003924660064000109,0.0009944688588680516,0.0038318543813975836
2023-02-21,-0.012760899604172392,-0.015130038446559765,-0.011374858784074248,-0.015334377301701084,-0.013638700340488355
2023-02-22,-0.00011808885890434072,0.000326507289238425,0.0015233543562450731,-0.0015395422679269001,0.0028974153599440507
2023-02-23,0.0045921425169891915,0.0057101281492154725,0.004350404044166513,0.005392836537952448,0.00562730617941708
2023-02-24,-0.010715913135524046,-0.012028395667484102,-0.009188699076160456,-0.01290249360755123,-0.010063082013472334
2023-02-27,0.004785659440864537,0.005531377894260805,0.0033559505129615746,0.006585724018335919,0.003574390792773464
2023-02-28,-0.00041588986708007323,-0.0024375835502208985,0.0021430416658800083,-0.003994318925341677,0.0009019896410258839
2023-03-01,-0.001804879347707873,-0.0027933247251119633,-0.003130408507607105,-0.0009745516441214185,-0.005032003750763064
2023-03-02,-0.00040943698189913665,0.0006553652574563902,-0.0029880407649906667,0.002693709984769122,-0.002943857295588606
2023-03-03,0.014550050087417865,0.015436302926762622,0.014271655080198944,0.01527146889992045,0.015240584322172216
2023-03-06,-0.0033249491374038958,-0.0024464174593442135,-0.004658058519941129,-0.00155483667428019,-0.004225038751922242
2023-03-07,-0.009010231168007312,-0.00872749511013515,-0.005429713948583875,-0.01246172764779424,-0.003292734813385794
2023-03-08,0.0012987124312167884,0.002094595479799892,0.00019345430733649877,0.0028003319110058308,0.0006367718796903466
2023-03-09,-0.001936807316968072,-0.00648598445146889,0.0034919958271906774,-0.00967969470068999,0.0005518853877473995
2023-03-10,0.008503661068344145,0.001725451054381747,0.01888151685098603,-0.005402115004530788,0.015681564707385236
2023-03-13,0.004914913709356878,-0.0005165559472780758,0.009479920496041922,-0.0023955580433391577,0.00500714054336627
2023-03-14,0.00037092864691178664,0.004514359173829568,-0.006956025586131594,0.009703435758169093,-0.005405958789659419
2023-03-15,-1.1438998554254274e-05,-0.005300434461087947,0.009225521255373079,-0.012000288215157143,0.007287694644319803
2023-03-16,0.00457161035250524,0.007414650052987131,-0.0012880874008388361,0.01181144508200488,-0.000646971388892695
2023-03-17,0.005494366789130286,-0.002603116952264108,0.013880396170214264,-0.007037514583265237,0.008042070280402644
2023-03-20,0.0024417245308103407,0.004822912174012346,-0.0025011300527458384,0.008545728377889118,-0.0019840116251103957
2023-03-21,-0.00046360510097390065,0.006110518706570472,-0.007769603080411746,0.0100581114404752,-0.0031415226141898143
2023-03-22,0.003976595123086832,-0.0014253301947427326,0.010928596116289605,-0.005740364817708436,0.007699787360524357
2023-03-23,0.003487177135829886,0.0012370898097389068,0.004598740865038715,0.001248713009614113,0.0023453508965046183
2023-03-24,-0.00034015301001352223,0.002270044162974737,-0.0014167653327851952,0.002039848872685389,0.0013114412608954786
2023-03-27,-0.006508021718273212,-0.0035322422361471623,-0.01258300763293325,0.0010103208336390158,-0.011882027213993878
2023-03-28,0.0014329664472035077,-0.0003364540798716594,0.0024793455032737495,-0.0004997547701431881,0.0007933319452837158
2023-03-29,0.004101883195907607,0.00770355670567292,-0.00041173361415619396,0.010389603401775424,0.0018544000333906537
2023-03-30,0.0064543618256328325,0.006409222776923919,0.00529261104823935,0.007592221409045089,0.0046547065703535714
2023-03-31,0.00670446340290721,0.009625508153053594,0.005319945673012621,0.009546637902332055,0.008284518814505206
2023-04-03,0.005621339115537941,0.005375003356314806,0.005457861037970527,0.005661650308254929,0.005068107261054313
2023-04-04,0.0043538403735281835,8.482486236102844e-05,0.007889573104516254,-0.0013342551288606467,0.00434193124199171
2023-04-05,0.0007379718196198072,-3.804264809533981e-05,0.0034411165133349715,-0.0023614847438755836,0.0038237662722691973
2023-04-06,0.0006246939866277893,0.0029041945875272267,-0.0012051634060518772,0.0035895290594527844,0.000735037359066898
2023-04-10,-0.006017852678506495,-0.004490326355841447,-0.009140178078276733,-0.0021435646303799346,-0.008787000266117572
2023-04-11,0.002487651086719868,0.0015725400575208209,0.002864164807185315,0.0016533723409151884,0.0019089950600956187
2023-04-12,0.0014892257969145394,0.000752238328085091,0.0016361290288872047,0.0009738209957608968,0.0007884563992214729
2023-04-13,0.00618712101951565,0.006062242417252284,0.002861631006040113,0.009439358052025351,0.001037847687515388
2023-04-14,-0.007608304419702083,-0.0046616612860963065,-0.009884238643274259,-0.003866473184238835,-0.0073296266852450895
2023-04-17,-0.00395791311944494,-0.0029007061569551506,-0.006352361654052698,-0.0010417022679319742,-0.006225651185464566
2023-04-18,0.0029987318217073065,0.0028386827147935667,0.002961361623517313,0.0029560822622914855,0.0027425993980254863
2023-04-19,-0.002089308159739423,-0.0014507132787426188,-0.0023378250197101705,-0.0015215839503570612,-0.0016636292145513186
2023-04-20,0.002275107185777177,0.0009246151324448882,0.004817429950645462,-0.0009504367749491892,0.004404199185080083
2023-04-21,-0.0023198809193299423,0.00022352608400286905,-0.004895776114826427,0.0015186450322286975,-0.0029956745942490356
2023-04-24,0.004100998827192287,0.003884107915104911,0.005175442159792857,0.002916843541883863,0.00544154678038088
2023-04-25,-0.0007474230967961826,-0.00475106151838916,0.0062978749350642085,-0.00985677938995752,0.004847614063101308
2023-04-26,-0.004997541236068869,-0.004420959846246463,-0.006212859492873027,-0.0034957156618019773,-0.006099083239702549
2023-04-27,0.0037682860383437995,0.006975381629978053,-0.0024278308466871364,0.011521236548036108,-0.001495680380921999
2023-04-28,0.005917553367773884,0.00667324394399238,0.006842696581297185,0.005369820189974462,0.008248162550696471
2023-05-01,-0.009190203274484705,-0.008503375585280618,-0.013266029375721291,-0.004788840497744407,-0.014446460504163795
2023-05-02,0.006512151956071577,0.0005462086269008992,0.015006234603337072,-0.0050588859815720736,0.011857998973388876
2023-05-03,0.0028201584645285017,0.0006925279116459857,0.005310969876743406,-0.0007427817110228518,0.0039037343350591916
2023-05-04,-0.002685510404944599,-0.005037682349806446,-0.0016829864698678686,-0.00486561561653779,-0.0041187567619040445
2023-05-05,0.0021725844446127784,0.008572633047073275,-0.005012489687212539,0.012488798389355578,-0.0005443720939850614
2023-05-08,-0.0035025867865365744,-0.00366607140838522,-0.005465803721842939,-0.0016247954847391074,-0.006653822420062407
2023-05-09,-0.0011575704039419083,-0.0034184381166779657,0.00036075580073547536,-0.0038097206309160537,-0.0017013914249408794
2023-05-10,0.003408616047613075,0.00392563658694737,0.0045283011377647685,0.002546509477731559,0.005732824011677525
2023-05-11,0.00023020957420351708,0.0015607412600188992,0.0013065685328238676,-0.0001811048268813474,0.0035045223625556382
2023-05-12,-0.0037677254713817062,-0.0037377254368144257,-0.00487248508636182,-0.0026492014176799535,-0.005387760803666979
2023-05-15,7.778344127529161e-05,0.000761309793321946,-0.002667037694139718,0.0031559784968303727,-0.00318441808220037
2023-05-16,-0.006810335680892931,-0.005916030779490438,-0.006171686619971197,-0.007001854604493385,-0.004735828260088995
2023-05-17,0.0017386964791449892,0.004083790933172463,-0.0015397572249163578,0.00617584636565838,-0.00023807629020461342
2023-05-18,-0.0033577556828417537,7.031810457646565e-05,-0.00712315423721549,0.0021026058787858223,-0.004703693105850423
2023-05-19,0.0009750824671186567,-0.0005755420456165013,0.0003911821070086336,0.0007840826934416023,-0.0018412532155929952
2023-05-22,-0.0012013430694829226,-0.0006507933643561568,-0.0020072971883265713,-0.0001209468399552706,-0.0017215458823043599
2023-05-23,-0.004134719471000828,-0.006973910413290452,0.0002689879239800118,-0.009982786217188218,-0.0010632695754905128
2023-05-24,-0.007559888869936167,-0.00815999833008957,-0.005791060207959398,-0.009632393702598772,-0.005656023217698531
2023-05-25,-0.0016953884063966853,0.0009606304616932895,-0.0043790989538224885,0.002306480644460957,-0.0023913629500678223
2023-05-26,0.007112044105174043,0.008580696348978855,0.004995258128919442,0.009957405009355108,0.005776495962553166
2023-05-30,0.0026037303445675944,0.000388120406477264,0.006342568685376355,-0.0022604960047845927,0.005451978398398101
2023-05-31,-0.0003970677194333109,-0.0022875965468878655,0.0033497822647389234,-0.005106388839074964,0.0028674864934323968
2023-06-01,0.007828629517889707,0.008686302151528914,0.0056619453019267785,0.010418631485297881,0.005652305742249963
2023-06-02,-0.0006663886774930675,0.005035445909739236,-0.007942764511252177,0.009391884464506499,-0.004400651790217752
2023-06-05,-0.0007318404159030955,-0.002710709928291171,0.0008307542554579524,-0.003287375595165508,-0.0008572650946488886
2023-06-06,0.0037102616216073015,0.004524360239654759,0.0029786257671425083,0.004848197244560828,0.003631243696290451
2023-06-07,-0.008884157959866452,-0.0076796002368486665,-0.010301378904559764,-0.006867334208475363,-0.009502070202765115
2023-06-08,0.009317564558481754,0.008341415941036913,0.009849391468594483,0.008297239679242391,0.008895837752697287
2023-06-09,-0.0012807461860920963,-0.0007434521626299003,-0.0019213502917594784,-0.0003720410251749794,-0.0015695883512826467
2023-06-12,0.0034588651105814587,0.004980605004603703,0.0018146280456857733,0.005860314532908751,0.0028980016941881756
2023-06-13,-0.0011750774302011523,0.0019036790305516744,-0.005794254644119193,0.0049563623873825815,-0.004238175889758644
2023-06-14,0.0027909531716093982,0.0031287803320665946,0.003063544544986085,0.0026872613812594865,0.0036219059175008135
2023-06-15,0.00935510527131961,0.010280218859812295,0.008213783044880175,0.01095726311570216,0.00880087201109626
2023-06-16,-0.002891055836215644,-0.003170395519471764,-0.0028685877193847078,-0.0030531876838943615,-0.0032065288781908032
2023-06-20,-0.0038931022175107484,-0.0036050093061290155,-0.0013714081786679855,-0.006276749826017478,0.00024580297809890416
2023-06-21,-0.0002719396498376711,-0.0003786679096375353,0.0005819219239066621,-0.0011799392563265,0.0008753380955900065
2023-06-22,-0.0059638808828521815,-0.004228168755347453,-0.008312384785654723,-0.0027546778888421475,-0.007311887338453055
2023-06-23,-0.0014715541472073818,-0.004335201843007944,0.003547734539777992,-0.007954203287564703,0.0024939930843133366
2023-06-26,0.00023289593625191367,-0.00040116290033512887,0.0010640296993266098,-0.0009161721720461692,0.0006876890481574549
2023-06-27,0.0021323521497618146,0.005021513231230246,-0.0017516117136301993,0.007441334924519977,-6.804007344669841e-05
2023-06-28,0.0012104057694418459,0.0017855154268038255,0.0015293133327123729,0.0011790843915532752,0.002407220760908133
2023-06-29,-0.004892143257381317,-0.004432002959963029,-0.007961017170084787,-0.0016032647307201763,-0.008921195876169118
2023-06-30,0.008949761845019935,0.010020661396687568,0.007422852552201029,0.011009120653894673,0.008000036220171574
2023-07-03,-0.0009830341259069479,-0.0011263910615184746,-0.001678157746413392,-0.0003600194920292462,-0.002205287215687229
2023-07-05,-0.006210485197361978,-0.0068501217216692225,-0.005950832126916877,-0.006790055899478304,-0.006620328997621236
2023-07-06,-0.009864364496855583,-0.011836659874148977,-0.008391287971833084,-0.012326731511325033,-0.010116092725985402
2023-07-07,0.0013776725689858352,0.0003987491762599437,0.0007666236328978475,0.0014993052533716865,-0.0007639680369579035
2023-07-10,0.0020766252687695066,0.0024691393036728303,0.0017412916953303775,0.002608056928675948,0.002064448009767875
2023-07-11,0.0052801988972239556,0.0060674577442414975,0.004079759906605374,0.006872433778485408,0.004464749401444585
2023-07-12,0.01188584689337276,0.011874503222507632,0.01113095449153526,0.012634502319940096,0.010739098807513697
2023-07-13,0.008289419255824253,0.010540621482935782,0.006426518320544885,0.011272999804590272,0.008314841320930154
2023-07-14,-0.004069250691347023,-0.0040772994946695245,-0.004488166192144708,-0.0036545333160014856,-0.004707757108780802
2023-07-17,0.0009202538148090068,0.0010038724435823384,0.0008131592125727292,0.00106914266058304,0.0008641465952426305
2023-07-18,0.006160826160664392,0.005283361051606479,0.005731420708486184,0.006151599264386297,0.004418989826476943
2023-07-19,0.003221641832052301,0.003350309517476534,0.004426039788188217,0.0020802050880327737,0.005188237071639794
2023-07-20,-0.006829990237782242,-0.0069831344832157706,-0.007324920094801851,-0.006411836536512964,-0.00776405308717048
2023-07-21,1.9365113724010005e-05,0.0008471146798901268,-0.000509085704595687,0.0009612787092727035,0.000261984166901687
2023-07-24,-0.0015919005932682022,-0.0005543050747849687,-0.0028404516788406867,0.00017337935627082757,-0.002166055835103348
2023-07-25,0.001319045344038098,0.0006093052132117529,0.0009715333951974142,0.0013117527285667176,-8.998463906306128e-05
2023-07-26,0.0024149152493522746,0.0017351072853198917,0.002886074151747887,0.001603527774886104,0.002272338774899581
2023-07-27,-0.01061874053932508,-0.008362868578553347,-0.013667235922835943,-0.006454361000014586,-0.012363018123891123
2023-07-28,0.006764633918019753,0.006858762414752928,0.005936070369872032,0.007639537925502282,0.005639336590874463
2023-07-31,0.001704056555132975,0.0013854642904891244,0.002006755788003584,0.0012419339822783626,0.0017599956674739774
2023-08-01,-0.009838822826536888,-0.009318946314515617,-0.010849474544091858,-0.008569481764145456,-0.010704394508270827
2023-08-02,-0.010116457608646637,-0.012437909258578538,-0.00700128889245486,-0.01440504595083296,-0.008336452868759704
2023-08-03,-0.007173573911117666,-0.007670525230988082,-0.009365310813996271,-0.005234532196857557,-0.01108625851502365
2023-08-04,0.005475544274650223,0.004544281898822632,0.008727291868042646,0.0017461439957443014,0.009190658964853543
2023-08-07,0.0011112722488279372,0.0033084112954068243,-0.002703117548888682,0.006006174161895816,-0.0018543641308512982
2023-08-08,-0.0005439293005285402,-0.0003125448009042991,0.0017750780321528188,-0.002752358761090753,0.003220786808190673
2023-08-09,-0.001157988439372414,-0.0008982791665842574,-5.479824146445026e-06,-0.0021818138782320733,0.0008943423512383307
2023-08-10,-0.003837958077563554,-0.0031344981448267056,-0.00698849378123682,-0.0003466281855432687,-0.007684077609544043
2023-08-11,-0.0026213076307540087,-0.0033910778723272826,-0.002010182425398463,-0.003617853019849484,-0.002666183222617337
2023-08-14,-0.0009535598598807247,-0.0002244547431317143,-0.0017325533063823806,0.00018916258318488592,-0.0012099141575346065
2023-08-15,-0.0070882238942001,-0.008958057261599886,-0.00464102898482428,-0.010478198263896241,-0.005748941428620822
2023-08-16,-0.0063352710509495015,-0.006740065060906056,-0.005595086345085851,-0.007278530536456299,-0.0057306559171708075
2023-08-17,-0.004419672675637353,-0.005638488671603889,-0.002818156671812197,-0.006633958283726334,-0.0035384543161910463
2023-08-18,0.0013644393006319287,0.0014224807006933352,0.0018155368201501084,0.0009421724214642837,0.0021135114506014257
2023-08-21,-0.0010571202222105214,-0.0005712909800636013,-0.004175969462769939,0.002294222072270892,-0.0051289508127058845
2023-08-22,0.0011435463794307007,0.00034889706600942555,0.0028754905700949926,-0.000989338306701756,0.0027495063643703647
2023-08-23,0.01314105479508856,0.013270565067387058,0.014328127152331355,0.01201740586105924,0.01508273265164687
2023-08-24,-0.0072492699200445735,-0.009928033755330383,-0.004090891711151338,-0.011760390456143056,-0.00584916774620669
2023-08-25,0.0029376453519199476,0.004526559315079044,0.0010718772031722912,0.005593233318088007,0.0021289966504071194
2023-08-28,0.004635044221273661,0.005766629131849411,0.00268570385443757,0.007145444861160801,0.003128028530983649
2023-08-29,0.010586466045816494,0.011285754201361579,0.009269466893901724,0.012250978622202017,0.009486078300676739
2023-08-30,0.0009317835975878851,0.0007926741226197484,0.0004953403432770803,0.0012985144705613876,0.00010304349752688317
2023-08-31,-0.00018483073314445826,-0.0003699713844266246,0.0010168485151120972,-0.0014806332336576732,0.0013861325963715884
2023-09-01,-0.0037451158844977596,-0.0036881462211432086,-0.0060170918206750015,-0.001449869383762695,-0.00708356362586284
2023-09-05,-0.00816026135906274,-0.007828989869426544,-0.008971449871773611,-0.007184215075945558,-0.00896271466337532
2023-09-06,-0.002410098276145772,-0.002405133211221264,-0.0013569749724748183,-0.0034618466637371635,-0.0008246323960063419
2023-09-07,0.00015156472726001239,-0.0006851011515208414,0.0017826563545600728,-0.0019011211581702635,0.0015538200144394763
2023-09-08,0.0009275441353877272,0.0008553323709023881,0.0014031536595479795,0.00041558588418126,0.001550672470451184
2023-09-11,0.0020859566591709304,0.0034058533704373443,-0.0011037785130576926,0.005923620847718072,-0.001044959406907036
2023-09-12,-0.0017054101037289754,-0.0016179967528788927,-0.00019579915930817361,-0.003173529658911849,0.0006671710337072111
2023-09-13,-0.0005991335629320504,-0.00033050603173705596,-0.0004147689979914035,-0.0006491845691936458,1.3080855770027656e-05
2023-09-14,0.00274744162635334,0.004820155543121675,-0.0013295963487658707,0.007840619225144877,-0.0007682590806912938
2023-09-15,-0.00330405371291158,-0.006108333952895514,-0.0012728333067879233,-0.006743422257147806,-0.0037546680254673926
2023-09-18,0.002128578976785008,0.0007129277845709307,0.003789416375125853,-0.00024377499893166922,0.002853330271619595
2023-09-19,-0.0024863945404116437,-0.0024127271468520803,-0.003440766720700135,-0.0014961330456736233,-0.0038260792515421977
2023-09-20,-0.001684643405438214,-0.003007043805411547,0.0004106365039702366,-0.004446694107195602,-0.00019145197475456453
2023-09-21,-0.01465622713942468,-0.016535993122069298,-0.013666079573746851,-0.016587729377624833,-0.015518142007288826
2023-09-22,0.0027806937806163163,0.00198698363963976,0.00455481588308353,0.0006059363025422414,0.004451099013420979
2023-09-25,-0.007614668348872708,-0.006605240725949052,-0.011373454411972461,-0.003367003162744692,-0.011989397960680626
2023-09-26,-0.00810241643951501,-0.009275245588821113,-0.005215899629652117,-0.011585232044618534,-0.0052356763196521805
2023-09-27,-0.0045523688061739455,-0.002237534667565867,-0.006417732506856321,-0.001534544313726055,-0.00445091714461291
2023-09-28,0.0030038345870194343,0.005393391403185414,0.0010115796068115564,0.006185247321272983,0.0030089445407963803
2023-09-29,-0.0032853692562930113,-0.0017545979528816875,-0.003606083756727564,-0.0021993243736227173,-0.001852461559773292
2023-10-02,-0.00983477637054773,-0.009202138507325836,-0.011058033917883084,-0.008297030624630337,-0.010878037361346748
2023-10-03,-0.01170857144345767,-0.013753109043054459,-0.011030242747221135,-0.01340980100552068,-0.013244974081352077
2023-10-04,0.006016008407940088,0.00694822587148571,0.00674186246988368,0.005756183155178567,0.008268461208654968
2023-10-05,0.00035264073983328457,0.0015118014723216847,-0.0014562167191336894,0.0027369349218132073,-0.0009091977132986996
2023-10-06,0.0024294914245132815,0.0036942609323753705,-0.002101701530324331,0.007569983845999638,-0.0027835245623552747
2023-10-09,0.011417015737253863,0.008291519816567368,0.015796630179101007,0.005449719495858203,0.014096480413784217
2023-10-10,0.0029712349959535016,0.00518777226554415,-0.00026150242239763406,0.007298872799546742,0.0009015625829310081
2023-10-11,0.008205511988293598,0.007591191397353845,0.010203131639321884,0.005896165308977024,0.01043478472759686
2023-10-12,-0.010682525646196407,-0.011515632793100793,-0.012430844649224148,-0.009352998380510508,-0.0143503816508342
2023-10-13,0.007927582882270606,7.589532389514214e-05,0.015452475211482061,-0.003602379673429165,0.00948011083677932
2023-10-16,-0.001748912656736541,0.0010026449251020757,-0.007090016934051176,0.0049332511119051965,-0.006305393338604422
2023-10-17,-0.0031561605582601667,-0.003467529445479623,-0.004890002690000664,-0.0015807225253910223,-0.006148292889767842
2023-10-18,-0.005969349823567019,-0.011995328925346606,-0.001233263746159014,-0.013750795608198465,-0.006358270984913471
2023-10-19,-0.0058838645021592915,-0.010105263096082546,-0.0044774294557307385,-0.009403727004092722,-0.009043339851236764
2023-10-20,-0.0018770782395468194,-0.004570492700528487,0.002530236748586553,-0.007655678961184502,0.0013809328079734836
2023-10-23,0.0023060621848870317,0.0028793867801122316,0.0037077021087765284,0.0011895609376328829,0.005122886449604831
2023-10-24,0.005947336979913997,0.0072788861943776815,0.005635382612077531,0.00692498270355394,0.007144306902468595
2023-10-25,-0.009397425198457288,-0.012398747873989391,-0.00875071724411768,-0.011545058432283317,-0.012176937806154562
2023-10-26,0.0008327785088671066,-0.0014326733704534975,0.006103728486946211,-0.005604204197434746,0.005918513419010942
2023-10-27,-8.074939222817371e-05,-0.003157796489605279,0.0017426360554433052,-0.0034476186866856055,-0.0011841820114072592
2023-10-30,0.002450895493435912,0.00604273426750805,-0.0025198641529745685,0.009185739873658184,-0.0004932014614597287
2023-10-31,-0.0002677629103087466,0.0017868883869213421,-0.0028178078258849736,0.003301039415110636,-0.0015177839061010301
2023-11-01,0.009951654337786421,0.012594311412265025,0.009847141309241402,0.011378219861706394,0.013097629177877892
2023-11-02,0.014212423219322281,0.017439163800277428,0.0115463619254273,0.01848178308357878,0.01425859653055614
2023-11-03,0.0072426079991920154,0.008488782560135168,0.00592625474090689,0.00917969356186646,0.006827980383866035
2023-11-06,-0.005129036340535231,-0.0038745679328950123,-0.006923575003762244,-0.0027114039377344134,-0.006249989057720943
2023-11-07,0.0025376089841532977,0.003041596430499411,0.004609683298415509,0.0007137815124102491,0.0062721039714691475
2023-11-08,0.0019938107795232037,0.0039331984690969424,0.003109821299732195,0.0018478013881023298,0.006086959540364978
2023-11-09,-0.007037615749635796,-0.008615411603151948,-0.008634278198786757,-0.006230828722044702,-0.011410937222283948
2023-11-10,0.0034233922901286194,0.007593246403194694,0.00011653395583530724,0.00879959132463398,0.003694460561675687
2023-11-13,0.0009563097658118328,1.8699164921764018e-06,0.0010364963273127939,0.0003989724474485632,-0.00011646142830343225
2023-11-14,0.017625051856535665,0.020266651281672557,0.015363410343137185,0.021200284778652007,0.01754278398274027
2023-11-15,-0.004457216435817925,-0.003864112735462797,-0.006853178244365144,-0.001771093702198502,-0.007309320970159261
2023-11-16,0.005964562066173983,0.0037879119786283994,0.008760281828875496,0.0020702160517805856,0.007445059108663246
2023-11-17,0.004309299869694872,0.00582501673292641,0.0027201035213998905,0.006652918764024772,0.0038233631331750667
2023-11-20,0.0034616344068791214,0.0049111110260913185,0.0023764198706858006,0.005269888242974037,0.0036478377369217455
2023-11-21,0.0009816135098031648,-0.001828543766790757,0.0030918293473525676,-0.002540130708209434,0.0006424562665838317
2023-11-22,0.0013799260437838594,0.002898118239423654,0.0003987564940946914,0.0031187743470895324,0.0018079834148607406
2023-11-24,-0.0005978727386016612,-0.0008195920571999783,-0.0029477743630757515,0.0016359258712691472,-0.004402935392788357
2023-11-27,0.004773908408479202,0.0029144964513600526,0.00843979294890559,0.00016183485483685695,0.00795565405127389
2023-11-28,0.0041813936709342555,0.0016482351833872304,0.00595292555208603,0.0011386909972032231,0.003678479250535728
2023-11-29,0.004065489546310902,0.003913013984253996,0.005737150992869308,0.0023146663288730897,0.0063818140485448205
2023-11-30,-0.0032017841422218906,-0.002060217168149513,-0.005572939478982576,-0.0002666401215563773,-0.005328790658360306
2023-12-01,0.012177220390189057,0.010379300438734943,0.01418642595016468,0.009263602227391842,0.012948380192012958
2023-12-04,-0.008481306987651038,-0.005418839123268853,-0.009509670117690905,-0.005923166270751221,-0.006191729378628386
2023-12-05,0.004081689548831894,0.004446958946862778,0.0070825529668886635,0.001254995754135103,0.009034131857037964
2023-12-06,0.003683185746511747,0.002835603300918777,0.00580053611765703,0.001136741091708509,0.00580130207769912
2023-12-07,0.0017723775847890359,0.002705065625709174,-0.000501311856252966,0.0045063051287861705,-0.00047039148121847914
2023-12-08,-0.0038650060038368595,-0.00046283464872267196,-0.0076322229331231275,0.001584232415570833,-0.005246197578631015
2023-12-11,-0.0013441675412668227,0.0014980861672939123,-0.0036061270429013545,0.00233162003605471,-0.0011754156527423998
2023-12-12,0.0024288846096208218,0.0032098894722164843,0.0019601289991278913,0.0032878163470184524,0.0027025159344192004
2023-12-13,0.017203663131084616,0.01553716485897073,0.018804572104508126,0.01476594798662845,0.01752550995763822
2023-12-14,0.010002464861489585,0.009863052242708883,0.0124222427316284,0.007506944292497155,0.013456301710855703
2023-12-15,-0.00433472094819719,-0.003623198710200958,-0.003683270340716439,-0.004630539830806497,-0.0024692484657051024
2023-12-18,0.0005258348391029365,0.00042464972726836964,-0.0012314588279660926,0.002229543237597522,-0.0022380820494669875
2023-12-19,0.005576167801552916,0.005666683198092158,0.004741820694699896,0.006455040362575202,0.004437670621861664
2023-12-20,-0.003916844249818226,-0.0052865392211087926,0.0002676971120100251,-0.008806466456031503,0.0006517204090327389
2023-12-21,0.005302113987967767,0.006474988355884574,0.0014883633622865024,0.00968576049654361,0.001050309660077703
2023-12-22,0.0003670602587846885,-0.00019343296558583682,-0.00026519752505707237,0.0007188882223816247,-0.001282807172529663
2023-12-26,0.004230095531458878,0.0035792642032791864,0.004172941042904493,0.0039619026345213484,0.003330687423055716
2023-12-27,0.00713003874263125,0.0069396860894268934,0.008903839976347692,0.005257744474736282,0.009552247677534549
2023-12-28,-0.003561530947940145,-0.002644633553598804,-0.004721345100447609,-0.0019450374132433841,-0.004153771688330349
2023-12-29,-0.002825130289301967,-0.00267220276097755,-0.0038369154888245566,-0.0017379783245777278,-0.0041517461033450855
2024-01-02,-0.006096416653727664,-0.007387835589277563,-0.004744234477455059,-0.008096805591501438,-0.005680089915759466
2024-01-03,-0.0037259315251210205,-0.003551434553444469,-0.0018464550963409032,-0.005521530301213362,-0.0006905371254882123
2024-01-04,-0.0038264560438419004,-0.0041143240577967794,-0.005529464198438311,-0.002270022348337695,-0.006742826038254698
2024-01-05,-0.0019595996867468202,-0.0017954567906849795,-0.0034312164944675246,-0.00040819104890634406,-0.003962209878360976
2024-01-08,0.006135492709552763,0.010161223930399114,0.0029885179128264112,0.011281181856447402,0.006464702823261263
2024-01-09,-0.0035318588047440554,-0.004737554318009122,-0.00244931751522856,-0.005218892973046803,-0.003413385842771837
2024-01-10,0.0008365129553088256,0.002596870614823144,-0.0020111592634954826,0.004554169344821751,-0.0012286652290393319
2024-01-11,0.0025577905105383498,0.0021165498697639303,0.0039528031574212665,0.0009399246872671347,0.004099152061182657
2024-01-12,0.0028463983853466495,0.001351057442741901,0.0031199801226464187,0.0018251461818914955,0.001387984816629624
2024-01-16,-0.011011230541401715,-0.011133567770245788,-0.011444920949460561,-0.01063886837180778,-0.01181486011455366
2024-01-17,-0.006097349631915289,-0.005395200923870103,-0.005369928636291897,-0.006473908515675312,-0.004129764062724404
2024-01-18,0.0031557012398469807,0.003287022508118265,0.00029518148039718155,0.006073537528949294,-0.0009732975479693344
2024-01-19,0.004178295762859747,0.005031031104319597,0.00264102453331742,0.006139012046949294,0.0029397675327643784
2024-01-22,0.0018782176437687989,0.0031694813209703506,0.0014715521022905323,0.002930295738275654,0.0028829605704871588
2024-01-23,-0.0012667491604700333,-0.00203390756895776,-0.0019356259677315278,-0.0009815687780795734,-0.003230235549552024
2024-01-24,-0.0015906328191794738,0.000899910980026567,-0.004494905485475956,0.0025476757938397237,-0.0028244229200302777
2024-01-25,0.004679577555495499,0.004729981835278758,0.0049121332223059574,0.00447217611437786,0.005091373758388471
2024-01-26,1.6773932856750742e-05,0.0005369994684483782,-0.0009288475532953949,0.0012214030410113673,-0.0007508312957909064
2024-01-29,0.007112040409370989,0.007014603940049249,0.007394752947712327,0.006780517095020243,0.007414333818881078
2024-01-30,0.0020664544309413157,0.0015879097527496887,0.0036046684608034073,0.00028625803632453936,0.003776051026946086
2024-01-31,-0.0015395305000074676,-0.003529250649880071,0.003020798035665761,-0.007119684282151505,0.00282237905208205
2024-02-01,0.01167921311835511,0.011898851584152027,0.011795734039293347,0.011672516680214873,0.01212848198174472
2024-02-02,-0.007698878019332641,-0.0055587312092952815,-0.012166051911129749,-0.002185673508329985,-0.011714698813447777
2024-02-05,-0.008619181077257093,-0.008412299565787616,-0.010685929447356432,-0.006453462367207252,-0.011461509200677593
2024-02-06,0.005880772585059062,0.0057634418789580715,0.006508613324270255,0.005193836914743889,0.006675858450295125
2024-02-07,0.00010816385452098028,0.0009291006995700764,-0.0017601014554604435,0.002382733200880968,-0.0016665995073033078
2024-02-08,-0.002168518050161119,-0.0020932081510331665,-0.0029906708337400097,-0.0013094159080316178,-0.003307748170574339
2024-02-09,0.0005871423555090211,0.002274044754305394,-0.0014052326978111454,0.0034176871822593157,-0.00028842070162507147
2024-02-12,7.151769185556785e-06,0.0006563943852383928,-0.00030697983499685094,0.0006457567974271015,0.00034778711592726476
2024-02-13,-0.014020523585237211,-0.014212804338030353,-0.01360790086724728,-0.01452949208020055,-0.013641861334199394
2024-02-14,0.005908365585054131,0.00808149892039344,0.0037089810577151843,0.009187698494266872,0.005332118482685598
2024-02-15,0.006448051703233361,0.006908435091834771,0.0051693666389233,0.007955028229059169,0.005105961387058457
2024-02-16,-0.001769963962732869,-0.002858472410989067,-0.001770467957519885,-0.002313565811704032,-0.0031315417785243212
2024-02-20,0.0012868590637796764,-6.662867890293798e-05,0.0022826036773076746,-0.00038706779779708577,0.0010904853423288903
2024-02-21,-0.001650605810785201,-0.00148168806925621,-0.002926434079595317,-0.00029204831766818255,-0.0033534118702108857
2024-02-22,0.007649178464772173,0.010760931665808717,0.003447126676467064,0.013384236920576158,0.005252204397121681
2024-02-23,0.004886779585933599,0.0039350540619496055,0.006888405499965277,0.0024044342215999255,0.006701486793881454
2024-02-26,-0.0024933383049243075,-0.0025566198018909846,-0.0024672403620962942,-0.0025510780025784566,-0.002533291046369697
2024-02-27,-0.000977960697756458,-0.0003083898140972932,-0.002611139463576647,0.0009868511977886402,-0.0025897838994469544
2024-02-28,0.0005527280890995021,-0.0005441408448093207,0.0026637091484425553,-0.002112164129138586,0.0023505925931931793
2024-02-29,0.004021310735548082,0.0036221033997903052,0.004460852570563833,0.0033819040794357013,0.004181845941717141
2024-03-01,0.009809471101785856,0.007978279290669481,0.009900918414342519,0.008802754937916058,0.007657439129249484
2024-03-04,0.0011873509210254397,-0.0024250667965329347,0.002716355128117338,-0.0021513404346605804,-0.0010272148083977227
2024-03-05,0.0027732990033992526,0.0003906691943583914,0.007096418750220614,-0.0027643803887204012,0.006291079217797302
2024-03-06,0.006531081874933885,0.006602074702698292,0.005527029344074944,0.007569588752629814,0.00511349880527333
2024-03-07,0.005708931768669831,0.006739395593425017,0.0031487598154817014,0.008776616583867998,0.003159081067532879
2024-03-08,-0.0003476009755797499,-0.002975904548626298,0.001810625950170591,-0.0038266296613289836,-0.0003878311830842336
2024-03-11,-0.0012636095705880384,-0.002283158554159714,-0.00026740669687332297,-0.0027709590098218763,-0.0010423719476336702
2024-03-12,-0.0006306067911846058,0.003421528179329255,-0.005635639501594112,0.006367555240494017,-0.0030468712526450716
2024-03-13,-0.00021372187200571167,-0.0017556766301299502,2.6842435169916952e-05,-0.0012252097768933002,-0.0017800161990094098
2024-03-14,-0.007099154711935807,-0.00721432950957827,-0.008271685678943657,-0.005985515300031525,-0.009002691226901808
2024-03-15,-0.0020275136475042628,-0.0020394249126613807,-0.0014122652314317206,-0.0026491001096580922,-0.0011196582853930357
2024-03-18,0.0007119321604445777,0.0009913915899238963,-0.00043220055281417073,0.0019943372114008557,-0.0006548460175337814
2024-03-19,0.002299116203357834,0.003264220197918248,0.0016067724116971265,0.0034733156669062718,0.002467908013316117
2024-03-20,0.006578843834876575,0.0061350269211397,0.005048719832147046,0.007885085069263066,0.003726701348896065
2024-03-21,0.0009329275345099805,0.0014234691195872773,0.000691323625720378,0.0014197147194547931,0.0011838613609557868
2024-03-22,0.00025641741935973655,0.0015158066448230023,0.0012431225365567046,-0.00010074713259826364,0.0033077736359026846
2024-03-25,-0.0016752123614918724,-0.002788790523397791,-0.001331065050897808,-0.0025763039405825028,-0.00255048345017555
2024-03-26,0.0010729081082518615,0.00025954588767135783,0.002025952318037007,-0.0002880318168409499,0.0014867807882367702
2024-03-27,0.007014084415682186,0.007041907547268589,0.006844257132207055,0.00719779216334521,0.006794120328215647
2024-03-28,0.001690188316226373,-0.0011263812385686365,0.003125934499712145,-0.0011569416470369183,0.0003286694804961206
2024-04-01,-0.004263389233318509,-0.006876316894727265,-0.005001961423871295,-0.004830008687174982,-0.008642308161279928
2024-04-02,-0.0010092103380645397,-0.00533568723766523,0.0018809390083400215,-0.0060749148261072475,-0.0020646863518316875
2024-04-03,0.003124869316646399,0.0020206530249571686,0.0030713785557544356,0.002626431012591873,0.0016640602725320989
2024-04-04,-0.003420161546980482,-0.004365088651404635,9.900863065943822e-05,-0.007425783477515049,0.0006788794829970413
2024-04-05,0.00240851424258633,0.0003686939556036774,0.0001666507324774929,0.003628251837407062,-0.003515201569651066
2024-04-08,0.002102789179494796,0.001392075766467652,0.001821490874961952,0.0020288147292917367,0.0007919661653733046
2024-04-09,0.003857915829867629,0.0028729786889434257,0.005504986767637486,0.001714967125672037,0.005099221934817372
2024-04-10,-0.013315839795303588,-0.013719725350233709,-0.014213818983426316,-0.012620407540980101,-0.015168674427126955
2024-04-11,0.004986406617985409,0.002099667665520718,0.005011551523929564,0.003518896966153152,0.001414532487078749
2024-04-12,-0.007190651099650782,-0.007526145960430842,-0.003300480417564678,-0.01126440408705815,-0.0017780033516407215
2024-04-15,-0.003707104472074829,-0.009051959646021322,-0.0016340935827140822,-0.008458835572830408,-0.0072639269414620615
2024-04-16,-0.003988980336541829,-0.0054059256500781265,-0.0030614790568420478,-0.005626222388428577,-0.004367081895515602
2024-04-17,0.0005965230854882219,0.0015318638017519663,0.0022358349352144063,-0.0005769322580319211,0.004220655216668408
2024-04-18,-0.0018988536620518938,-0.003088387813344612,-0.0015881372860337254,-0.002804441704500817,-0.0029192607903323776
2024-04-19,-3.789842498482468e-05,-0.0014625454113467162,0.00193446035934813,-0.002727634015365389,0.0011433205828826599
2024-04-22,-0.0010774778411997636,0.0058833848908648135,-0.006730760822095313,0.008011002687056543,-0.000802083325951259
2024-04-23,0.0046878593924321015,0.007514352462738786,0.0011674680641171062,0.009605197145545898,0.0029531668692476206
2024-04-24,-0.002845737055310828,-0.0027392366692309492,-0.003604489187616309,-0.0020343489382775902,-0.003850805925089651
2024-04-25,-0.0025326697637740644,-0.00460944525969577,-0.0016037852720602104,-0.004501232395783392,-0.003732691055826388
2024-04-26,0.0057267310884415385,0.006873671925637114,0.0040998863577896925,0.007923637669780449,0.0047224422868168674
2024-04-29,0.003341249929216876,0.004476756157111227,0.0031809175395084675,0.004069379894988006,0.0045202642618185195
2024-04-30,-0.012277540128878286,-0.011122216026675026,-0.011252970837836716,-0.012724738575566764,-0.009299348153535529
2024-05-01,0.0028979684265253588,0.0005445022042181184,0.005699709790533727,-0.0010909963306964992,0.004167293616504097
2024-05-02,0.005690537878859516,0.008569015736708626,0.002851924983152939,0.009957322363757114,0.005041726497331938
2024-05-03,0.007339436503963818,0.00971759812202906,0.0054373307030299535,0.010425463608038723,0.007465221285813662
2024-05-06,0.006393406569871111,0.005985053057996035,0.00537440535746104,0.007207422302663427,0.004353265903289126
2024-05-07,0.0015290549555825458,0.0028537480175741215,0.001275687823794741,0.002444756038095944,0.0028052013479735
2024-05-08,-0.002435642170081288,-0.001955125314298415,-0.0033828598361305864,-0.0012492608405423153,-0.0032553414241227987
2024-05-09,0.007161244734624028,0.0053575876262000905,0.007401118207153508,0.006019675399534662,0.005266765337385855
2024-05-10,0.0007028214870746075,-0.0006091868227420096,0.0002784818624817947,0.00047147033112808663,-0.0015750803744480476
2024-05-13,-0.0016147527600344279,0.000633032051357117,-0.0024387996726384902,0.0003322146342686185,-3.86654402458816e-05
2024-05-14,0.005786560819668096,0.005317749268376285,0.00563661904100722,0.005702136955864504,0.004975459063215616
2024-05-15,0.011122302099845258,0.010838394227111818,0.01101393154054059,0.011088732436464376,0.010604786712329261
2024-05-16,-0.0026618424299340053,-0.0026119511007527685,-0.002167529884733451,-0.003131441125036394,-0.001858147655230335
2024-05-17,0.002295201197593142,-0.0005095378935700047,0.0022135310423084236,0.0009755929753035515,-0.00133489171128766
2024-05-20,0.0003721197148430606,-0.00026051490107411565,0.00012798127914824103,0.0003000084788062074,-0.0007852559215629049
2024-05-21,0.001328628817955245,0.0017317037529602209,0.001718334420249249,0.0011404076483859044,0.002416654250417882
2024-05-22,-0.006170673242714458,-0.0037184603320475555,-0.006159754014313608,-0.004954721078332387,-0.003090016854234035
2024-05-23,-0.00837015893941801,-0.005612685845617601,-0.009420444589818704,-0.005942734017348946,-0.006494921711991327
2024-05-24,0.004001231986211032,0.005311215602987991,0.002257520705819048,0.0063959752075774465,0.0030260212992504216
2024-05-28,-0.0016114182434261968,-0.0036763773512261547,-0.002526187624658558,-0.0017284882618307945,-0.00556930268904401
2024-05-29,-0.009665473983313619,-0.0100929143325144,-0.008756595472399768,-0.010789071153204259,-0.008836066799330739
2024-05-30,0.0035823861879490807,0.003372077911589156,0.004950165661746504,0.002107440597958657,0.005371000924755553
2024-05-31,0.004474778670005624,0.007457383954956748,0.002155834708969018,0.00827732594110039,0.004734181187767408
2024-06-03,0.0069891235258937295,0.005606998998128304,0.009493452694039332,0.0037859462903575155,0.009021795385746812
2024-06-04,0.0012607694142826363,0.003051095776112421,0.001893606219699975,0.0015236627423841477,0.004445161924805441
2024-06-05,0.008214612637204856,0.007746337194677042,0.007600974029754804,0.008593908156001771,0.006708095581988841
2024-06-06,0.0018774309173469114,0.0007203000808584865,0.0020176635194925183,0.0011586994471801037,0.0006414540418752996
2024-06-07,-0.015110833573284119,-0.009115492510636257,-0.019654000411612322,-0.007599577011356574,-0.014393697814494049
2024-06-10,0.0008427299524089901,-0.0007366202143576879,0.0006289246584746866,0.00026729503589716786,-0.0014532069155196545
2024-06-11,0.0015044454210206512,2.5370845002368664e-05,0.00452034527270502,-0.0022620819409325515,0.004184053835662057
2024-06-12,0.006983116677055893,0.008450723515418625,0.0054680556585367385,0.009228849174239861,0.006548006566314676
2024-06-13,-0.0001611662011836047,0.00022989265028915216,0.0028515942775853955,-0.0029868905426753962,0.004841175459313087
2024-06-14,0.0024259081879205446,-0.001189001792054071,0.006187197167032591,-0.0031622400017982,0.0035673336956938274
2024-06-17,-0.0013561100536002894,0.0008746689541867073,-0.0050251717076106334,0.0034114802999747427,-0.004061688832955618
2024-06-18,0.004669312098504848,0.004531662334129103,0.0053480941827286545,0.003921199677720826,0.0055154224456902155
2024-06-20,0.00038973800397215305,-0.002323653038154231,0.0011188444093034198,-0.0016966658536219795,-0.0019059781398780087
2024-06-21,-0.004929046899539456,-0.0027414036923951333,-0.005089864996102629,-0.00367401069880513,-0.002435818022830916
2024-06-24,0.0028127517376357086,0.0025483008070303,0.0029049620439999635,0.0025883040099934215,0.0026205351438326773
2024-06-25,0.0006411547887660163,0.0022886571419176794,-0.0006818674064048674,0.002785431685498531,0.000719005966007749
2024-06-26,-0.0068759169545887745,-0.005647590085801154,-0.008754269617493675,-0.004387884228391693,-0.00815526750444705
2024-06-27,0.0038465216602559275,0.0018166636281950678,0.005187985480387824,0.0014874776858453986,0.003325182685135909
2024-06-28,-0.0052414766797713236,-0.005532179070467595,-0.007191076734502028,-0.003440728252302823,-0.008531760135065207
2024-07-01,-0.0031912407107639617,-0.0033038537944304245,-0.005817796728914146,-0.0006277230652720025,-0.007274990764497893
2024-07-02,0.003985690507988634,0.004881451961626865,0.003757261213915663,0.004661946385391448,0.004762986985346569
2024-07-03,0.009108735315150492,0.008455953901043967,0.009688284647637954,0.008202323144740632,0.009162599321592836
2024-07-05,0.007859591741332925,0.006436468745559643,0.008638352073524093,0.006368361346803503,0.007250363120829247
2024-07-08,-0.002797340027046388,-0.0007165875682359034,-0.003186932883612114,-0.0013673865596586737,-0.0007800032744713681
2024-07-09,-0.0013138759269862008,-0.0019458949315394876,-0.001240688423873592,-0.0017030514886614528,-0.001994096105474561
2024-07-10,0.006293714478083896,0.007924165200776394,0.00352873346194659,0.009864384334084477,0.004189484961686338
2024-07-11,0.0053574332454440245,0.0012531951706536552,0.009440880535163506,-0.0008012017962780839,0.006374825406703351
2024-07-12,0.004636050518812002,0.006434818694952395,0.0027580794243980593,0.007408605708148517,0.004072061954664159
2024-07-15,-0.0035100086614440053,-0.004739890058569197,-0.0038145596351904488,-0.0038201148380677913,-0.005505161313402484
2024-07-16,0.00967561296302929,0.0067644975784104345,0.011887880187236046,0.00600071158554267,0.009364035820965374
2024-07-17,-0.004606567392596233,-0.005609070243473807,-0.0020810324343693855,-0.007640893371461546,-0.0020691996633081036
2024-07-18,-0.0068608953595731045,-0.007330080424266906,-0.0059183360127783875,-0.008039130408707209,-0.006033076321382964
2024-07-19,-0.00776118342914535,-0.005438109401463475,-0.008432739940507318,-0.005928645258181409,-0.005862765099159619
2024-07-22,0.003583571179245837,0.005605888455994516,0.00014804514499557164,0.008015548578982908,0.0009661561088634547
2024-07-23,-0.0010515911587489033,-0.002484099700519066,0.00024002159394461683,-0.0030617990126550003,-0.0009022851788760441
2024-07-24,-0.01063682101175545,-0.013523445229288437,-0.007013122991414652,-0.01572122724027733,-0.008796186097089688
2024-07-25,-0.0032191517468758953,-0.001224148817105708,-0.001976991529756316,-0.0034636165075365303,0.001132009074787453
2024-07-26,0.009134255834388446,0.009421722523440583,0.007741479492407195,0.010668638951234247,0.007404435252809888
2024-07-29,0.0003862708809641343,0.00030052646936315085,0.001495362386186693,-0.000766970989361643,0.0019424436581781733
2024-07-30,0.0023762369519489597,8.635273220847608e-05,0.004298376595147632,-0.0006960981951976991,0.0024031382531076203
2024-07-31,0.012641973062110418,0.012017066225678193,0.01154274187356617,0.013427935556491893,0.010210188257344722
2024-08-01,-0.006173460436628562,-0.009525472364489371,0.0008039950458447624,-0.014886362512006205,0.00012643518301778375
2024-08-02,0.0012882612650295202,-0.001731331082484494,0.010379211982223278,-0.009408665297886448,0.011169085661758012
2024-08-05,-0.012081089175068544,-0.014762856363927629,-0.005064409014936727,-0.020496844481115255,-0.004892673825054734
2024-08-06,-0.004942915923346004,-0.002162847316196005,-0.010374880669432214,0.0018432127247627317,-0.009599678557793739
2024-08-07,-0.002582760035322922,-0.0026637362440998773,-0.003332965369901214,-0.0018735740314074418,-0.0038096144777927947
2024-08-08,0.00957614665441496,0.010438276106395583,0.004402504150869728,0.01515210492645371,0.002891557580153273
2024-08-09,0.004792883788970404,0.005117896341554319,0.005149104226925461,0.0045991138122343156,0.005733199110507743
2024-08-12,0.004409102962281601,0.0009500473162279958,0.006704245898747987,0.00037666480508260916,0.003539042753072756
2024-08-13,0.008608259948326008,0.012257785781982035,0.004504637712200081,0.01451409672683393,0.007034443149541169
2024-08-14,0.001357439876057771,0.0036706703095685396,0.0003177329253307882,0.0035521503864335787,0.002692683096912175
2024-08-15,0.004033984366646322,0.006327267130726344,-0.0012700176884152864,0.010451267336396182,-0.001043934541793221
2024-08-16,0.007155267273294896,0.0034586262051178387,0.008829212342027961,0.0036288012468371025,0.005053809975603188
2024-08-19,0.005166017329960684,0.007659368780160477,0.0023119316215884853,0.009255890281776119,0.0040109034710309275
2024-08-20,0.0019787857140929586,0.0007737205988414929,0.004144335192773544,-0.0007951236500060144,0.0037236823130712775
2024-08-21,0.002780641969506962,0.004317682892623355,0.000986824232963715,0.005338688571779294,0.0020148125563104803
2024-08-22,-0.008018297853423338,-0.007011712577275413,-0.008525713746671113,-0.007007975195145102,-0.007520487484517213
2024-08-23,0.01031181829085526,0.010908701170303662,0.008228964493623994,0.012688209123377689,0.007934291280198775
2024-08-26,-0.001435137983148055,-0.0027683394406249526,-0.0004199140444505985,-0.003118449980741087,-0.0015769302797940742
2024-08-27,0.001442992815330084,0.0014963381426935866,0.0006789258268232346,0.0022331291141929424,0.0003634309904345485
2024-08-28,-0.003679226535949833,-0.003193923126814157,-0.0032095097668216367,-0.003906368840190868,-0.0023685686834768608
2024-08-29,0.0009049790499661626,0.0002609272454249265,0.0003800890209208434,0.0011077885572522673,-0.0006882234305512446
2024-08-30,-0.0018411398322829716,0.0006835576632961676,-0.005519462239010909,0.003082229749081612,-0.00419138896909608
2024-09-03,-0.003960270693112396,-0.006711893988206705,0.0030708605647924735,-0.012425830867068815,0.003163356152433807
2024-09-04,0.0021958291066923757,0.001386647745544378,0.00500742151712034,-0.0010293418447913658,0.005402936223609423
2024-09-05,0.0028648553894966983,0.0009797232029670484,0.004847422585208661,-6.564634122532586e-05,0.003487266772464582
2024-09-06,-0.008371056813348357,-0.0104564611168347,-0.003644831504744179,-0.014166847212271185,-0.0038790827594772288
2024-09-09,0.0062380238021867325,0.0075160883255262515,0.004057888212802472,0.00905126454482574,0.004568591840782782
2024-09-10,0.002720840154576067,0.0017580526797973562,0.004287927519200524,0.0006692591411975222,0.0038697485584709627
2024-09-11,0.002703697167579071,0.00463641475517046,6.750873061366988e-06,0.0063576195023213825,0.0010806446396469458
2024-09-12,0.005741045217607541,0.003914198445047066,0.004432075653092011,0.0061364907044271265,0.0014883716703823304
2024-09-13,0.004461443166837075,0.003242305915324132,0.004783420408091796,0.00352978302198063,0.0034209526595161974
2024-09-16,0.004199724770137619,0.005172399788429671,0.003903968214062915,0.004981705877639915,0.004972292301412947
2024-09-17,-0.0033013485711343286,-0.002706637377670026,-0.003667437261134889,-0.0026381028448889767,-0.0031067899439258203
2024-09-18,-0.005952594948529307,-0.005048258946278126,-0.007322318830264698,-0.004133092490715576,-0.006875268541438718
2024-09-19,0.00985770402608347,0.010464029215902322,0.005542616014814482,0.014456160815423046,0.004140843081368409
2024-09-20,-0.0007674132161215745,-0.0045025807421811325,0.0018057116729889029,-0.005217840139947287,-0.0015633231252176161
2024-09-23,0.0011299674986762248,0.0013646763048142298,0.00013819187599399814,0.0022380055497097616,-6.425081942127209e-05
2024-09-24,0.004779738243718591,0.002874185843356307,0.004971999330022761,0.003634934642383471,0.002686295389921212
2024-09-25,-0.00420529731180142,-0.004675958193645658,-0.004442230666372962,-0.004203667094242402,-0.005149288336264408
2024-09-26,0.006706184672270509,0.008277772878586965,0.003584690270300981,0.010601627077680427,0.003993597273940495
2024-09-27,-0.0014420934835262726,-0.0005875965968255554,-0.00032779499908194447,-0.002129818421193195,0.0012951138540920463
2024-09-30,-0.0028301024246921423,-0.0011365698227711917,-0.004474905756246233,-0.0003422645583109945,-0.003176630236692264
2024-10-01,0.0007195876044933686,-0.003058716907452951,0.005255039142745701,-0.005732522680374837,0.002822034685484478
2024-10-02,-0.002437754962567564,-0.0026666432328209155,-0.003188287749504264,-0.0018021368415834871,-0.003850206410780747
2024-10-03,-0.005084871994410708,-0.006070807700019285,-0.004822426002443462,-0.005840362654902011,-0.005923315027028645
2024-10-04,-0.0011389039831172908,0.0007672540382122488,-0.0054889152581246315,0.004141680783242264,-0.005273314542843281
2024-10-07,-0.005796155985915908,-0.006580693742481469,-0.005038633063819842,-0.00694674261560847,-0.005639740955917615
2024-10-08,0.0007803625667505857,0.0030385845920860113,-0.0007997028033063078,0.0034859038754198788,0.0012379984109044584
2024-10-09,-0.0013328084456150472,0.00046491552797609176,-0.0037742622420581786,0.0019997786084588434,-0.002742339115444822
2024-10-10,-1.4928580408472675e-05,-0.0017748322183148962,0.0007017389084117341,-0.0016123060228249455,-0.001138117480955522
2024-10-11,0.0036441262734416982,0.0025725533980081056,0.0027030727931658376,0.0040491555931848385,0.0008906740754898243
2024-10-14,0.0018609466618637943,0.0032932297772062563,1.8822052253599946e-05,0.004414766487026525,0.0008914701154978032
2024-10-15,-0.0009132295956118411,-0.00403597445470858,0.00467323497214947,-0.008100027915732628,0.0035824538939339405
2024-10-16,0.0034556388398692393,0.0031353529226905703,0.0034888847193736807,0.0032622563949746466,0.0031051537864903505
2024-10-17,-0.0029011554081070836,-0.004075660957905596,-0.004423311536309059,-0.001967501206787526,-0.006656967111514235
2024-10-18,0.004524628953240991,0.003465835624322381,0.004142217384493149,0.004377840136535757,0.002626529757722064
2024-10-21,-0.007626096300547821,-0.008935340430147917,-0.008082594047014386,-0.007823916020062908,-0.009948866498903369
2024-10-22,0.0011182183833187316,-0.0016771010266309798,0.003265614245481303,-0.002433492721080154,0.0008534679138291289
2024-10-23,-0.0073205430370021415,-0.006825084336258661,-0.006164319157616012,-0.008230058354260272,-0.004968495598781449
2024-10-24,0.004775274378470523,0.004030403568076045,0.0051903125880933924,0.003987543118255658,0.004467171615785006
2024-10-25,-0.0018702665888888298,-0.0026597451991053314,-0.0018637720890652316,-0.002271425090101253,-0.0028474609238855948
2024-10-28,0.0013659655553854286,0.0024690445462297933,-0.0007326375735731047,0.004010711533653493,-0.000400588276164797
2024-10-29,0.0023026043366116784,-7.467670270114123e-05,0.00395246374717864,-0.0005398816513602377,0.0018112434739970087
2024-10-30,-0.00041347551411843723,-0.002466826240867192,0.0017514248838966127,-0.003611451100450752,0.0002731019125675497
2024-10-31,-0.008011164331588726,-0.007490340783082724,-0.00552841676224172,-0.010238996647132797,-0.003640781174090361
2024-11-01,-0.0031676387646357137,-0.0017073431771130161,-0.006354752921616078,0.0007374483170129857,-0.006118345949506394
2024-11-04,0.003937774371267214,0.0035126036461225947,0.006252654346508618,0.0014044667003456966,0.006878438005313776
2024-11-05,0.006356103245397415,0.008089845343652575,0.004063252985015807,0.009508974355655949,0.005089022679713808
2024-11-06,-0.011093471514459637,-0.003918208053482186,-0.01934485519891536,0.0006552097823687148,-0.014423828510232283
2024-11-07,0.011760401669601928,0.010851646491192423,0.011932729447788268,0.011133691507598438,0.010883102914924364
2024-11-08,-0.00034965214032314275,6.343300063591318e-05,0.0018260931148231143,-0.0023231268313652046,0.0034268418710922616
2024-11-11,-0.00591730806085384,-0.0010990157248532489,-0.009159351830119511,-0.00028146579046366534,-0.004735798632732651
2024-11-12,-0.010249914049371972,-0.010684496166253043,-0.009954910101393913,-0.010762336631198223,-0.010350457529503603
2024-11-13,-0.005048927677111491,-0.0035672242212702434,-0.006221339776759975,-0.0031376294183851792,-0.004953017765287135
2024-11-14,-0.00030279970636177183,-0.00020950827278756363,0.0006170808108168091,-0.001176837410398872,0.0011931561307610007
2024-11-15,-0.004178423209454526,-0.00548248369320073,-0.0021263415545742814,-0.006887884385115141,-0.0027272070180753365
2024-11-18,0.0062413636179683915,0.0034096767585098603,0.006970312937673876,0.00409600821211429,0.003797600892651579
2024-11-19,0.00356222223909553,0.002010057522918024,0.004753123790890612,0.0015931936516281457,0.0034109263149749553
2024-11-20,-0.0001859421334010705,-0.0015478079751947754,0.00030675755031366904,-0.0013599215194191644,-0.0011483471305176948
2024-11-21,0.002468931036809571,0.001333791259999222,0.0023786411328897464,0.001991855207458131,0.0009141746005867156
2024-11-22,0.004270536054724763,0.0024219300569813126,0.004599807330472715,0.0030169759959983067,0.0024542528752269006
2024-11-25,0.0027558614124227948,0.00944392245028864,0.0020443438364132196,0.006814118076021284,0.01005038984669918
2024-11-26,-0.0007259329942076115,-0.0011304000180723537,-0.0010479784496448697,-0.0006061391844593007,-0.0017148938089660126
2024-11-27,0.0028207438329439925,0.0025999971848369424,0.0036723445237736786,0.0018579559530690262,0.0038222843755169947
2024-11-29,0.008266812605650431,0.008402054380391677,0.00776815785511877,0.008832808302937914,0.007687913061669809
2024-12-02,-0.00012504151300702572,0.002183933980548009,-0.0015899977177335895,0.002491238335556248,0.0005684464862213129
2024-12-03,-0.0005242985603598769,-0.0003350995522165637,-0.0022679940654582705,0.0013108012186087564,-0.0029038705902699642
2024-12-04,0.004804310871698366,0.004902900856723155,0.005444443134666419,0.004213096370080153,0.005887473382822159
2024-12-05,-0.00038949047757150007,0.0014119862613191118,-0.0013922314797576829,0.0015124882255458604,0.000360745852801909
2024-12-06,0.001308781043501919,0.001421058015975727,0.0014969755662931294,0.0011767017268058933,0.0017313641861156253
2024-12-09,-0.0016110392021459114,-0.00418562561996075,-0.0009571072213584299,-0.003552706365629932,-0.0038464107890303235
2024-12-10,-0.0009185693032506149,-0.0047461169486533545,0.0015811826536837588,-0.005341330210100595,-0.0019400623389088981
2024-12-11,0.002324352860520257,0.0018067677074086537,2.0316433057565963e-05,0.004364928028524352,-0.0017829609117349843
2024-12-12,-0.008998639012143579,-0.007445899310389786,-0.010005498691123431,-0.007216901370823891,-0.008565829853530096
2024-12-13,-0.005800766159358305,-0.003657646085062268,-0.007994566539833263,-0.0025419769276518785,-0.006406270331823228
2024-12-16,0.001390526989394417,0.0009707739970768747,0.0019283980271387036,0.0006423990409681322,0.0016729295490575267
2024-12-17,-0.0014383185737931597,-0.0012484151173109193,-0.0007109886591938602,-0.002071152509453649,-0.00011040705237148558
2024-12-18,-0.018816037798640592,-0.020399306720833003,-0.014592276118870146,-0.023852401453415047,-0.01445404390838677
2024-12-19,-0.0039772047362212634,-0.004618948488244471,-0.005079909941593747,-0.0031961813043131482,-0.00643529188085316
2024-12-20,0.005454536709473973,0.004226704131734366,0.006053249818410286,0.004241369195990187,0.004818824372637213
2024-12-23,-0.0006587103840414079,0.0016501512093464426,-0.004418105354301219,0.004237385976256793,-0.003401563172275058
2024-12-24,0.004234868150282991,0.0052179000414314764,0.0028963435296339725,0.006062583669025893,0.0034575163281381645
2024-12-26,0.0023239392021819705,0.001448121097714484,0.0023053918481902424,0.001904681163935865,0.0012011950281020044
2024-12-27,-0.005805394704512586,-0.005611042459204175,-0.005747210629539673,-0.005766395666219458,-0.005475206654875931
2024-12-30,-0.0017860255247685722,-0.002920886368925064,0.0017471491333258917,-0.005901012726975691,0.002097786802048797
2024-12-31,-0.0008775178302623918,-0.0025300118138511488,-0.00030836244539113165,-0.0022733736519955612,-0.002088186025524853
2025-01-02,0.002096708003990677,-0.0012137994836156404,0.004623725378514899,-0.0020947939539277035,0.001760678764216569
2025-01-03,0.0010392319187704604,0.004332375521808468,-0.0027671511880560753,0.006472876888173329,-0.000537517570758955
2025-01-06,0.0017192568085572372,0.0034947175681975784,-0.001253873513504438,0.005569070615166024,-0.0005150124545623424
2025-01-07,-0.004247912791798465,-0.006590773638053818,-0.0033551973517222285,-0.006313217339772518,-0.005834648059299264
2025-01-08,0.0015016167035081325,0.000417202465616376,0.0023072505161516148,0.00015283584806906713,0.0013557606095560481
2025-01-10,-0.0066421821805721865,-0.011643037097004223,-0.0023237413107543405,-0.01348752265665826,-0.006386011160791722
2025-01-13,-0.0025524107509931567,-0.000709716576871563,-0.003453290459200203,-0.0007313992722148867,-0.0015980860976115108
2025-01-14,0.0017589895539927133,0.001197871436755876,0.0014199567898317855,0.0018174827823248141,0.0005485934716601255
2025-01-15,0.01280779437243919,0.014395236555264045,0.011501402215212031,0.014905483300344675,0.012835363739888521
2025-01-16,0.0031849072652068624,0.002169443257945703,0.0038674711232380074,0.0019939271730561093,0.0029403869114670825
2025-01-17,0.002010256718167677,0.004428452505318762,-0.00039300926828282493,0.005614694366143803,0.00143592361432645
2025-01-21,0.011339566139720168,0.011173156880034871,0.009736721006660759,0.012856778146898184,0.0087258171095324
2025-01-22,0.00018479449050798135,-0.0005041526173210255,-0.0005686778678883671,0.0005935445910505151,-0.0018078596786685265
2025-01-23,0.000579047447023242,0.002232772112994332,-0.0025671633725626117,0.0045400055808445345,-0.0020674855327926754
2025-01-24,0.002982133033363991,0.0019978909381912816,0.003829919627397157,0.0016412093864000678,0.003024653869597139
2025-01-27,-0.0013902687054835278,-0.0007003334052824283,0.0013944396052392683,-0.0038367614621846844,0.003642645427032346
2025-01-28,0.0029532124864175796,0.001936329668676585,0.002653064760785515,0.0027451105367105677,0.0012311190460842433
2025-01-29,-0.0022049041567850074,-0.001887763933539743,-0.0021771058044587886,-0.0020741161898467204,-0.0017668138773872296
2025-01-30,0.007283276383556426,0.005885207756121613,0.006886530662924287,0.006981351944027866,0.004939165829759343
2025-01-31,-0.004279787252763819,-0.006156322897785926,-0.0027309643778815323,-0.006770296945927174,-0.0042982231079801096
2025-02-03,-0.0007743029804104927,-0.0036778887685682,0.003407373507319791,-0.006430387638913146,0.0018835914568355175
2025-02-04,0.0065831454768714055,0.006440446578662856,0.005327943631821243,0.007765516251083504,0.004521038284952666
2025-02-05,0.008341648416462401,0.008480742760908294,0.009068121112124008,0.007684247744378427,0.00960483524437837
2025-02-06,0.000846383567834863,0.0022093865855559005,-0.0008178114617494439,0.003188416056584004,5.677077898246794e-05
2025-02-07,-0.005418221440364407,-0.007707650640937765,-0.003316794656693447,-0.00867054607574544,-0.005121324096647968
2025-02-10,0.005615708961139367,0.0036309035434638572,0.004950872882771578,0.005288852176145438,0.0021341865610058634
2025-02-11,-0.0013353910696038377,-4.018153464859557e-05,-0.0034175796789351494,0.0013889412637174523,-0.002836489841100256
2025-02-12,-0.003475242183951544,-0.00364327075760995,-0.005322956134500688,-0.0017147919370330673,-0.0064587183653305935
2025-02-13,0.010972758944890953,0.011265552765208653,0.01081944427341154,0.011272435301137388,0.011108841166971946
2025-02-14,-0.0008745266025577459,0.002247931733016389,-0.0016882654784161535,0.001499729642490067,0.0018109253791289111
2025-02-18,0.0021739403615164323,-0.00012683899978065613,0.0007415699511097301,0.002456178287580809,-0.0028583864143159462
2025-02-19,-0.0009285683618169405,-0.0018288307614104206,0.0005781338301241025,-0.0028882537720325485,0.00020772096761589471
2025-02-20,0.0012483294586600991,0.001189868642907321,0.001760027650205606,0.0007071243487169702,0.0019427581006747161
2025-02-21,-0.0015540067241773092,-0.0036980992278334425,0.0034722112186762744,-0.007682516088598948,0.003315180892226219
2025-02-24,0.000943897402199915,-0.0006761559399105795,0.0027486255529322683,-0.0016752581277840281,0.0016297714108102074
2025-02-25,0.0028719879418003776,0.005907251178996555,0.003281408098246937,0.003981805042969878,0.007276373242758811
2025-02-26,0.0022001095081282686,0.002091063200065707,0.002809880507524753,0.0015354115164658043,0.0029784414970605144
2025-02-27,-0.010288140843248372,-0.009972272857167503,-0.008551288111117855,-0.011869793993052786,-0.007290198916529746
2025-02-28,0.0056005501085458695,0.008595197322241697,0.004009306813705125,0.00868533303248673,0.0069635734235711025
2025-03-03,0.002759841042653804,-0.0004917426805993542,0.005677324407401783,-0.001795413278526504,0.0030845245565315604
2025-03-04,-0.0036930993667943584,-0.006677323934477097,-0.0024592922387651284,-0.0064212741325929785,-0.005567722748524036
2025-03-05,0.005140112793753627,0.00821398433306436,-0.0010473496248257768,0.012818220395127216,-0.00027883153047923297
2025-03-06,-0.0075982466234798185,-0.009442050773924736,-0.004252199330827437,-0.011880104960490525,-0.0048771066831607025
2025-03-07,0.0023769961834692066,0.003848423451346283,-0.0003813520541150036,0.005861720138675002,8.318410635443366e-05
2025-03-10,-0.008749051883644478,-0.01203272407882513,-0.0005642008970702905,-0.018655541389513197,-0.0005529328897845323
2025-03-11,-0.0021131997979320274,-0.005632492293121096,-0.0002660312827954807,-0.005725144125903456,-0.0037325807195288047
2025-03-12,0.0014908445821051927,0.001824080339262283,-0.000770229909835159,0.003913074445009679,-0.0014847442694707527
2025-03-13,0.001977285869324368,-0.003548990949393828,0.007864639986636068,-0.006720668064190109,0.003943635505587584
2025-03-14,0.006374436455049568,0.010153174270482759,-0.0001329336355599384,0.014718712086870513,0.0013649029616739985
2025-03-17,0.006099291090149351,0.00689763052510909,0.004451345221992131,0.008143118897750204,0.0046266468962294855
2025-03-18,0.0006027909610798689,-0.0028019669483158793,0.0035646645667110097,-0.00407387605258131,0.000803456889686974
2025-03-19,0.005125264636985273,0.005646837827400206,0.004333400166536236,0.006177116891591285,0.004589931370622944
2025-03-20,-0.0021384401091303212,-0.002950948815322659,-0.0005379754538824732,-0.00414829395042989,-0.0007520059177941925
2025-03-21,-0.004230798541320228,-0.003209727228189982,-0.004862845267537842,-0.003088807442727417,-0.0039016322827257477
2025-03-24,-0.0002251089478586532,0.0024054499117566945,-0.004705979207626183,0.005546062804170221,-0.003644690998200313
2025-03-25,0.0026132216636429333,0.00252131624963832,0.001953221489308458,0.003226865172658569,0.0015080610768593266
2025-03-26,-0.006916105532241001,-0.009231972536786313,-0.0041910350014546065,-0.010809053869454095,-0.0057151309420462515
2025-03-27,0.001877883248262062,-0.0008601703651348278,0.00296083756250451,-0.0005758198231959993,8.370034150188774e-05
2025-03-28,-0.0003628447668763697,-0.004743149470776729,0.00665045556977438,-0.009628956590580162,0.0047177473705359305
2025-03-31,0.0046684465187874944,0.0015291243184315162,0.007680525316016328,7.408909820775047e-05,0.0052751923070785914
2025-04-01,0.0031021071528626377,0.004009113262496447,0.0033682297156864232,0.003289640372866208,0.004634441448710462
2025-04-02,0.001725610891643902,0.002149536819896698,0.0005028234027206733,0.0031586317143691475,0.00042172065965956167
2025-04-03,-0.013053951194406813,-0.0188032952251476,-0.00229091447514629,-0.026836080579696293,-0.0040291082569186825
2025-04-04,-0.027482681631744655,-0.035445135063558446,-0.009724087186062616,-0.049608292045163385,-0.01066265724073896
2025-04-07,-0.018703390006045355,-0.01721344010125223,-0.020927486894221768,-0.015740627690918545,-0.020173082060929114
2025-04-08,-0.007378097940358742,-0.010305321929228742,-0.006515855332090301,-0.009704889190134836,-0.009740644695572719
2025-04-09,0.04210856552016172,0.05126370319774783,0.021794883335974256,0.06651561187978978,0.02326548824915382
2025-04-10,-0.013059497415722324,-0.023520141651420887,-0.006013958689898271,-0.02540891647391398,-0.015464413990236046
2025-04-11,0.01314515590755327,0.013588221131463995,0.009140100999471735,0.0173549095155299,0.007688682577659346
2025-04-14,0.005607604096276336,0.008807015550800344,0.0032264240155386466,0.009580317248490292,0.006045655949603871
2025-04-15,0.0034019508146452644,0.002978324996537036,0.00355156059486737,0.0030404964748916114,0.003096915627926826
2025-04-16,0.0030874737792616334,-0.006016850649061529,0.011034434822423462,-0.009501561370742664,0.003726445577015386
2025-04-17,-0.0007085285982823791,0.0013919048400160845,-0.00412845990553098,0.003746941487325766,-0.0032044747692121997
2025-04-21,-0.004374510820802356,-0.013568971548027779,0.0007654080720954103,-0.014151461217561811,-0.008092087201282972
2025-04-22,0.007804430392509225,0.015152585754226537,0.0002677352308042648,0.018938194516630844,0.005758815443946739
2025-04-23,0.0016525987615546025,0.008421429221388835,-0.0025405218287012565,0.00920425024934309,0.003863379043334132
2025-04-24,0.012904449267013552,0.01341846767135782,0.010842899790778255,0.015218271524328234,0.01045500107076799
2025-04-25,0.0023674986994790975,0.005688669958388471,0.0006396460548681458,0.005751473588495027,0.003935093803553577
2025-04-28,0.006091480049945552,0.003980683014467732,0.007320827742094854,0.0038044777679563527,0.0053006092812198395
2025-04-29,0.0018267803940210572,0.004572723972445262,0.0007250126720678833,0.004299739674172197,0.0036105933734704053
2025-04-30,-0.0034401604115306184,-0.0020085986827028442,-0.004991870535196029,-0.0011759254321424583,-0.003975330227236312
2025-05-01,-0.004946576116601237,-0.0003903601442102254,-0.00841086652460671,0.0007786060372606545,-0.004425892579068176
2025-05-02,0.0039044740389258363,0.006890011741581745,-0.0025133362314130906,0.011765752599750533,-0.0019711452486033303
2025-05-05,0.00380583042000819,-0.002511760652076086,0.006568352881382963,-0.0021269138244027746,7.630066093122816e-05
2025-05-06,0.004791246552412315,-0.0017825613152230473,0.009605126793442418,-0.003343359230426488,0.003838711822656692
2025-05-07,-0.001618264173795519,0.00149560159434848,-0.002716780078435246,0.0010354837194156761,0.0006307344017650652
2025-05-08,-0.006594687813783684,-0.002319440840961062,-0.010710092471192867,-0.0003649853441195132,-0.007399935316906337
2025-05-09,0.0026674576405178183,0.0015769054225466402,0.003106533001170004,0.0016828223869369988,0.001963520359807953
2025-05-12,-0.00049120973933539,0.00894845634029778,-0.010394441460209234,0.01399982256859607,-0.0034215830754632647
2025-05-13,0.0014020761289583587,0.0013344919317659254,0.0001442743751858279,0.0026245487007659266,-0.0005698608322041973
2025-05-14,-0.006856114816013587,-0.0029908216694958826,-0.009389809690281926,-0.00239918739730727,-0.005811426078395794
2025-05-15,0.009206625179825047,0.007609730510911687,0.009868816699211887,0.0077453370460746915,0.008205214771831431
2025-05-16,-1.0714821118216125e-05,0.0032759498886691003,-0.0022050690092296752,0.003819923118243588,0.0008161103780144174
2025-05-19,0.004034956563763205,0.002517732842532548,0.003423965333686863,0.0038877136774052236,0.0012196988736041033
2025-05-20,0.0021770150722408895,-0.0014239697703526926,0.002959430806035967,-0.00040629523927221016,-0.001147558692729014
2025-05-21,-0.00780510412981538,-0.011576790782179871,-0.00603129330639226,-0.011469486128915272,-0.00984984422240703
2025-05-22,-0.00016630367086105786,0.0015945625183828016,-0.0002240240434595346,0.0007721832315623958,0.0019479035375973132
2025-05-23,0.0039159034580691495,-0.0009970221653274628,0.007206462699673966,-0.0018470882712214069,0.0027330766265821916
2025-05-27,0.007297286422387685,0.014122355368697243,0.00221166742592081,0.015758306360650516,0.008248286391743517
2025-05-28,-0.005145646487202292,-0.006423542335790999,-0.0033950804115073503,-0.007539147681885963,-0.004114379218897561
2025-05-29,0.005413210991865087,0.0050568892079131,0.0060565775498072445,0.004591170492097442,0.005933113277037749
2025-05-30,-0.0004365222130560011,0.0009218720528771037,-0.0007632706268937316,0.0005693254405934458,0.0007718514798668562
2025-06-02,0.0062122001546007066,0.0025631784726086273,0.005205878238061441,0.005396497257377227,0.0001320648036570103
2025-06-03,-0.002651489330750311,-0.0010679321354838292,-0.003501852431068936,-0.0010104291208322595,-0.0019457263011254816
2025-06-04,0.006474733812284287,0.005576936024123681,0.008742357601830014,0.003752136668924991,0.008755682049787772
2025-06-05,-0.002453234618974283,-0.001976745049512269,-0.0023417304068668607,-0.0023264515308981625,-0.0016905060411717217
2025-06-06,-0.0034974016059991352,0.0005714635745091276,-0.008724146602779252,0.0037281178008108286,-0.006224337502898722
2025-06-09,0.001592096189015262,0.0007453947240556169,0.0021477000868148372,0.0006126868928294376,0.0013677795502460837
2025-06-10,0.002942694611338274,0.00358524219531365,0.0026586294061372016,0.003547913322989414,0.003320028695496501
2025-06-11,0.001477117538076902,-4.718298488917273e-05,0.003319130923976837,-0.0011315627296411305,0.0023383887308612286
2025-06-12,0.007874063795285493,0.0065469109988289635,0.008949345638868633,0.006133553560043427,0.007830012426287567
2025-06-13,-0.0048246344706335586,-0.009878696634372637,-0.0012279377546621747,-0.010967290543974578,-0.0057219178732720415
2025-06-16,-0.0025972707602499815,0.001597545078620968,-0.007269468071511492,0.004143074759750668,-0.004336198190156056
2025-06-17,-0.0010074140880506185,-0.003193253023779919,0.0036793984114277412,-0.006813777083789169,0.0033006971739634123
2025-06-18,-0.00028262012015032066,0.0009465742566481054,-0.0008053872007163339,0.0008543388315800325,0.000470588137079373
2025-06-20,-0.0026174925919015685,-0.0037093088296929816,-0.0009911666484875626,-0.004793116887358988,-0.0015406244587083306
2025-06-23,0.0052190388480221174,0.006382285482846142,0.0033866604156923877,0.007628795437199939,0.00392705795793237
2025-06-24,0.003748949992313684,0.009175069590653857,-0.00015960289573447645,0.010348483348312228,0.004698197218949993
2025-06-25,-0.0001514501783553666,-0.001254851115495976,0.0010102420808810314,-0.0018666838430696608,0.0002135436131849767
2025-06-26,0.005138816565823708,0.007257749214930916,0.002946972465782086,0.008383579973156282,0.0045059246529728396
2025-06-27,-0.002667201979143004,0.0023581729338459246,-0.007523346689236573,0.004669205001921549,-0.0036367017358099733
2025-06-30,0.006266682237537815,0.004435380196152298,0.008007935331233115,0.003605561523925069,0.006593750888815961
2025-07-01,0.00166787660941059,-0.00032896449605287483,0.003033238884238501,-0.0006986405633297411,0.0012236592380959839
2025-07-02,0.0010617042425091184,0.0006917052913905372,-0.0002446173558953888,0.002181580423820016,-0.0013618464204144714
2025-07-03,-0.0013903201186636148,0.000861666724054717,-0.004310331895488639,0.002644543782706411,-0.0029470045698601643
2025-07-07,-0.0062593260314232225,-0.008308942887262206,-0.004658033550300238,-0.008889115044651025,-0.006414872558276916
2025-07-08,-0.0010912868219117237,0.001664051419723904,-0.0033101246323428025,0.0024982100659374693,-0.0009669394740156914
2025-07-09,0.006489196795865943,0.006935805790189661,0.006385332483487199,0.006816356561425491,0.00689171332092871
2025-07-10,0.0009741150806464096,0.00075527811448133,0.0008961537855254945,0.0009426663308065037,0.0005835851705612577
2025-07-11,-0.004315537122112244,-0.00757254889741967,-0.0031708903884749787,-0.007090542715898266,-0.006664983606509123
2025-07-14,-0.0007771899472987205,0.0001512872373425033,-0.001659516280679583,0.0005682958550454814,-0.0009389733892017233
2025-07-15,-0.005799284619359525,-0.006451186642048781,-0.004988518304922629,-0.0069368712904416385,-0.00539733477650451
2025-07-16,0.003037212556975199,0.0027780923331048586,0.002714695037795894,0.0032301161383157164,0.002229329714596463
2025-07-17,0.0013187933393452897,0.0026107749806945258,-0.00017005949338167242,0.003450672614780639,0.0007030069815173358
2025-07-18,0.0005387474861214453,-0.0003085255085475392,0.0016249821723165689,-0.0009726760721195859,0.0011101787669825667
2025-07-21,0.006805382126974449,0.004455095816995266,0.008431079618305139,0.0040006696668927234,0.0063113814225241975
2025-07-22,0.004585186312297718,0.003245077867985209,0.005499394825131875,0.0029996981110788435,0.004283066847060765
2025-07-23,0.0026303918526737274,0.008413594089629304,-0.004396361430735343,0.01248378928820658,-0.0006281499531350821
2025-07-24,-0.0030474010807943898,-0.002496431356974272,-0.002882767906410307,-0.00293649319071129,-0.002111966725814765
2025-07-25,0.0002862812179602486,0.0024100997324106753,-0.0002622651567470168,0.0018964179097525802,0.002119600003718021
2025-07-28,-0.0061388846005099125,-0.006479011393529438,-0.005111382677600746,-0.007337667315555554,-0.005022549154642969
2025-07-29,0.004074616501826361,0.0030669092676154567,0.0072511259285184615,0.0003826498597052622,0.007581799373445112
2025-07-30,-0.006754276540707422,-0.0041251168263806625,-0.00802992527016519,-0.004166482840622114,-0.005376705248958729
2025-07-31,-0.0013538854766035244,-0.0041399241505747295,0.0015925690495260005,-0.005705219036662818,-0.00040583721921697436
2025-08-01,0.004801471029538946,-0.0011574972416787132,0.011922928825279473,-0.005367558832296189,0.008089810983290103
2025-08-04,0.007543250959441947,0.009214141621614267,0.004224734127953314,0.01168382725911684,0.004659932450551237
2025-08-05,-0.0001499194761310144,-0.0008032725003993738,0.0010051909763715635,-0.001633366907748268,0.0007669023439968397
2025-08-06,0.0011374467742977395,0.002956797695728915,-0.001791608156620243,0.004965383772914335,-0.0009756797772852578
2025-08-07,0.0028576112265437303,0.0020105831507865753,0.0021938759826559133,0.0030977626838809363,0.0008018903380332847
2025-08-08,0.0014598045957413272,0.002879318531519382,-0.0012541830892609253,0.004874536866846713,-0.0008326308493020262
2025-08-11,-0.003762138195532973,-0.0015066447476969483,-0.004077456052422909,-0.002318892533013443,-0.0014152477893519214
2025-08-12,0.003385526090663551,0.005845504343049326,-0.0006379729865878418,0.008618727863004444,0.00043681754692822053
2025-08-13,0.004886185580309879,0.005227094084007725,0.00495369055348835,0.004989156336751961,0.005413515669398476
2025-08-14,-0.0032943485921644263,-0.002010611649778672,-0.004977246005669685,-0.0009732815751224398,-0.0042112904517155846
2025-08-15,-0.0008643219699090303,-0.0006079888892579621,-0.0022316814561130697,0.0006291702597058731,-0.002594998920934923
2025-08-18,-0.0014022584775429078,-0.0012337747227560247,-0.0017434534124186132,-0.0009769632194043295,-0.0017033864775685926
2025-08-19,-0.0006202607355076797,-6.074211967685215e-05,0.0004081334591274388,-0.001369627025782324,0.0016202062721819082
2025-08-20,0.002769879944088672,0.0008436946274818353,0.003915986692139375,0.0006587235353349398,0.002084376444078673
2025-08-21,-0.004200007936127024,-0.004528771819962944,-0.003740509395287211,-0.004824161729509271,-0.0039215278342515205
2025-08-22,0.010742607769547507,0.011623984889672237,0.008582404318648816,0.013337991559535089,0.008605725484926075
2025-08-25,-0.004855775523045013,-0.006122186324407992,-0.002914134935563264,-0.007435431388926512,-0.0035233849135578865
2025-08-26,0.0021582955093093596,0.0009985336290642363,0.0025107462134075567,0.0012258032431850792,0.0012377791769014206
2025-08-27,0.0003542450725329658,-5.950740135797125e-05,0.0005564760727676652,-5.4923520891986854e-05,0.00014051579683639542
2025-08-28,0.004478983794805331,0.0037224325968344693,0.004911095885827518,0.00366831728594923,0.004181916515452701
2025-08-29,-0.0020819505125952886,-0.005186699115111795,-0.00021093361972909962,-0.005510556735751595,-0.0031482836564637076
2025-09-02,-0.0007319337198751247,-0.007206728873463593,0.003198991107465166,-0.007923330402235002,-0.0028936254674948405
2025-09-03,0.0058048799461918816,0.004909119298311029,0.00704321385998727,0.0041166749768877,0.006544058667419841
2025-09-04,0.00453793822077608,0.006958312233387923,0.0029416675364300534,0.007340656995734048,0.005174371524233256
2025-09-05,0.006988558494457537,0.004509124274253556,0.010030433947503482,0.002694664781642578,0.008461779045670513
2025-09-08,0.00811102356425555,0.007102234673042316,0.009022381731230602,0.006694106513842446,0.008218327883520081
2025-09-09,-0.002173719582791367,-0.0018102976413214974,-0.0030334284200045384,-0.0011331777472048709,-0.003008717202438707
2025-09-10,0.002791961266813275,0.002342334749305917,0.0035184494569233666,0.0018399934172731397,0.0033200432135363565
2025-09-11,0.005156557607508221,0.007317597642724905,0.003059415516696524,0.008328155775947102,0.004718265590968865
2025-09-12,-0.0014847551049361534,-0.0022984209737385605,-0.0011816437036526364,-0.002194831960278191,-0.002046845697595612
2025-09-15,0.005248078233012059,0.004359271824650657,0.0049110290186876356,0.005140859136398102,0.003630768041056063
2025-09-16,8.333673118446179e-05,-0.0007276325464632307,0.00114791604589016,-0.0013882119114921917,0.0006675846320720548
2025-09-17,-0.0033958411088795535,-0.002340069777194866,-0.003866873069656863,-0.0023972543927447162,-0.0027820000437886578
2025-09-18,-0.0017088199133415323,-4.878076318727767e-05,-0.004715439414226053,0.0021166666094492343,-0.004138152351338478
2025-09-19,0.0019000060120606395,-0.00013885594920827986,0.002647243771852121,0.0001325354973760036,0.00047428455367570197
2025-09-22,0.004113939639136172,0.0014697339597869905,0.004150775782715985,0.002755824572800999,0.0008630253132767478
2025-09-23,0.001100687104050497,-0.00043279599973975927,0.003437824599318814,-0.002010171291989965,0.002693838559869271
2025-09-24,-0.004791086385370268,-0.0038880432395537023,-0.004897722713504693,-0.004232886059459687,-0.0038221881178995246
2025-09-25,-0.0018289187784466432,-0.0038580610324377945,0.00023495934561063356,-0.004913222210709521,-0.0012639205110738273
2025-09-26,0.003829178694689595,0.004034858702732767,0.002349655379965123,0.0054092097284669585,0.0018667367770609932
2025-09-29,0.0066386310550092835,0.004023019430842358,0.008282404674833708,0.0036830453088554753,0.005840758507999985
2025-09-30,0.0026591964725109305,0.0017306485942302056,0.0020484719163820922,0.002805665391710938,0.0005810854030156427
2025-10-01,0.003699699786227423,0.004563351836592773,0.0026006882127287295,0.005228950320396177,0.0031319582107760878
2025-10-02,0.0006452037778970017,0.0016106567129798605,0.0002931311820710741,0.0014798255771402702,0.001324356081922537
2025-10-03,0.002695776548717989,0.0019369215848904014,0.0019323200339067593,0.0030795844879558196,0.0006006266373410858
2025-10-06,0.00288249228318455,-0.0003098595296307192,0.0028940702828755636,0.0012759936504255795,-0.0010921059726759846
2025-10-07,6.783431503791892e-05,-0.002193728044012885,0.003164910669720573,-0.004172524037966669,0.0018952208106813846
2025-10-08,0.0052148889863377216,0.0028030677589459575,0.005635154891909132,0.0035887557567234924,0.002831438263250614
2025-10-09,-0.006293060689092273,-0.0036825999527671403,-0.00669960293587188,-0.004581131778400807,-0.003638936729129364
2025-10-10,-0.0029945050589943486,-0.00958476100291304,0.006815203606266427,-0.016223904433156605,0.003560203399065783
2025-10-13,0.009716155602820195,0.00719499346112562,0.008812229739626776,0.00936061651076669,0.0052032281272012815
2025-10-14,0.0030034325072074756,0.0018885845406932736,0.0037283133018080777,0.0017203527509444564,0.0026983178977525294
2025-10-15,0.004779521616682361,0.0022439795005069194,0.004869522053421834,0.003422431527260096,0.0017445144381341823
2025-10-16,0.006593177692510775,0.0017972567120490364,0.010216653606144802,0.0005527026049209505,0.006057558589309068
2025-10-17,-0.002880964652743637,0.0016203070230600416,-0.0061718042996836186,0.002644879288190593,-0.0021700915156568413
2025-10-20,0.012061273420335755,0.006706187384224145,0.013423912629177925,0.008019160492790202,0.007419904543960376
2025-10-21,-0.013255491272514363,-0.0010623557284878365,-0.018045007456612694,-0.002402644859898836,-0.005121044294943112
2025-10-22,-0.0011760620653669125,-0.0018519152404563861,-0.000129015639225126,-0.002562429818694092,-0.00044946499226293285
2025-10-23,0.0011376152647428843,0.0013678900475848576,-0.0008705727417209238,0.0032566920298725253,-0.0015874772256784314
2025-10-24,0.0015849655533026585,0.003237235212601115,-8.489994135137379e-05,0.00407714723656598,0.0011492068178817815
2025-10-27,-0.0009698905459759113,0.006468642167888537,-0.0062011260134228795,0.007940999330502446,0.0005354454467044349
2025-10-28,-0.0003387826823279149,0.0013200782449962374,-0.0010748382749120342,0.0012258961383084643,0.000632365443268092
2025-10-29,-0.0047847511314668325,-0.0045495337353325125,-0.005868842881586929,-0.0035843450413304244,-0.00611683814057152
2025-10-30,-0.0006192762155429069,-0.006069206486644115,0.0028257874616696454,-0.006806938273878659,-0.0022379614144377043
2025-10-31,-0.0016708138728689075,-0.0005172985539725262,-0.002673057491865079,-9.322694037237321e-05,-0.001730701885063537
2025-11-03,8.988662398988636e-05,-3.0183468139655197e-05,-0.00046153810189671605,0.0005810072817056116,-0.0008875786233778739
2025-11-04,-0.0073544750796799225,-0.006027059513302845,-0.005544399259430363,-0.008502700548470087,-0.002986086686975937
2025-11-05,0.0014781053518809076,0.00010874644173844928,-0.00013728190702454014,0.00240754562857345,-0.002662105547681865
2025-11-06,-0.00027230286017766644,-0.0013188968486591624,0.0028023351359888773,-0.0038811998959497164,0.003033722401336692
2025-11-07,0.001675299766861796,0.0009304897409850258,0.0013191273436240682,0.0016591422758303776,0.00020939644867785153
2025-11-10,0.010494067942984036,0.007654507751759902,0.009273904005180881,0.010295701883484155,0.005106033191133877
2025-11-11,0.004222267997312246,0.004398414074469732,0.003927892596541623,0.004604607768623648,0.004000947382572214
2025-11-12,0.004773124473494031,0.0022031223285562482,0.005553428532112262,0.002707031739690763,0.0027335807340876667
2025-11-13,-0.009289567114774619,-0.010378706783354851,-0.0071576304838477335,-0.011971644881199983,-0.007450626232019754
2025-11-14,-0.005623229774602831,-0.002309033154468402,-0.007669250656069656,-0.0019262953372281967,-0.004540092088958177
2025-11-17,-0.006255002049439291,-0.006200730700747991,-0.003763138466772349,-0.008725886616477834,-0.0024519455355137454
2025-11-18,-0.0027402110884117694,-0.006330504148270653,0.001197247903983575,-0.008493880544771812,-0.0013032321651461297
2025-11-19,4.304432041779483e-05,-0.00022217863667715803,-8.716389975433933e-05,4.065016670371157e-05,-0.0004838788301245424
2025-11-20,-0.004843409694153835,-0.007702833795281335,2.9730754842297085e-06,-0.01114906400935359,-0.0011322611192444488
2025-11-21,0.005838511356437482,0.008667813540350348,0.0024293475284196233,0.010646945729784934,0.004273884671421196
2025-11-24,0.007822743746386328,0.006238394066502011,0.007816206128954535,0.007037425430475328,0.005832088236069727
2025-11-25,0.005007699890808736,0.0071847147852316245,0.0022099721694276027,0.008883689413333546,0.00354012983376968
2025-11-26,0.006361044715610517,0.006548987538128578,0.005086948941931244,0.007727375561049127,0.004684664293503144
2025-11-28,0.0030359775559239523,0.0014456272380491287,0.002330797466324265,0.002946361858647003,-1.2419327128245584e-05
2025-12-01,-0.004305774009163077,-0.006233771094008725,-0.004068916023169458,-0.005506450417912908,-0.006360228513158568
2025-12-02,7.655489924647229e-05,0.0018701226976953554,-0.0011540901999340823,0.0022017717928480996,0.0004756145193337473
2025-12-03,0.002525391451431823,0.0035941737162377987,0.0015762965970787187,0.004007613831239797,0.0024391128402395197
2025-12-04,-0.0007143458520377021,-0.00048706119668881373,-0.0019640316123022777,0.0006472871762327236,-0.0023048297354416195
2025-12-05,-0.001127446428273312,-0.0005829915640999175,-0.0021613476338724837,0.00017737039509389013,-0.00199712097314264
2025-12-08,-0.0027288104898459,-0.0028108750094524735,-0.002566608173779459,-0.0029320771948994156,-0.002588073626890055
2025-12-09,0.0006174036690114107,-0.000627273404462481,0.0014683893636908492,-0.000856981981396287,0.00033950840800078244
2025-12-10,0.005765027061782611,0.00666531069935994,0.004269074483974695,0.007708316357215319,0.004648013404665134
2025-12-11,0.0035881608332307313,0.0022742866051149537,0.003295884392903882,0.0032238224651645114,0.0015063804922539308
2025-12-12,-0.004648919797158833,-0.007389353852059249,-0.0029488550580371435,-0.00772349337330452,-0.005517884351397921
2025-12-15,0.0014512637372058527,0.0017349730251038492,0.001012388645930622,0.002031748791433168,0.001147736399389987
2025-12-16,3.811035908953753e-05,-0.0007507230339725172,0.0019129889764957898,-0.0022353705153233708,0.0018657422416612675
2025-12-17,-0.002347534773763457,-0.005990531459875007,0.0012575288725261188,-0.007792083684152228,-0.0014760213760934347
2025-12-18,0.004020625331349474,0.005838748347822261,0.0023740893678776695,0.006572436259546746,0.003827555949738006
2025-12-19,0.0023189763539535257,0.0036563975885716923,-0.00043564692724926374,0.005733132263542435,-0.0001373922558322516
2025-12-22,0.005847388171639637,0.0021271169400705445,0.006572171065909933,0.003262324360474749,0.002286926166666077
2025-12-23,0.00512456599498938,0.003564277876422946,0.004985662471178524,0.004483718822510803,0.002965055737161145
2025-12-24,0.0017402782003753002,0.0030221684580464384,0.0014662896744456599,0.0026551666718477073,0.0029320315761019807
2025-12-26,0.002065185571831697,-9.26198259432347e-05,0.002658911210525928,0.00039214538696440675,0.00026006144650079675
2025-12-29,-0.009060778787419316,-0.0009678235427357922,-0.011968209311460776,-0.002118826088820059,-0.003275120434376927
2025-12-30,-0.0003571865635368081,-0.0004756763004838062,-0.0006035491774078226,-0.00017011315242207613,-0.0008749223658757168
