Date,AGG,EFA,GLD,TLT,VOO
2016-01-04,79.9401626586914,42.19698715209961,102.88999938964844,89.94145202636719,154.6295623779297
2016-01-05,79.97715759277344,42.13130187988281,103.18000030517578,89.57859802246094,154.90647888183594
2016-01-06,80.28073120117188,41.4379997253418,104.66999816894531,90.78570556640625,152.94329833984375
2016-01-07,80.27334594726562,40.57683181762695,106.1500015258789,90.9486312866211,149.21826171875
2016-01-08,80.4510269165039,40.08786392211914,105.68000030517578,91.3559341430664,147.63262939453125
2016-01-11,80.22149658203125,40.255714416503906,104.73999786376953,90.35615539550781,147.64944458007812
2016-01-12,80.39918518066406,40.44546890258789,104.20999908447266,91.65955352783203,148.87429809570312
2016-01-13,80.58424377441406,39.817848205566406,104.72000122070312,92.56304168701172,145.2332000732422
2016-01-14,80.55470275878906,40.328697204589844,103.0199966430664,91.69660186767578,147.5906982421875
2016-01-15,80.65093231201172,38.86909866333008,104.08000183105469,93.12586212158203,144.42776489257812
2016-01-19,80.5694808959961,39.2266960144043,103.9800033569336,92.83706665039062,144.58717346191406
2016-01-20,80.63610076904297,38.33635330200195,105.37000274658203,93.81456756591797,142.8925018310547
2016-01-21,80.52508544921875,38.6209602355957,105.48999786376953,93.17768859863281,143.58883666992188
2016-01-22,80.58424377441406,39.75945281982422,105.0,92.82228088378906,146.53359985351562
2016-01-25,80.53983306884766,39.2266960144043,106.08000183105469,93.32579040527344,144.3606719970703
2016-01-26,80.6435317993164,39.92731857299805,107.29000091552734,93.37025451660156,146.3154754638672
2016-01-27,80.65834045410156,39.67188262939453,107.69000244140625,93.34803771972656,144.65431213378906
2016-01-28,80.72492980957031,39.78864288330078,106.54000091552734,93.4813232421875,145.4429168701172
2016-01-29,80.96188354492188,40.4892578125,106.94999694824219,94.27376556396484,149.12594604492188
2016-02-01,80.86390686035156,40.44546890258789,108.05000305175781,93.98512268066406,148.9917755126953
2016-02-02,81.10881042480469,39.504024505615234,108.08999633789062,95.72874450683594,146.29026794433594
2016-02-03,81.1013412475586,39.83243942260742,109.25,94.93482971191406,147.14598083496094
2016-02-04,81.18302154541016,39.88352966308594,110.56999969482422,95.39485168457031,147.33059692382812
2016-02-05,81.10881042480469,39.27048873901367,112.31999969482422,95.50615692138672,144.56202697753906
2016-02-08,81.42041015625,38.54069900512695,113.83000183105469,97.56137084960938,142.57371520996094
2016-02-09,81.41299438476562,38.09550857543945,113.58000183105469,97.6652603149414,142.6156463623047
2016-02-10,81.61329650878906,38.05172348022461,114.45999908447266,98.52596282958984,142.5233154296875
2016-02-11,81.6652603149414,37.4970817565918,119.05999755859375,99.21601867675781,140.69442749023438
2016-02-12,81.44266510009766,38.153900146484375,118.36000061035156,97.56883239746094,143.5804443359375
2016-02-16,81.24231719970703,38.927490234375,114.7699966430664,96.5374526977539,145.98822021484375
2016-02-17,81.19782257080078,39.59889221191406,115.4800033569336,95.9438705444336,148.3793182373047
2016-02-18,81.44266510009766,39.39455795288086,118.29000091552734,97.12364959716797,147.75009155273438
2016-02-19,81.45751190185547,39.350765228271484,117.58000183105469,97.20523071289062,147.71649169921875
2016-02-22,81.47977447509766,39.79594421386719,115.48999786376953,97.15333557128906,149.83074951171875
2016-02-23,81.49458312988281,39.14643096923828,117.22000122070312,97.54656219482422,147.9514923095703
2016-02-24,81.5242919921875,39.00776290893555,117.61000061035156,97.35366821289062,148.6477813720703
2016-02-25,81.7320556640625,39.474830627441406,117.91999816894531,97.70240020751953,150.4347381591797
2016-02-26,81.58362579345703,39.3726692199707,117.11000061035156,96.76008605957031,150.1579132080078
2016-02-29,81.68009185791016,39.13912582397461,118.63999938964844,97.18296813964844,148.81561279296875
2016-03-01,81.43547821044922,40.160850524902344,117.7699966430664,95.47171783447266,152.4818572998047
2016-03-02,81.34632110595703,40.43817138671875,118.68000030517578,95.86573791503906,153.1278839111328
2016-03-03,81.44295501708984,40.83226013183594,120.7300033569336,96.21513366699219,153.6899871826172
2016-03-04,81.31655883789062,41.13148880004883,120.54000091552734,95.5981216430664,154.1849365234375
2016-03-07,81.29422760009766,41.08039855957031,121.13999938964844,95.568359375,154.35279846191406
2016-03-08,81.49491882324219,40.679012298583984,120.58000183105469,96.62395477294922,152.61610412597656
2016-03-09,81.45781707763672,40.83226013183594,119.58000183105469,96.03672790527344,153.45504760742188
2016-03-10,81.49491882324219,40.76658248901367,121.5,95.6427230834961,153.5389404296875
2016-03-11,81.34632110595703,41.832088470458984,119.41000366210938,94.67634582519531,156.03065490722656
2016-03-14,81.39093017578125,41.744510650634766,117.87000274658203,94.97369384765625,155.79579162597656
2016-03-15,81.31655883789062,41.35041809082031,117.95999908447266,95.06292724609375,155.5944061279297
2016-03-16,81.66594696044922,41.71532440185547,120.58999633789062,95.3453598022461,156.52560424804688
2016-03-17,81.83697509765625,42.03642654418945,120.12999725341797,95.7393798828125,157.51564025878906
2016-03-18,81.90387725830078,41.96345138549805,119.80000305175781,95.9400405883789,158.10292053222656
2016-03-21,81.72543334960938,41.89776611328125,118.95999908447266,95.20413208007812,158.3441619873047
2016-03-22,81.67338562011719,41.82478713989258,119.30999755859375,95.18184661865234,158.2598419189453
2016-03-23,81.85184478759766,41.4015007019043,116.61000061035156,96.25972747802734,157.2476348876953
2016-03-24,81.85926055908203,41.12417984008789,116.33000183105469,96.29686737060547,157.13796997070312
2016-03-28,81.91869354248047,41.37230682373047,116.5999984741211,96.4232406616211,157.2476348876953
2016-03-29,82.16404724121094,41.81748580932617,118.76000213623047,97.43426513671875,158.75743103027344
2016-03-30,82.13431549072266,42.13130187988281,117.0999984741211,96.40845489501953,159.42381286621094
2016-03-31,82.39449310302734,41.71532440185547,117.63999938964844,97.09233856201172,159.04425048828125
2016-04-01,82.32148742675781,41.2701416015625,116.93000030517578,97.34557342529297,160.06478881835938
2016-04-04,82.4034194946289,41.18256378173828,116.1500015258789,97.40515899658203,159.5587921142578
2016-04-05,82.51525115966797,40.372493743896484,117.66000366210938,98.47039794921875,157.9392547607422
2016-04-06,82.50032806396484,41.02930450439453,116.94000244140625,97.75531005859375,159.66000366210938
2016-04-07,82.67910766601562,40.430870056152344,118.61000061035156,98.9620590209961,157.77903747558594
2016-04-08,82.5971450805664,41.20446014404297,118.43000030517578,98.33631134033203,158.2091827392578
2016-04-11,82.65673828125,41.22635269165039,120.02999877929688,98.20964050292969,157.79591369628906
2016-04-12,82.52265167236328,41.83938217163086,120.05000305175781,97.53180694580078,159.33094787597656
2016-04-13,82.55989074707031,42.503501892089844,118.7699966430664,97.87447357177734,160.92514038085938
2016-04-14,82.4183349609375,42.64216232299805,117.11000061035156,97.40515899658203,160.9082489013672
2016-04-15,82.64926147460938,42.54729461669922,117.91999816894531,98.23949432373047,160.73110961914062
2016-04-18,82.6418228149414,42.91218566894531,117.73999786376953,97.81488800048828,161.89512634277344
2016-04-19,82.63439178466797,43.65658950805664,119.58000183105469,97.50943756103516,162.38438415527344
2016-04-20,82.43326568603516,43.693077087402344,118.97000122070312,96.4367446899414,162.51925659179688
2016-04-21,82.32148742675781,43.43034362792969,119.41999816894531,95.86321258544922,161.6167755126953
2016-04-22,82.3289566040039,43.45223617553711,117.88999938964844,95.61737060546875,161.65899658203125
2016-04-25,82.23958587646484,43.23330307006836,118.2300033569336,95.22257995605469,161.3975067138672
2016-04-26,82.20232391357422,43.386558532714844,118.69999694824219,94.79053497314453,161.6336669921875
2016-04-27,82.44818878173828,43.4157600402832,119.04000091552734,95.73656463623047,161.97105407714844
2016-04-28,82.61209869384766,42.82461166381836,121.29000091552734,96.13139343261719,160.51181030273438
2016-04-29,82.60457611083984,42.64216232299805,123.6500015258789,96.37721252441406,159.60092163085938
2016-05-02,82.54861450195312,43.04356384277344,123.23999786376953,95.40684509277344,160.87452697753906
2016-05-03,82.69788360595703,42.33564376831055,122.95999908447266,96.60858917236328,159.49969482421875
2016-05-04,82.7352294921875,41.846683502197266,122.20999908447266,97.13855743408203,158.5634765625
2016-05-05,82.94417572021484,41.75910568237305,122.06999969482422,97.78790283203125,158.5465850830078
2016-05-06,82.81727600097656,41.87586975097656,123.18000030517578,97.36991882324219,159.12014770507812
2016-05-09,82.86955261230469,41.78829574584961,120.6500015258789,97.67591857910156,159.28884887695312
2016-05-10,82.90682983398438,42.38673400878906,120.9800033569336,97.68338775634766,161.26255798339844
2016-05-11,82.90682983398438,42.02183151245117,122.12000274658203,98.23575592041016,159.75274658203125
2016-05-12,82.83221435546875,42.00724792480469,121.16000366210938,97.78790283203125,159.8455047607422
2016-05-13,82.98895263671875,41.57665252685547,121.70999908447266,98.73583984375,158.36941528320312
2016-05-16,82.8470687866211,42.07291793823242,121.80000305175781,97.8849105834961,159.94676208496094
2016-05-17,82.7352294921875,41.76640319824219,122.22000122070312,98.04912567138672,158.5381317138672
2016-05-18,82.39195251464844,41.7809944152832,120.0999984741211,96.65337371826172,158.51283264160156
2016-05-19,82.44413757324219,41.48178482055664,119.87000274658203,97.07134246826172,157.99830627441406
2016-05-20,82.49639129638672,41.82478713989258,119.70999908447266,97.14595794677734,158.9851531982422
2016-05-23,82.4814224243164,41.686126708984375,119.37000274658203,97.3624267578125,158.7743377685547
2016-05-24,82.4366683959961,42.291866302490234,117.30000305175781,96.92949676513672,160.79019165039062
2016-05-25,82.45162200927734,42.7370491027832,116.9800033569336,96.56380462646484,161.88674926757812
2016-05-26,82.57843780517578,42.85380172729492,116.58000183105469,97.06383514404297,161.96261596679688
2016-05-27,82.56352996826172,42.810020446777344,115.62000274658203,96.92205047607422,162.59524536132812
2016-05-31,82.61579895019531,42.60567092895508,116.05999755859375,97.1534652709961,162.4011688232422
2016-06-01,82.56942749023438,42.569175720214844,115.94000244140625,97.5476303100586,162.70489501953125
2016-06-02,82.77880859375,42.569175720214844,115.66999816894531,98.25064849853516,163.19407653808594
2016-06-03,83.22746276855469,42.84651184082031,118.87999725341797,99.64929962158203,162.7217254638672
2016-06-06,83.11530303955078,43.08734893798828,118.91999816894531,98.90888977050781,163.50616455078125
2016-06-07,83.19010162353516,43.40114974975586,118.81999969482422,99.14824676513672,163.80136108398438
2016-06-08,83.21996307373047,43.488731384277344,120.58000183105469,99.67928314208984,164.34121704101562
2016-06-09,83.27981567382812,42.95597839355469,121.25,100.3225326538086,164.08811950683594
2016-06-10,83.39196014404297,41.7080192565918,121.73999786376953,100.8086929321289,162.51089477539062
2016-06-13,83.45928192138672,41.102291107177734,122.63999938964844,101.25745391845703,161.28785705566406
2016-06-14,83.4218978881836,40.44546890258789,122.7699966430664,101.18267822265625,160.93359375
2016-06-15,83.60134887695312,40.71550369262695,123.68000030517578,101.57161712646484,160.69740295410156
2016-06-16,83.6536865234375,40.80306625366211,122.37999725341797,102.06519317626953,161.22036743164062
2016-06-17,83.59388732910156,41.20446014404297,123.94999694824219,101.42948150634766,160.62147521972656
2016-06-20,83.36204528808594,42.22618103027344,123.20999908447266,100.34497833251953,161.65052795410156
2016-06-21,83.30227661132812,42.569175720214844,120.83999633789062,99.8812255859375,162.11087036132812
2016-06-22,83.3546142578125,42.54311752319336,120.9000015258789,100.04582214355469,161.83961486816406
2016-06-23,83.2125244140625,43.71989822387695,120.11000061035156,98.90142822265625,163.93325805664062
2016-06-24,83.66121673583984,39.966094970703125,126.0,101.55664825439453,157.95716857910156
2016-06-27,83.99767303466797,39.19894790649414,126.68000030517578,104.09220886230469,155.16835021972656
2016-06-28,84.10237121582031,40.22677230834961,125.31999969482422,104.3091049194336,158.03346252441406
2016-06-29,84.04254913330078,40.96413040161133,125.83999633789062,103.5087661743164,160.75453186035156
2016-06-30,84.2145767211914,41.57487106323242,126.47000122070312,103.89024353027344,162.92465209960938
2016-07-01,84.39581298828125,41.57487106323242,128.41000366210938,105.33268737792969,163.263671875
2016-07-05,84.6205825805664,40.77048873901367,129.47000122070312,106.65151977539062,162.1193084716797
2016-07-06,84.77790832519531,40.696006774902344,130.22999572753906,106.82381439208984,163.07717895507812
2016-07-07,84.71798706054688,40.53215026855469,129.74000549316406,106.81636810302734,162.96697998046875
2016-07-08,84.8453369140625,41.15034103393555,130.52000427246094,107.60316467285156,165.4422149658203
2016-07-11,84.6205825805664,41.753623962402344,129.2899932861328,106.65897369384766,166.0186309814453
2016-07-12,84.36589050292969,42.31967544555664,127.1500015258789,104.90557098388672,167.18844604492188
2016-07-13,84.48571014404297,42.27498245239258,128.32000732421875,106.1419448852539,167.12913513183594
2016-07-14,84.41082000732422,42.63993835449219,127.33000183105469,104.59834289550781,168.1039276123047
2016-07-15,84.10359954833984,42.4239501953125,126.83999633789062,103.69918060302734,167.84957885742188
2016-07-18,84.11863708496094,42.528221130371094,127.04000091552734,103.60171508789062,168.33279418945312
2016-07-19,84.29092407226562,42.193058013916016,127.20999908447266,104.18623352050781,168.14633178710938
2016-07-20,84.2160415649414,42.57290267944336,125.38999938964844,103.61672973632812,168.82449340820312
2016-07-21,84.29092407226562,42.40160369873047,127.30000305175781,103.82654571533203,168.18869018554688
2016-07-22,84.30597686767578,42.48352813720703,126.3499984741211,104.00638580322266,168.968505859375
2016-07-25,84.20856475830078,42.431396484375,125.47000122070312,103.93144226074219,168.56175231933594
2016-07-26,84.20856475830078,42.61014938354492,126.0,104.09632873535156,168.5532684326172
2016-07-27,84.45581817626953,42.76655578613281,128.02999877929688,105.39263916015625,168.44302368164062
2016-07-28,84.44831848144531,42.721866607666016,127.66000366210938,105.19786071777344,168.62948608398438
2016-07-29,84.67301940917969,43.228328704833984,128.97999572753906,106.07452392578125,168.92620849609375
2016-08-01,84.47562408447266,42.9453010559082,129.22000122070312,104.92448425292969,168.73123168945312
2016-08-02,84.22793579101562,42.72931671142578,130.27000427246094,103.84347534179688,167.68011474609375
2016-08-03,84.3180160522461,42.580352783203125,129.64999389648438,103.90351867675781,168.16331481933594
2016-08-04,84.47562408447266,42.82613754272461,129.8699951171875,104.68425750732422,168.32435607910156
2016-08-05,84.19042205810547,43.01979064941406,127.55000305175781,103.59576416015625,169.68060302734375
2016-08-08,84.24295043945312,43.109169006347656,127.44000244140625,103.7908706665039,169.59585571289062
2016-08-09,84.46066284179688,43.45177459716797,127.95999908447266,104.81183624267578,169.7060546875
2016-08-10,84.5582046508789,43.60073471069336,128.55999755859375,105.2172622680664,169.2737579345703
2016-08-11,84.3330307006836,43.913551330566406,127.66999816894531,104.2789306640625,170.10450744628906
2016-08-12,84.53567504882812,43.801822662353516,127.4000015258789,105.15714263916016,169.93496704101562
2016-08-15,84.38554382324219,43.973140716552734,127.83999633789062,104.16625213623047,170.42660522460938
2016-08-16,84.3330307006836,43.90610122680664,128.47000122070312,103.88849639892578,169.54501342773438
2016-08-17,84.49061584472656,43.89120101928711,128.5,104.5115966796875,169.82473754882812
2016-08-18,84.61078643798828,44.11464309692383,129.11000061035156,104.67672729492188,170.23158264160156
2016-08-19,84.4231185913086,43.78694152832031,127.97000122070312,104.12874603271484,169.99427795410156
2016-08-22,84.5506820678711,43.83161544799805,127.77999877929688,105.00709533691406,169.977294921875
2016-08-23,84.5732192993164,44.017822265625,127.76000213623047,105.11966705322266,170.291015625
2016-08-24,84.54320526123047,43.913551330566406,126.33999633789062,104.8719253540039,169.4687042236328
2016-08-25,84.45309448242188,43.734798431396484,126.2300033569336,104.47408294677734,169.33306884765625
2016-08-26,84.3180160522461,43.474117279052734,126.05000305175781,103.86593627929688,169.01092529296875
2016-08-29,84.5506820678711,43.608177185058594,126.30000305175781,105.25477600097656,169.8671417236328
2016-08-30,84.50565338134766,43.548587799072266,125.02999877929688,104.84934997558594,169.54501342773438
2016-08-31,84.49061584472656,43.459228515625,124.77999877929688,104.99951171875,169.12965393066406
2016-09-01,84.5643539428711,43.75714874267578,125.29000091552734,105.11536407470703,169.09573364257812
2016-09-02,84.45153045654297,44.263607025146484,126.56999969482422,104.25804138183594,169.8501434326172
2016-09-06,84.63201141357422,44.561527252197266,128.7100067138672,105.0175552368164,170.3842010498047
2016-09-07,84.6771469116211,44.5838737487793,128.27000427246094,104.94237518310547,170.37571716308594
2016-09-08,84.38387298583984,44.45726013183594,127.58999633789062,103.62623596191406,169.977294921875
2016-09-09,84.01542663574219,43.593292236328125,126.75,101.91905975341797,165.87449645996094
2016-09-12,84.08307647705078,43.95079040527344,126.58999633789062,101.9717788696289,168.24798583984375
2016-09-13,83.8499755859375,43.06447219848633,125.75,100.81361389160156,165.84947204589844
2016-09-14,83.95526885986328,43.00489044189453,126.18000030517578,100.96395111083984,165.74732971191406
2016-09-15,84.00789642333984,43.37729263305664,125.37000274658203,100.52777862548828,167.4502410888672
2016-09-16,84.06804656982422,42.81870651245117,125.05999755859375,101.34002685546875,166.7946014404297
2016-09-19,84.00035858154297,43.04213333129883,125.31999969482422,101.00912475585938,166.8456573486328
2016-09-20,84.03044891357422,43.30281066894531,125.44000244140625,101.36261749267578,166.86273193359375
2016-09-21,84.24101257324219,44.0625114440918,127.2699966430664,102.18231201171875,168.73593139648438
2016-09-22,84.4139404296875,44.50939178466797,127.56999969482422,102.9945297241211,169.7491912841797
2016-09-23,84.39138793945312,44.136993408203125,127.6500015258789,102.89681243896484,168.838134765625
2016-09-26,84.49671173095703,43.72734832763672,127.55000305175781,103.55106353759766,167.49276733398438
2016-09-27,84.6019287109375,43.9359016418457,126.62000274658203,104.3106460571289,168.51463317871094
2016-09-28,84.6244888305664,44.248714447021484,126.22000122070312,104.08502960205078,169.42564392089844
2016-09-29,84.6244888305664,43.69756317138672,126.06999969482422,104.34827423095703,167.83340454101562
2016-09-30,84.53427124023438,44.040164947509766,125.63999938964844,103.41570281982422,169.17874145507812
2016-10-03,84.43859100341797,43.920997619628906,125.31999969482422,103.0744400024414,168.6422882080078
2016-10-04,84.1523208618164,43.913551330566406,120.97000122070312,101.86891174316406,167.85890197753906
2016-10-05,84.03935241699219,44.092308044433594,120.77999877929688,101.39430236816406,168.55712890625
2016-10-06,84.03935241699219,43.85396957397461,119.66000366210938,100.8292465209961,168.75302124023438
2016-10-07,84.05438995361328,43.63053512573242,119.73999786376953,100.89702606201172,168.1314239501953
2016-10-10,84.01673126220703,43.75714874267578,120.16000366210938,100.3018798828125,168.90623474121094
2016-10-11,83.88863372802734,43.138954162597656,119.55000305175781,100.07579803466797,166.85418701171875
2016-10-12,83.91881561279297,43.04213333129883,119.73999786376953,100.17379760742188,167.0670623779297
2016-10-13,84.03935241699219,42.87827682495117,120.02999877929688,100.55050659179688,166.53060913085938
2016-10-14,83.89624786376953,42.9527587890625,119.36000061035156,99.1415786743164,166.57322692871094
2016-10-17,84.03935241699219,42.82613754272461,119.68000030517578,99.77444458007812,166.07933044433594
2016-10-18,84.17494201660156,43.250675201416016,120.41999816894531,100.09839630126953,167.0585174560547
2016-10-19,84.2200927734375,43.36984634399414,121.11000061035156,100.18128204345703,167.5183563232422
2016-10-20,84.19001770019531,43.436866760253906,120.73999786376953,100.2867660522461,167.24581909179688
2016-10-21,84.24272918701172,43.34005355834961,120.83000183105469,100.43745422363281,167.2884521484375
2016-10-24,84.11467742919922,43.33260726928711,120.55999755859375,100.00050354003906,167.96963500976562
2016-10-25,84.11467742919922,43.30281066894531,121.47000122070312,100.26414489746094,167.49276733398438
2016-10-26,83.94895935058594,43.109169006347656,120.79000091552734,99.58611297607422,167.11814880371094
2016-10-27,83.73800659179688,43.05702590942383,121.01000213623047,98.50115203857422,166.6754150390625
2016-10-28,83.73800659179688,43.04213333129883,121.58000183105469,98.28271484375,166.1474609375
2016-10-31,83.84345245361328,43.06447219848633,121.94000244140625,98.88542938232422,166.1474609375
2016-11-01,83.79816436767578,42.87827682495117,122.7300033569336,98.89297485351562,164.98948669433594
2016-11-02,83.89632415771484,42.58781433105469,123.63999938964844,99.32320404052734,163.89956665039062
2016-11-03,83.78305053710938,42.54311752319336,124.30000305175781,98.56085968017578,163.260986328125
2016-11-04,83.95664978027344,42.13347625732422,124.38999938964844,99.44402313232422,163.0396270751953
2016-11-07,83.85858154296875,42.714412689208984,122.1500015258789,98.59855651855469,166.61575317382812
2016-11-08,83.72270965576172,42.83358383178711,121.63999938964844,98.1985092163086,167.38214111328125
2016-11-09,82.94532012939453,42.87083435058594,121.55999755859375,94.03176879882812,169.17025756835938
2016-11-10,82.60565948486328,42.75165939331055,119.75,92.64283752441406,169.56187438964844
2016-11-11,82.45476531982422,42.49097442626953,117.0999984741211,92.1219482421875,169.246826171875
2016-11-14,82.12265014648438,42.260093688964844,116.11000061035156,91.57090759277344,169.2723846435547
2016-11-15,82.18302917480469,42.4462890625,117.12000274658203,92.02383422851562,170.64324951171875
2016-11-16,82.36420440673828,41.9994010925293,116.7699966430664,92.85419464111328,170.3537139892578
2016-11-17,82.05475616455078,42.31967544555664,116.16999816894531,91.4878921508789,171.1626739501953
2016-11-18,81.79055786132812,41.8578987121582,115.1500015258789,91.22366333007812,170.85610961914062
2016-11-21,81.8585433959961,42.21540451049805,115.58000183105469,91.45012664794922,172.11627197265625
2016-11-22,81.93399047851562,42.31967544555664,115.54000091552734,91.4199447631836,172.43136596679688
2016-11-23,81.64717864990234,42.17071533203125,113.25,91.0651626586914,172.58457946777344
2016-11-25,81.63965606689453,42.297332763671875,112.61000061035156,91.20103454589844,173.27426147460938
2016-11-28,81.92642974853516,42.073890686035156,113.80000305175781,91.87284088134766,172.4568634033203
2016-11-29,82.01701354980469,42.342018127441406,113.2699966430664,92.25784301757812,172.72935485839844
2016-11-30,81.69248962402344,42.297332763671875,111.75,90.76323699951172,172.33767700195312
2016-12-01,81.42327880859375,42.13347625732422,111.54000091552734,89.80492401123047,171.66497802734375
2016-12-02,81.68037414550781,42.23774337768555,112.13999938964844,90.46293640136719,171.78424072265625
2016-12-05,81.74844360351562,42.65483856201172,111.54000091552734,90.3646011352539,172.77195739746094
2016-12-06,81.73330688476562,42.9453010559082,111.43000030517578,90.29656219482422,173.37646484375
2016-12-07,81.94499969482422,43.585838317871094,111.83000183105469,91.06803894042969,175.5732421875
2016-12-08,81.79379272460938,43.548587799072266,111.56999969482422,89.99400329589844,176.0330810546875
2016-12-09,81.54429626464844,43.734798431396484,110.4000015258789,88.87459564208984,177.1059112548828
2016-12-12,81.46863555908203,43.54115295410156,110.81999969482422,89.04094696044922,176.91006469726562
2016-12-13,81.57447814941406,44.010372161865234,110.44999694824219,89.3586196899414,178.11912536621094
2016-12-14,81.1283950805664,43.362396240234375,108.83000183105469,88.3602066040039,176.64610290527344
2016-12-15,81.03008270263672,43.26557540893555,107.33999633789062,88.80645751953125,177.3017578125
2016-12-16,81.08301544189453,43.29536819458008,108.05000305175781,88.60224151611328,176.99522399902344
2016-12-19,81.29475402832031,43.228328704833984,108.58999633789062,89.55529022216797,177.39537048339844
2016-12-20,81.2191390991211,43.37729263305664,107.79000091552734,89.10901641845703,178.07659912109375
2016-12-21,81.39302062988281,43.38932418823242,107.8499984741211,89.50231170654297,177.59129333496094
2016-12-22,81.39226531982422,43.29150390625,107.58999633789062,89.34234619140625,177.36505126953125
2016-12-23,81.41500854492188,43.404388427734375,107.93000030517578,89.52434539794922,177.51925659179688
2016-12-27,81.3543701171875,43.35171127319336,108.55999755859375,89.23616027832031,177.9561767578125
2016-12-28,81.48326110839844,43.186153411865234,108.86000061035156,89.88833618164062,176.5510711669922
2016-12-29,81.7333755493164,43.29150390625,110.29000091552734,90.20683288574219,176.5167999267578
2016-12-30,81.90010070800781,43.4420051574707,109.61000061035156,90.3433837890625,175.90846252441406
2017-01-03,81.98344421386719,43.712913513183594,110.47000122070312,90.73013305664062,177.13375854492188
2017-01-04,82.00617218017578,44.20956039428711,110.86000061035156,91.07903289794922,178.17898559570312
2017-01-05,82.3472671508789,44.585811614990234,112.58000183105469,92.50468444824219,178.04190063476562
2017-01-06,82.07441711425781,44.43531799316406,111.75,91.65533447265625,178.7359161376953
2017-01-09,82.21084594726562,44.367584228515625,112.66999816894531,92.39093017578125,178.17044067382812
2017-01-10,82.18810272216797,44.3751106262207,113.1500015258789,92.33030700683594,178.1446990966797
2017-01-11,82.28663635253906,44.60839080810547,113.5,92.6412124633789,178.65025329589844
2017-01-12,82.31692504882812,44.676109313964844,113.91000366210938,92.43644714355469,178.25616455078125
2017-01-13,82.17290496826172,44.8416633605957,114.20999908447266,91.99657440185547,178.60740661621094
2017-01-17,82.453369140625,44.676109313964844,115.8499984741211,92.95970916748047,177.97335815429688
2017-01-18,82.09716033935547,44.548194885253906,114.87000274658203,91.76908874511719,178.35037231445312
2017-01-19,81.88489532470703,44.43531799316406,114.7699966430664,91.13963317871094,177.75057983398438
2017-01-20,81.91523742675781,44.691165924072266,115.05000305175781,90.95767974853516,178.3246612548828
2017-01-23,82.14258575439453,44.804039001464844,115.79000091552734,91.86770629882812,177.9133758544922
2017-01-24,82.0137939453125,44.91691589355469,115.2699966430664,91.23825073242188,179.04434204101562
2017-01-25,81.79397583007812,45.383460998535156,114.31999969482422,90.0931396484375,180.5352020263672
2017-01-26,81.8470458984375,45.202857971191406,113.26000213623047,90.39641571044922,180.39805603027344
2017-01-27,81.91523742675781,45.12761688232422,113.48999786376953,90.72252655029297,180.1410675048828
2017-01-30,81.8773193359375,44.804039001464844,113.97000122070312,90.44953155517578,179.0529327392578
2017-01-31,82.07441711425781,44.87177276611328,115.55000305175781,91.07903289794922,179.04434204101562
2017-02-01,81.95891571044922,45.0523681640625,115.19999694824219,90.51579284667969,179.070068359375
2017-02-02,82.00452423095703,45.07493209838867,115.83999633789062,90.47779083251953,179.14718627929688
2017-02-03,82.02734375,45.25554275512695,116.12999725341797,90.43982696533203,180.4751739501953
2017-02-06,82.26272583007812,44.93196105957031,117.69999694824219,90.9870376586914,180.09823608398438
2017-02-07,82.34625244140625,44.88682174682617,117.45999908447266,91.65579223632812,180.1410675048828
2017-02-08,82.58171081542969,44.96207046508789,118.19000244140625,92.9021987915039,180.3723907470703
2017-02-09,82.3842544555664,45.15019607543945,117.29000091552734,91.83061218261719,181.4005584716797
2017-02-10,82.36907196044922,45.25554275512695,117.5999984741211,91.77743530273438,182.1288604736328
2017-02-13,82.24757385253906,45.43614196777344,116.80000305175781,91.48859405517578,183.0970001220703
2017-02-14,82.06529998779297,45.36841583251953,116.93000030517578,90.82743072509766,183.85952758789062
2017-02-15,81.9361801147461,45.54148864746094,117.44999694824219,90.40941619873047,184.79344177246094
2017-02-16,82.11085510253906,45.64683532714844,118.08000183105469,90.90339660644531,184.6477813720703
2017-02-17,82.29309844970703,45.52643585205078,117.68000030517578,91.4430160522461,184.9305419921875
2017-02-21,82.28555297851562,45.676944732666016,117.75,91.28343963623047,186.0186767578125
2017-02-22,82.33867645263672,45.676944732666016,117.91000366210938,91.43543243408203,185.9329833984375
2017-02-23,82.47538757324219,45.77476501464844,118.94000244140625,91.70902252197266,186.03578186035156
2017-02-24,82.77915954589844,45.44366455078125,119.69999694824219,92.72740173339844,186.25852966308594
2017-02-27,82.62726593017578,45.4737663269043,119.12000274658203,92.18021392822266,186.5327606201172
2017-02-28,82.60447692871094,45.406044006347656,119.2300033569336,92.52222442626953,185.98440551757812
2017-03-01,82.21635437011719,45.88011932373047,119.05999755859375,90.97188568115234,188.62330627441406
2017-03-02,82.06420135498047,45.57911682128906,117.58000183105469,90.64443969726562,187.51805114746094
2017-03-03,82.12507629394531,45.85001754760742,117.51000213623047,90.88053131103516,187.620849609375
2017-03-06,82.08702087402344,45.7070426940918,116.72000122070312,90.44646453857422,187.03823852539062
2017-03-07,81.98048400878906,45.549015045166016,115.77999877929688,90.1723403930664,186.4727783203125
2017-03-08,81.78265380859375,45.383460998535156,115.05999755859375,89.68498992919922,186.07864379882812
2017-03-09,81.53153991699219,45.55654525756836,114.47000122070312,88.96920776367188,186.2757110595703
2017-03-10,81.65324401855469,45.94031524658203,114.72000122070312,89.28145599365234,186.9268035888672
2017-03-13,81.51626586914062,46.18112564086914,114.73999786376953,88.71797943115234,187.03823852539062
2017-03-14,81.54669952392578,45.82744216918945,114.12000274658203,89.14433288574219,186.40423583984375
2017-03-15,82.01854705810547,46.482120513916016,116.25,90.23328399658203,187.95506286621094
2017-03-16,81.92720031738281,46.70786666870117,116.7300033569336,89.77639770507812,187.6380157470703
2017-03-17,82.10221862792969,46.82827377319336,116.98999786376953,90.33988189697266,187.26101684570312
2017-03-20,82.2239990234375,46.73044967651367,117.51000213623047,90.72816467285156,187.0982208251953
2017-03-21,82.39143371582031,46.51974868774414,118.54000091552734,91.48204803466797,184.70774841308594
2017-03-22,82.50557708740234,46.52728271484375,118.83000183105469,91.84757995605469,185.08480834960938
2017-03-23,82.52841186523438,46.632625579833984,118.66999816894531,91.7181167602539,184.8954620361328
2017-03-24,82.45989990234375,46.76054000854492,118.86000061035156,92.04557037353516,184.8351593017578
2017-03-27,82.65776062011719,46.88095474243164,119.52999877929688,92.46435546875,184.53392028808594
2017-03-28,82.46749114990234,47.10669708251953,119.04000091552734,91.84757995605469,185.90257263183594
2017-03-29,82.650146484375,47.10669708251953,119.33000183105469,92.39575958251953,186.17796325683594
2017-03-30,82.49795532226562,46.94114685058594,118.47000122070312,91.64958190917969,186.67724609375
2017-03-31,82.55882263183594,46.87342834472656,118.72000122070312,91.91608428955078,186.22962951660156
2017-04-03,82.86538696289062,46.805694580078125,119.3499984741211,92.84322357177734,185.9972381591797
2017-04-04,82.78913116455078,46.790645599365234,119.62000274658203,92.33956909179688,186.10049438476562
2017-04-05,82.880615234375,46.54232406616211,119.62000274658203,92.62187957763672,185.53240966796875
2017-04-06,82.87297821044922,46.54985046386719,119.18000030517578,92.48455047607422,186.01446533203125
2017-04-07,82.68997192382812,46.51974868774414,119.45999908447266,92.11067962646484,185.8509063720703
2017-04-10,82.7967529296875,46.467071533203125,119.45999908447266,92.53799438476562,185.98001098632812
2017-04-11,83.03314971923828,46.685302734375,121.19000244140625,93.41551208496094,185.74758911132812
2017-04-12,83.21614837646484,46.64767837524414,122.0199966430664,93.92681884765625,184.98150634765625
2017-04-13,83.3228988647461,46.3466796875,122.5999984741211,94.216796875,183.75059509277344
2017-04-17,83.27713012695312,46.632625579833984,122.23999786376953,93.92681884765625,185.3602294921875
2017-04-18,83.61267852783203,46.42192840576172,122.81999969482422,95.15538787841797,184.85240173339844
2017-04-19,83.4830551147461,46.23379135131836,121.7300033569336,94.63642120361328,184.4478302001953
2017-04-20,83.3533706665039,46.60251998901367,121.95999908447266,94.27020263671875,185.95416259765625
2017-04-21,83.37625885009766,46.632625579833984,122.30999755859375,94.27020263671875,185.4119110107422
2017-04-24,83.2542495727539,47.81405258178711,121.4800033569336,93.8047103881836,187.39166259765625
2017-04-25,82.9797592163086,48.15268325805664,120.25,92.6753921508789,188.51927185058594
2017-04-26,83.08653259277344,48.0172233581543,120.83999633789062,93.18663787841797,188.38162231445312
2017-04-27,83.1627426147461,48.06238555908203,120.38999938964844,93.15607452392578,188.52789306640625
2017-04-28,83.30766296386719,48.00970458984375,120.7699966430664,93.36210632324219,188.16636657714844
2017-05-01,83.0929183959961,48.20535659790039,119.66999816894531,92.58598327636719,188.6226043701172
2017-05-02,83.20751190185547,48.45368576049805,119.6500015258789,93.06006622314453,188.68289184570312
2017-05-03,83.12346649169922,48.35585403442383,117.9800033569336,93.12125396728516,188.49351501464844
2017-05-04,83.0547103881836,48.814876556396484,116.79000091552734,92.66242218017578,188.66558837890625
2017-05-05,83.06995391845703,49.356685638427734,117.01000213623047,92.74657440185547,189.42312622070312
2017-05-08,82.90949249267578,48.98796463012695,116.75,92.24188232421875,189.43173217773438
2017-05-09,82.91714477539062,48.8675651550293,116.05000305175781,92.2342300415039,189.19073486328125
2017-05-10,82.94004821777344,48.942806243896484,116.04000091552734,92.12718200683594,189.54364013671875
2017-05-11,82.93241119384766,48.822410583496094,116.5,92.12718200683594,189.15628051757812
2017-05-12,83.23808288574219,49.09330368041992,116.83000183105469,92.82304382324219,188.86361694335938
2017-05-15,83.20751190185547,49.34164047241211,117.13999938964844,92.57068634033203,189.81910705566406
2017-05-16,83.31452178955078,49.65768051147461,117.6500015258789,92.91478729248047,189.78465270996094
2017-05-17,83.7425308227539,49.09330368041992,119.79000091552734,94.26823425292969,186.4190216064453
2017-05-18,83.69662475585938,49.176090240478516,118.80999755859375,94.37532043457031,187.0990447998047
2017-05-19,83.69662475585938,49.747982025146484,119.4000015258789,94.5970687866211,188.26107788085938
2017-05-22,83.64310455322266,49.808189392089844,119.9000015258789,94.33706665039062,189.3112030029297
2017-05-23,83.482666015625,49.81570816040039,119.13999938964844,93.70240020751953,189.68138122558594
2017-05-24,83.62784576416016,49.84581756591797,119.61000061035156,94.23004150390625,190.13760375976562
2017-05-25,83.66609954833984,49.84581756591797,119.4800033569336,94.26058959960938,191.024169921875
2017-05-26,83.6354751586914,49.70284652709961,120.54000091552734,94.42121887207031,191.03277587890625
2017-05-30,83.7959976196289,49.65016555786133,120.13999938964844,94.88763427734375,190.85198974609375
2017-05-31,83.88005065917969,49.71036148071289,120.62000274658203,95.1246566772461,190.8089599609375
2017-06-01,83.8417739868164,50.033935546875,120.72000122070312,95.13463592529297,192.29808044433594
2017-06-02,84.117431640625,50.58327102661133,121.61000061035156,96.26110076904297,192.900634765625
2017-06-05,83.98728942871094,50.30483627319336,121.7300033569336,95.66333770751953,192.77157592773438
2017-06-06,84.15571594238281,50.161865234375,123.0999984741211,96.18447875976562,192.22064208984375
2017-06-07,84.05616760253906,50.17690658569336,122.44999694824219,95.72465515136719,192.5391387939453
2017-06-08,83.9719467163086,50.08660888671875,121.6500015258789,95.47181701660156,192.60801696777344
2017-06-09,83.9030532836914,49.89848327636719,120.54000091552734,95.3261947631836,192.38424682617188
2017-06-12,83.9030532836914,49.71036148071289,120.36000061035156,95.2955322265625,192.3067169189453
2017-06-13,83.92597198486328,50.09413528442383,120.4800033569336,95.31085205078125,193.2449493408203
2017-06-14,84.19406127929688,50.0565071105957,119.81999969482422,96.78215789794922,193.0383758544922
2017-06-15,84.14038848876953,49.537288665771484,119.31999969482422,96.62889862060547,192.65101623535156
2017-06-16,84.19406127929688,49.95868682861328,119.33999633789062,96.82049560546875,192.70269775390625
2017-06-19,84.07914733886719,50.161865234375,118.43000030517578,96.68257141113281,194.27792358398438
2017-06-20,84.2093276977539,49.75810623168945,118.18000030517578,97.54851531982422,193.0039520263672
2017-06-21,84.22466278076172,49.69692611694336,118.5199966430664,97.74768829345703,192.926513671875
2017-06-22,84.26296997070312,49.689292907714844,118.91999816894531,97.96224212646484,192.81463623046875
2017-06-23,84.27827453613281,49.81163787841797,119.43000030517578,97.91621398925781,193.1431884765625
2017-06-26,84.3548583984375,49.895751953125,118.36000061035156,98.28408813476562,193.20367431640625
2017-06-27,84.10211944580078,49.888099670410156,118.80999755859375,97.2342758178711,191.66455078125
2017-06-28,84.13275909423828,50.32398223876953,118.9000015258789,96.91244506835938,193.3593292236328
2017-06-29,83.9719467163086,49.826934814453125,118.31999969482422,96.10013580322266,191.69052124023438
2017-06-30,83.86469268798828,49.85750961303711,118.0199966430664,95.87796020507812,192.01039123535156
2017-07-03,83.71508026123047,49.796348571777344,116.08999633789062,95.56924438476562,192.4341278076172
2017-07-05,83.76111602783203,49.796348571777344,116.5199966430664,95.59230041503906,192.77134704589844
2017-07-06,83.59999084472656,49.5745735168457,116.47000122070312,94.80140686035156,191.04197692871094
2017-07-07,83.56928253173828,49.58222961425781,115.27999877929688,94.23320007324219,192.25254821777344
2017-07-10,83.60762786865234,49.7045783996582,115.47000122070312,94.37139129638672,192.45143127441406
2017-07-11,83.68437957763672,49.819278717041016,115.62000274658203,94.53265380859375,192.30445861816406
2017-07-12,83.93763732910156,50.2169189453125,116.02999877929688,95.1853256225586,193.74844360351562
2017-07-13,83.84554290771484,50.36220932006836,115.81999969482422,94.58638000488281,194.07701110839844
2017-07-14,83.92993927001953,50.713958740234375,116.7699966430664,94.70158386230469,194.95899963378906
2017-07-17,83.96830749511719,50.614559173583984,117.29000091552734,94.9626693725586,194.98489379882812
2017-07-18,84.16018676757812,50.660430908203125,118.11000061035156,95.79194641113281,195.13197326660156
2017-07-19,84.1832504272461,50.882198333740234,118.08000183105469,95.83036041259766,196.16091918945312
2017-07-20,84.20622253417969,51.088661193847656,118.23999786376953,96.10673522949219,196.22142028808594
2017-07-21,84.35201263427734,50.889854431152344,119.26000213623047,96.51372528076172,196.0830841064453
2017-07-24,84.27528381347656,50.75220489501953,119.30999755859375,96.1375503540039,196.01385498046875
2017-07-25,83.97598266601562,50.82102584838867,118.91999816894531,94.88587951660156,196.48086547851562
2017-07-26,84.13716125488281,51.134544372558594,119.87999725341797,95.03939819335938,196.5413360595703
2017-07-27,84.01438903808594,51.019840240478516,119.79000091552734,94.57100677490234,196.30783081054688
2017-07-28,84.1832504272461,51.07337188720703,120.69000244140625,95.13153076171875,196.0830841064453
2017-07-31,84.14484405517578,51.180423736572266,120.75,95.24679565429688,195.97067260742188
2017-08-01,84.37554931640625,51.46336364746094,120.6500015258789,95.91545867919922,196.4116668701172
2017-08-02,84.31401824951172,51.48629379272461,120.4000015258789,95.9693603515625,196.52406311035156
2017-08-03,84.48320007324219,51.51689147949219,120.58999633789062,96.96204376220703,196.17820739746094
2017-08-04,84.34477233886719,51.58570861816406,119.6500015258789,96.13863372802734,196.50672912597656
2017-08-07,84.33709716796875,51.608638763427734,119.51000213623047,96.24639892578125,196.82669067382812
2017-08-08,84.26020050048828,51.3333625793457,119.86000061035156,95.9000473022461,196.43760681152344
2017-08-09,84.33709716796875,51.249237060546875,121.30999755859375,96.4233627319336,196.32518005371094
2017-08-10,84.42170715332031,50.52280044555664,122.20999908447266,97.24674987792969,193.6273651123047
2017-08-11,84.49083709716797,50.431026458740234,122.79000091552734,97.29298400878906,193.88681030273438
2017-08-14,84.45243835449219,50.79808044433594,121.91999816894531,96.79276275634766,195.78909301757812
2017-08-15,84.32936096191406,50.75984191894531,120.9800033569336,96.3849105834961,195.8063507080078
2017-08-16,84.48320007324219,51.0504264831543,121.87000274658203,96.7388916015625,196.11766052246094
2017-08-17,84.60626983642578,50.47691345214844,122.48999786376953,97.46226501464844,193.0653533935547
2017-08-18,84.55238342285156,50.614559173583984,122.30000305175781,97.43919372558594,192.71080017089844
2017-08-21,84.61392974853516,50.59926223754883,122.76000213623047,97.67771911621094,192.9442901611328
2017-08-22,84.53704833984375,50.84395980834961,122.20999908447266,97.30068969726562,194.89846801757812
2017-08-23,84.72929382324219,50.85161590576172,122.66999816894531,97.96248626708984,194.23265075683594
2017-08-24,84.62161254882812,50.73690414428711,122.29000091552734,97.60074615478516,193.7830352783203
2017-08-25,84.6831283569336,51.04277420043945,122.73999786376953,97.97785186767578,194.20669555664062
2017-08-28,84.71392822265625,51.04277420043945,124.69000244140625,97.91626739501953,194.2759246826172
2017-08-29,84.83694458007812,50.83631896972656,124.41999816894531,98.23179626464844,194.4229278564453
2017-08-30,84.82154846191406,50.767494201660156,124.36000061035156,98.20101165771484,195.391357421875
2017-08-31,84.93690490722656,51.15747833251953,125.81999969482422,98.49345397949219,196.5413360595703
2017-09-01,84.74423217773438,51.22630310058594,126.05999755859375,97.74006652832031,196.87857055664062
2017-09-05,85.0910415649414,50.882198333740234,127.45999908447266,99.29002380371094,195.4259033203125
2017-09-06,84.99854278564453,51.195716857910156,126.80999755859375,98.68083190917969,196.10902404785156
2017-09-07,85.20667266845703,51.61629104614258,128.1300048828125,99.69102478027344,196.0657501220703
2017-09-08,85.1064682006836,51.62394714355469,127.97000122070312,99.47509002685547,195.7631378173828
2017-09-11,84.87522888183594,52.02922439575195,126.19000244140625,98.28759002685547,197.89889526367188
2017-09-12,84.75196075439453,52.18980407714844,126.55999755859375,97.77090454101562,198.6252899169922
2017-09-13,84.66715240478516,51.90687561035156,125.61000061035156,97.38538360595703,198.74627685546875
2017-09-14,84.71346282958984,51.99864196777344,126.16000366210938,97.7863540649414,198.6770782470703
2017-09-15,84.69803619384766,52.04451370239258,125.52999877929688,97.8248519897461,198.9537811279297
2017-09-18,84.65950012207031,52.11334228515625,124.36000061035156,97.26192474365234,199.29969787597656
2017-09-19,84.61328887939453,52.358028411865234,124.62000274658203,97.02291107177734,199.5417938232422
2017-09-20,84.54389953613281,52.24333953857422,123.62000274658203,97.09227752685547,199.6513214111328
2017-09-21,84.52847290039062,52.13628387451172,122.68000030517578,97.03834533691406,199.08636474609375
2017-09-22,84.59014129638672,52.29685974121094,123.23999786376953,97.31595611572266,199.06028747558594
2017-09-25,84.79049682617188,51.99864196777344,124.52999877929688,97.92514038085938,198.76483154296875
2017-09-26,84.75968170166016,51.88393020629883,123.13999938964844,97.74778747558594,198.83428955078125
2017-09-27,84.5130844116211,51.92216491699219,121.9800033569336,96.27490997314453,199.6078643798828
2017-09-28,84.52079010009766,52.059818267822266,122.20999908447266,95.98960876464844,199.8424835205078
2017-09-29,84.45140075683594,52.36568832397461,121.58000183105469,96.2055435180664,200.55516052246094
2017-10-02,84.50318908691406,52.31981658935547,120.7699966430664,96.02936553955078,201.398193359375
2017-10-03,84.57266998291016,52.49567794799805,120.83000183105469,96.12208557128906,201.80673217773438
2017-10-04,84.54949188232422,52.396270751953125,121.16999816894531,96.12979888916016,202.0847930908203
2017-10-05,84.51085662841797,52.36568832397461,120.5199966430664,95.76664733886719,203.2841339111328
2017-10-06,84.38732147216797,52.32744598388672,121.08999633789062,95.4961929321289,203.0929718017578
2017-10-09,84.50318908691406,52.342742919921875,122.08000183105469,95.79755401611328,202.7366485595703
2017-10-10,84.51085662841797,52.83979034423828,122.4000015258789,95.95208740234375,203.24937438964844
2017-10-11,84.52633666992188,52.96978759765625,122.79000091552734,96.13756561279297,203.57965087890625
2017-10-12,84.62671661376953,52.923912048339844,122.88999938964844,96.54705047607422,203.2667999267578
2017-10-13,84.83521270751953,53.19919204711914,123.81999969482422,97.2424545288086,203.4927520751953
2017-10-16,84.7502670288086,53.16096878051758,122.97000122070312,97.17291259765625,203.81431579589844
2017-10-17,84.7193603515625,53.0233154296875,122.12999725341797,97.29655456542969,203.9446563720703
2017-10-18,84.58811950683594,53.1762580871582,121.66999816894531,96.65523529052734,204.12721252441406
2017-10-19,84.6498794555664,53.092132568359375,122.38999938964844,96.82518768310547,204.23150634765625
2017-10-20,84.40275573730469,53.0233154296875,121.61000061035156,95.79755401611328,205.2483367919922
2017-10-23,84.49542999267578,52.90861129760742,121.80000305175781,95.96752166748047,204.50091552734375
2017-10-24,84.3178482055664,52.99272537231445,121.33000183105469,95.37255096435547,204.78770446777344
2017-10-25,84.2637939453125,52.78626251220703,121.3499984741211,94.91669464111328,203.80557250976562
2017-10-26,84.17111206054688,52.77861022949219,120.33000183105469,94.59990692138672,203.996826171875
2017-10-27,84.35643768310547,52.900970458984375,120.9000015258789,95.22578430175781,205.7350311279297
2017-10-30,84.58811950683594,53.0233154296875,121.12999725341797,96.13756561279297,204.98760986328125
2017-10-31,84.5340576171875,53.245079040527344,120.66999816894531,96.16844940185547,205.22222900390625
2017-11-01,84.57118225097656,53.29860305786133,121.11000061035156,96.59659576416016,205.57859802246094
2017-11-02,84.61759185791016,53.459190368652344,121.19000244140625,97.02252197265625,205.66546630859375
2017-11-03,84.69499206542969,53.37507247924805,120.62000274658203,97.28578186035156,206.3521270751953
2017-11-06,84.77238464355469,53.4515495300293,121.6500015258789,97.6496810913086,206.6649627685547
2017-11-07,84.795654296875,53.25272750854492,121.20999908447266,98.06012725830078,206.57809448242188
2017-11-08,84.74144744873047,53.428611755371094,121.62999725341797,97.84330749511719,206.8822479248047
2017-11-09,84.67955780029297,53.12273406982422,122.12999725341797,97.56456756591797,206.13478088378906
2017-11-10,84.33905029296875,52.97744369506836,121.12999725341797,96.09332275390625,206.01316833496094
2017-11-13,84.33905029296875,52.75568771362305,121.30999755859375,96.29463195800781,206.2565460205078
2017-11-14,84.42417907714844,52.71744918823242,121.55999755859375,96.94506072998047,205.75241088867188
2017-11-15,84.5866470336914,52.46510314941406,121.41000366210938,97.99817657470703,204.70077514648438
2017-11-16,84.49381256103516,52.88568115234375,121.4000015258789,97.14637756347656,206.44776916503906
2017-11-17,84.5866470336914,52.69450378417969,122.86000061035156,97.86650085449219,205.89149475097656
2017-11-20,84.54025268554688,52.809200286865234,121.30999755859375,97.82780456542969,206.160888671875
2017-11-21,84.62535858154297,53.20683670043945,121.51000213623047,98.13755798339844,207.5340576171875
2017-11-22,84.77238464355469,53.35212326049805,122.62999725341797,98.45498657226562,207.3863067626953
2017-11-24,84.75695037841797,53.78799057006836,122.31999969482422,98.1839599609375,207.8209228515625
2017-11-27,84.75695037841797,53.466827392578125,122.83000183105469,98.04460144042969,207.7600860595703
2017-11-28,84.75695037841797,53.772708892822266,122.80999755859375,98.17623138427734,209.81982421875
2017-11-29,84.54795837402344,53.558589935302734,122.04000091552734,97.20832061767578,209.74163818359375
2017-11-30,84.40869903564453,53.61212921142578,121.0999984741211,96.88314056396484,211.49722290039062
2017-12-01,84.6498794555664,53.39802169799805,121.58999633789062,98.19052124023438,211.1061248779297
2017-12-04,84.64212036132812,53.20683670043945,121.18000030517578,98.23709106445312,210.88018798828125
2017-12-05,84.72742462158203,53.092132568359375,120.31999969482422,98.72589874267578,210.13272094726562
2017-12-06,84.81268310546875,52.985084533691406,120.06999969482422,99.06729888916016,210.12400817871094
2017-12-07,84.70418548583984,53.12273406982422,118.48999786376953,98.29139709472656,210.81930541992188
2017-12-08,84.67317962646484,53.40564727783203,118.4800033569336,98.29911804199219,211.96652221679688
2017-12-11,84.64212036132812,53.54330062866211,118.01000213623047,98.09742736816406,212.65316772460938
2017-12-12,84.60332489013672,53.61212921142578,118.1500015258789,98.05863189697266,213.0181884765625
2017-12-13,84.84371948242188,53.8185920715332,119.16999816894531,98.79576110839844,212.9660186767578
2017-12-14,84.86701202392578,53.52036666870117,118.93000030517578,99.21471405029297,212.1230010986328
2017-12-15,84.89022827148438,53.50508117675781,119.18000030517578,99.587158203125,213.90464782714844
2017-12-18,84.78166961669922,54.1397590637207,119.7300033569336,98.6793441772461,215.23435974121094
2017-12-19,84.5335464477539,53.94115447998047,119.81999969482422,97.3990707397461,214.45216369628906
2017-12-20,84.33967590332031,53.848419189453125,120.13999938964844,96.32062530517578,214.28704833984375
2017-12-21,84.41412353515625,54.04161834716797,120.30999755859375,96.88201141357422,214.72158813476562
2017-12-22,84.45291137695312,54.180721282958984,120.94000244140625,97.0141830444336,214.67816162109375
2017-12-26,84.52274322509766,54.16525650024414,121.7699966430664,97.30191040039062,214.42840576171875
2017-12-27,84.7864990234375,54.26572036743164,122.2300033569336,98.5692367553711,214.5506591796875
2017-12-28,84.72442626953125,54.296627044677734,122.8499984741211,98.48374938964844,214.95237731933594
2017-12-29,84.80973052978516,54.33528137207031,123.6500015258789,98.63925170898438,214.21002197265625
2018-01-02,84.6856460571289,54.73713302612305,125.1500015258789,97.57403564453125,215.781982421875
2018-01-03,84.69338989257812,54.99988555908203,124.81999969482422,98.04051208496094,217.06578063964844
2018-01-04,84.63910675048828,55.60265350341797,125.45999908447266,98.02500915527344,218.01766967773438
2018-01-05,84.58477020263672,55.911773681640625,125.33000183105469,97.74507904052734,219.4148712158203
2018-01-08,84.56151580810547,55.89632797241211,125.30999755859375,97.6828384399414,219.86903381347656
2018-01-09,84.32880401611328,55.958160400390625,124.7300033569336,96.37660217285156,220.33184814453125
2018-01-10,84.32880401611328,55.84994888305664,125.02999877929688,96.25996398925781,219.95631408691406
2018-01-11,84.36756896972656,56.23635482788086,125.44000244140625,96.65650939941406,221.58062744140625
2018-01-12,84.3520736694336,56.80048370361328,126.95999908447266,96.81977081298828,223.04779052734375
2018-01-16,84.37532806396484,56.746395111083984,127.16999816894531,97.22413635253906,222.2356414794922
2018-01-17,84.28226470947266,57.04005813598633,126.13999938964844,97.09193420410156,224.38394165039062
2018-01-18,84.0960693359375,56.97052001953125,125.86000061035156,96.18994140625,224.07826232910156
2018-01-19,83.91763305664062,57.28736114501953,126.41999816894531,95.6845932006836,225.03013610839844
2018-01-22,83.88666534423828,57.58102035522461,126.6500015258789,95.77788543701172,226.837890625
2018-01-23,84.08832550048828,57.7664909362793,127.27999877929688,96.18994140625,227.35313415527344
2018-01-24,84.00301361083984,57.86695098876953,128.8300018310547,95.66901397705078,227.23960876464844
2018-01-25,84.22020721435547,57.6428337097168,127.97000122070312,96.45436096191406,227.34437561035156
2018-01-26,84.0650634765625,58.152896881103516,128.07000732421875,96.09663391113281,229.9905242919922
2018-01-29,83.91763305664062,57.61966323852539,127.3499984741211,95.427978515625,228.4010467529297
2018-01-30,83.78580474853516,57.140533447265625,126.80000305175781,94.86811828613281,225.964599609375
2018-01-31,83.85564422607422,57.0632438659668,127.6500015258789,95.427978515625,226.17417907714844
2018-02-01,83.59285736083984,57.22553253173828,128.07000732421875,94.04495239257812,225.94717407226562
2018-02-02,83.34407043457031,56.06633758544922,126.38999938964844,93.17227935791016,221.1090850830078
2018-02-05,83.67835235595703,53.717041015625,126.70999908447266,94.0527572631836,212.02684020996094
2018-02-06,83.43732452392578,54.77577209472656,125.37999725341797,93.46841430664062,215.9479217529297
2018-02-07,83.25074005126953,54.19617462158203,124.79000091552734,92.58011627197266,214.7689666748047
2018-02-08,83.11079406738281,52.781959533691406,124.9800033569336,92.4788589477539,206.78707885742188
2018-02-09,83.00198364257812,53.006065368652344,124.7699966430664,91.89447021484375,209.97459411621094
2018-02-12,83.0252685546875,53.8175048828125,125.37000274658203,92.29966735839844,212.8564453125
2018-02-13,83.04865264892578,53.655216217041016,126.08000183105469,92.71260833740234,213.5725555419922
2018-02-14,82.76872253417969,54.605770111083984,128.22999572753906,91.68408966064453,216.3671112060547
2018-02-15,82.86979675292969,54.94579315185547,128.3800048828125,91.99578094482422,219.17042541503906
2018-02-16,83.03306579589844,55.193077087402344,127.95999908447266,92.49443054199219,219.1441650390625
2018-02-20,82.94755554199219,54.67530059814453,126.23999786376953,92.08930969238281,217.81680297851562
2018-02-21,82.68323516845703,54.41255569458008,125.66000366210938,90.95948791503906,216.6727294921875
2018-02-22,82.69097900390625,54.698486328125,126.30000305175781,91.2322006225586,216.93472290039062
2018-02-23,82.90090942382812,55.13124465942383,126.13999938964844,92.0425033569336,220.49777221679688
2018-02-26,82.96308898925781,55.64903259277344,126.44999694824219,92.07367706298828,223.03907775878906
2018-02-27,82.7843017578125,54.8221435546875,125.12999725341797,91.94123840332031,220.19210815429688
2018-02-28,83.00972747802734,54.304359436035156,125.0,92.52558135986328,217.74688720703125
2018-03-01,83.08377838134766,53.3924674987793,124.72000122070312,93.15721130371094,214.87376403808594
2018-03-02,82.95130157470703,53.64749526977539,125.38999938964844,92.39990997314453,216.01780700683594
2018-03-05,82.90457916259766,53.93342590332031,125.18000030517578,92.1500473022461,218.49794006347656
2018-03-06,82.92012023925781,54.250267028808594,126.52999877929688,92.2359390258789,219.04808044433594
2018-03-07,82.90457916259766,54.23481750488281,125.72000122070312,92.13446807861328,218.95208740234375
2018-03-08,83.03699493408203,54.35072708129883,125.41999816894531,92.6653823852539,219.9738006591797
2018-03-09,82.88116455078125,54.698486328125,125.54000091552734,92.05636596679688,223.7813262939453
2018-03-12,82.92790985107422,54.76032257080078,125.54000091552734,92.58729553222656,223.56301879882812
2018-03-13,83.03699493408203,54.39710235595703,125.77999877929688,93.05570983886719,222.08717346191406
2018-03-14,83.17729187011719,54.528472900390625,125.69999694824219,93.8755111694336,220.91696166992188
2018-03-15,83.1850814819336,54.49755859375,124.9000015258789,93.8755111694336,220.7073974609375
2018-03-16,83.13832092285156,54.458927154541016,124.5999984741211,93.53976440429688,220.93438720703125
2018-03-19,83.0525894165039,54.018428802490234,124.87000274658203,93.24308776855469,217.982666015625
2018-03-20,82.92012023925781,54.01069641113281,124.30999755859375,92.86834716796875,218.36695861816406
2018-03-21,82.91236877441406,54.095699310302734,126.4800033569336,92.96981048583984,217.86045837402344
2018-03-22,83.06820678710938,53.091068267822266,125.9800033569336,93.89111328125,212.4459991455078
2018-03-23,83.06820678710938,52.503753662109375,127.61000061035156,93.82083892822266,207.92239379882812
2018-03-26,83.03699493408203,53.44656753540039,128.27999877929688,93.4616928100586,213.64578247070312
2018-03-27,83.27851867675781,53.05242919921875,127.48999786376953,94.46100616455078,209.94363403320312
2018-03-28,83.3252944946289,53.361549377441406,125.7300033569336,94.71090698242188,209.35581970214844
2018-03-29,83.56684112548828,53.848419189453125,125.79000091552734,95.1714859008789,212.3737335205078
2018-04-02,83.48330688476562,53.106536865234375,127.26000213623047,95.35929107666016,207.46090698242188
2018-04-03,83.38959503173828,53.44656753540039,126.30000305175781,94.62381744384766,210.09278869628906
2018-04-04,83.42083740234375,53.63203048706055,126.44999694824219,94.42821502685547,212.5141143798828
2018-04-05,83.30367279052734,53.987518310546875,125.80000305175781,93.72405242919922,214.04937744140625
2018-04-06,83.49109649658203,53.63203048706055,126.38999938964844,94.74903869628906,209.33827209472656
2018-04-09,83.5614013671875,54.07253646850586,126.81999969482422,94.90547943115234,210.1892852783203
2018-04-10,83.49893951416016,54.65212631225586,127.12000274658203,94.73334503173828,213.65452575683594
2018-04-11,83.56918334960938,54.44346618652344,128.11000061035156,95.06982421875,212.52285766601562
2018-04-12,83.38174438476562,54.65212631225586,126.62000274658203,94.37347412109375,214.30374145507812
2018-04-13,83.40520477294922,54.706207275390625,127.44999694824219,94.59253692626953,213.7071990966797
2018-04-16,83.42083740234375,54.79122543334961,127.62999725341797,94.62381744384766,215.4442138671875
2018-04-17,83.44422912597656,55.03851318359375,127.75,94.88200378417969,217.76026916503906
2018-04-18,83.2099609375,55.32445526123047,127.8499984741211,94.12308502197266,217.883056640625
2018-04-19,83.0069351196289,55.11579513549805,127.5999984741211,93.35630798339844,216.68997192382812
2018-04-20,82.78046417236328,54.90714645385742,126.62999725341797,92.68345642089844,214.9353790283203
2018-04-23,82.74138641357422,54.83759307861328,125.62000274658203,92.70692443847656,214.83889770507812
2018-04-24,82.6320571899414,54.61347198486328,126.2300033569336,92.28445434570312,211.90872192382812
2018-04-25,82.52273559570312,54.52074432373047,125.41000366210938,91.66631317138672,212.45265197753906
2018-04-26,82.66332244873047,54.79122543334961,124.97000122070312,92.30793762207031,214.63710021972656
2018-04-27,82.76481628417969,54.84532165527344,125.5,93.01991271972656,214.865234375
2018-04-30,82.78046417236328,54.667579650878906,124.58999633789062,93.18424224853516,213.11062622070312
2018-05-01,82.70999908447266,54.47438430786133,123.70999908447266,92.84862518310547,213.5667724609375
2018-05-02,82.70999908447266,54.45119094848633,123.6500015258789,92.74665832519531,212.11058044433594
2018-05-03,82.80393981933594,54.6212158203125,124.27999877929688,93.16224670410156,211.61048889160156
2018-05-04,82.85871124267578,54.81441116333008,124.54000091552734,93.30339813232422,214.4178009033203
2018-05-07,82.81959533691406,54.8221435546875,124.56999969482422,93.15440368652344,215.0845184326172
2018-05-08,82.72566223144531,54.82986068725586,124.58999633789062,93.06816864013672,215.0757598876953
2018-05-09,82.63172149658203,54.961246490478516,124.33000183105469,92.51144409179688,217.1636962890625
2018-05-10,82.81959533691406,55.31672668457031,125.18000030517578,93.25634765625,219.19900512695312
2018-05-11,82.85871124267578,55.463558197021484,125.0,93.49156951904297,219.734130859375
2018-05-14,82.78047180175781,55.56402587890625,124.48999786376953,92.99759674072266,219.9797821044922
2018-05-15,82.41259765625,55.162166595458984,122.4800033569336,91.93902587890625,218.4707794189453
2018-05-16,82.31866455078125,55.23945617675781,122.29000091552734,91.5861587524414,219.4007568359375
2018-05-17,82.20904541015625,55.32445526123047,122.36000061035156,91.12352752685547,219.21656799316406
2018-05-18,82.42037963867188,55.1235237121582,122.41000366210938,91.9076156616211,218.672607421875
2018-05-21,82.42823028564453,55.471282958984375,122.4800033569336,91.95470428466797,220.27804565429688
2018-05-22,82.42823028564453,55.401737213134766,122.41000366210938,91.8135757446289,219.6464080810547
2018-05-23,82.65521240234375,54.79122543334961,122.54000091552734,92.48004913330078,220.33067321777344
2018-05-24,82.8822250366211,54.6212158203125,123.58999633789062,93.21710968017578,219.9096221923828
2018-05-25,83.06224060058594,54.26572036743164,123.20999908447266,93.79737854003906,219.35693359375
2018-05-29,83.61011505126953,53.16062927246094,123.19000244140625,95.85182189941406,216.82156372070312
2018-05-30,83.3987808227539,53.9720573425293,123.37000274658203,95.20880126953125,219.68145751953125
2018-05-31,83.3283462524414,53.63203048706055,123.0999984741211,95.05198669433594,218.2602996826172
2018-06-01,83.22554779052734,54.095699310302734,122.48999786376953,94.5497817993164,220.5587921142578
2018-06-04,83.02940368652344,54.25800704956055,122.37000274658203,93.86597442626953,221.53260803222656
2018-06-05,83.09223175048828,54.17298889160156,122.8499984741211,94.0860595703125,221.83958435058594
2018-06-06,82.90390014648438,54.659854888916016,122.91999816894531,93.32366180419922,223.6117706298828
2018-06-07,83.08438110351562,54.35072708129883,122.86000061035156,94.22754669189453,223.50650024414062
2018-06-08,82.96666717529297,54.41255569458008,123.01000213623047,93.9446029663086,224.20834350585938
2018-06-11,82.8803482055664,54.76032257080078,123.2300033569336,93.77165985107422,224.49783325195312
2018-06-12,82.90390014648438,54.41255569458008,122.81999969482422,93.79528045654297,224.87506103515625
2018-06-13,82.82544708251953,54.48984146118164,123.19000244140625,93.74810791015625,223.98019409179688
2018-06-14,83.03723907470703,54.3739128112793,123.37999725341797,94.52617645263672,224.6294403076172
2018-06-15,83.06867218017578,54.095699310302734,121.33999633789062,94.61259460449219,224.43643188476562
2018-06-18,83.08438110351562,53.709312438964844,121.11000061035156,94.52617645263672,223.9012451171875
2018-06-19,83.1706314086914,53.2159309387207,120.80000305175781,95.07636260986328,223.05029296875
2018-06-20,83.0137710571289,53.25533676147461,120.26000213623047,94.24322509765625,223.4538116455078
2018-06-21,83.03723907470703,52.87702178955078,120.05000305175781,94.7383804321289,222.05897521972656
2018-06-22,83.1157455444336,53.43661880493164,120.33999633789062,94.73055267333984,222.45375061035156
2018-06-25,83.06867218017578,52.69574737548828,119.88999938964844,94.94277954101562,219.3744659423828
2018-06-26,83.20203399658203,52.79033279418945,119.26000213623047,95.07636260986328,219.8569793701172
2018-06-27,83.35108947753906,52.293792724609375,118.58000183105469,95.97235870361328,218.0322265625
2018-06-28,83.34325408935547,52.49082946777344,118.22000122070312,95.99596405029297,219.36053466796875
2018-06-29,83.41388702392578,52.782447814941406,118.6500015258789,95.66581726074219,219.91575622558594
2018-07-02,83.3344497680664,52.301673889160156,117.45999908447266,95.59101104736328,220.17135620117188
2018-07-03,83.50740814208984,52.45930099487305,118.6500015258789,96.10303497314453,219.28111267089844
2018-07-05,83.58607482910156,52.9794921875,119.05000305175781,96.37872314453125,221.15853881835938
2018-07-06,83.6725082397461,53.263221740722656,118.86000061035156,96.6938247680664,223.00059509277344
2018-07-09,83.5939712524414,53.775516510009766,119.1500015258789,96.07150268554688,224.97494506835938
2018-07-10,83.53103637695312,53.751861572265625,118.93000030517578,96.06365203857422,225.7593994140625
2018-07-11,83.56245422363281,52.85337829589844,117.63999938964844,96.43382263183594,224.21693420410156
2018-07-12,83.6646957397461,53.263221740722656,118.12999725341797,96.42597961425781,226.13836669921875
2018-07-13,83.74332427978516,53.42873001098633,117.61000061035156,96.67021179199219,226.33230590820312
2018-07-16,83.64894104003906,53.40508270263672,117.55000305175781,96.26842498779297,226.19122314453125
2018-07-17,83.61751556396484,53.49965286254883,116.27999877929688,96.08726501464844,227.16078186035156
2018-07-18,83.5939712524414,53.50754928588867,116.30999755859375,95.70126342773438,227.57504272460938
2018-07-19,83.71969604492188,53.39719772338867,115.80999755859375,96.30783081054688,226.71124267578125
2018-07-20,83.55460357666016,53.6494140625,116.55999755859375,95.12623596191406,226.4997100830078
2018-07-23,83.26374053955078,53.6494140625,116.0,93.95246887207031,226.93161010742188
2018-07-24,83.38162231445312,53.96466827392578,116.04000091552734,94.27540588378906,227.9980926513672
2018-07-25,83.38951110839844,54.366634368896484,116.68000030517578,94.12581634521484,230.0869903564453
2018-07-26,83.34232330322266,54.1223030090332,115.7699966430664,93.94464874267578,229.40835571289062
2018-07-27,83.40520477294922,54.224769592285156,115.83000183105469,94.10218048095703,227.91873168945312
2018-07-30,83.31876373291016,54.21687698364258,115.6500015258789,93.77921295166016,226.60546875
2018-07-31,83.38951110839844,54.287803649902344,115.98999786376953,94.29122924804688,227.75131225585938
2018-08-01,83.30360412597656,54.011962890625,115.13999938964844,93.5230712890625,227.46925354003906
2018-08-02,83.33512115478516,53.65730285644531,114.5199966430664,93.65727233886719,228.62388610839844
2018-08-03,83.51642608642578,53.688819885253906,114.91999816894531,94.12303161621094,229.7432403564453
2018-08-06,83.57157135009766,53.46025085449219,114.33000183105469,94.17833709716797,230.6070556640625
2018-08-07,83.42182159423828,53.87797546386719,114.58999633789062,93.68888092041016,231.25042724609375
2018-08-08,83.42182159423828,53.830684661865234,114.91000366210938,93.78359985351562,231.12704467773438
2018-08-09,83.5400390625,53.67304992675781,114.73999786376953,94.57307434082031,230.83616638183594
2018-08-10,83.7212905883789,52.601173400878906,114.69000244140625,95.25995635986328,229.26730346679688
2018-08-13,83.76858520507812,52.412017822265625,112.95999908447266,95.06257629394531,228.403564453125
2018-08-14,83.68975830078125,52.40413284301758,113.06999969482422,94.84940338134766,229.87548828125
2018-08-15,83.80797576904297,51.647499084472656,111.19000244140625,95.40202331542969,228.1832733154297
2018-08-16,83.85530090332031,52.01005554199219,111.0999984741211,95.3941650390625,230.03411865234375
2018-08-17,83.90254211425781,52.31742858886719,112.12999725341797,95.5125503540039,230.8009033203125
2018-08-20,84.06806182861328,52.601173400878906,112.69000244140625,96.15203857421875,231.3121795654297
2018-08-21,83.99710845947266,52.924320220947266,113.0199966430664,95.8283920288086,231.8145294189453
2018-08-22,84.06806182861328,53.12923812866211,113.2699966430664,96.20733642578125,231.7440185546875
2018-08-23,84.02076721191406,52.75091552734375,112.19999694824219,96.35733032226562,231.4091033935547
2018-08-24,84.11532592773438,53.05829620361328,114.16000366210938,96.54681396484375,232.8633270263672
2018-08-27,84.00502014160156,53.76763916015625,114.58999633789062,95.99414825439453,234.61737060546875
2018-08-28,83.8473892211914,53.7203483581543,113.68000030517578,95.41783142089844,234.74954223632812
2018-08-29,83.83160400390625,54.011962890625,114.19999694824219,95.54413604736328,236.03639221191406
2018-08-30,83.87105560302734,53.49965286254883,113.63999938964844,95.74940490722656,235.0756378173828
2018-08-31,83.86312103271484,53.07405471801758,113.51000213623047,95.52832794189453,235.08448791503906
2018-09-04,83.76994323730469,52.624813079833984,112.93000030517578,94.97602844238281,234.75833129882812
2018-09-05,83.73042297363281,52.14404296875,113.31999969482422,94.72285461425781,234.09732055664062
2018-09-06,83.87261962890625,51.986419677734375,113.54000091552734,95.071044921875,233.4098358154297
2018-09-07,83.57251739501953,51.568695068359375,113.2300033569336,94.26385498046875,232.84573364257812
2018-09-10,83.65151977539062,51.88395309448242,113.1500015258789,94.612060546875,233.28646850585938
2018-09-11,83.50930786132812,51.931243896484375,113.22000122070312,93.89201354980469,234.16783142089844
2018-09-12,83.56458282470703,52.151920318603516,114.16999816894531,94.1135482788086,234.19424438476562
2018-09-13,83.61988830566406,52.53812789916992,113.76000213623047,94.2560043334961,235.525146484375
2018-09-14,83.46189880371094,52.6169319152832,113.0199966430664,93.80494689941406,235.64857482910156
2018-09-17,83.46189880371094,52.664222717285156,113.61000061035156,93.80494689941406,234.3177032470703
2018-09-18,83.2802505493164,53.2159309387207,113.44000244140625,92.82384490966797,235.59568786621094
2018-09-19,83.1222915649414,53.40508270263672,113.87999725341797,92.2698974609375,235.86007690429688
2018-09-20,83.23284149169922,54.06713104248047,114.2699966430664,92.69719696044922,237.755126953125
2018-09-21,83.29602813720703,54.09077835083008,113.48999786376953,92.65763092041016,237.58770751953125
2018-09-24,83.21707153320312,53.8464469909668,113.47000122070312,92.42028045654297,236.79440307617188
2018-09-25,83.17755126953125,54.114418029785156,113.6500015258789,92.3252944946289,236.5034942626953
2018-09-26,83.37501525878906,54.138065338134766,113.05000305175781,92.97415924072266,235.8102569580078
2018-09-27,83.4302978515625,54.02772521972656,112.05000305175781,93.03744506835938,236.4654541015625
2018-09-28,83.34342193603516,53.58635711669922,112.76000213623047,92.79215240478516,236.4387969970703
2018-10-01,83.3212890625,53.6494140625,112.56999969482422,92.11093139648438,237.31539916992188
2018-10-02,83.41629028320312,53.37355422973633,113.87000274658203,92.67398834228516,237.28883361816406
2018-10-03,83.02040100097656,53.278987884521484,113.41999816894531,91.0641098022461,237.49252319335938
2018-10-04,82.78292083740234,52.65634536743164,113.4800033569336,90.42176818847656,235.544677734375
2018-10-05,82.60079193115234,52.34108352661133,113.80000305175781,89.64461517333984,234.21658325195312
2018-10-08,82.56912994384766,52.0888671875,112.54000091552734,89.34322357177734,234.1546173095703
2018-10-09,82.6878890991211,51.95487594604492,112.5999984741211,90.247314453125,233.8535919189453
2018-10-10,82.66413879394531,50.85148239135742,112.87999725341797,90.00146484375,226.3013916015625
2018-10-11,82.90953826904297,50.14213943481445,115.77999877929688,91.09585571289062,221.5380401611328
2018-10-12,82.93330383300781,50.32341766357422,115.2300033569336,90.77864837646484,224.5305938720703
2018-10-15,82.87793731689453,50.2052001953125,116.0,90.73898315429688,223.29995727539062
2018-10-16,82.92538452148438,51.06427764892578,115.80000305175781,90.94518280029297,228.0543670654297
2018-10-17,82.75914001464844,50.77266311645508,115.79000091552734,90.40591430664062,228.1340789794922
2018-10-18,82.70370483398438,49.95298385620117,115.91999816894531,90.37417602539062,224.92904663085938
2018-10-19,82.6324462890625,50.23672103881836,116.01000213623047,90.17595672607422,224.7519989013672
2018-10-22,82.61665344238281,50.01603698730469,115.70999908447266,90.05696105957031,223.8223419189453
2018-10-23,82.71955871582031,49.54314422607422,116.38999938964844,90.34242248535156,222.47650146484375
2018-10-24,82.93330383300781,48.14023971557617,116.66000366210938,91.02449798583984,215.83624267578125
2018-10-25,82.86205291748047,48.74711990356445,116.4000015258789,90.64384460449219,219.70530700683594
2018-10-26,83.05209350585938,48.41609573364258,116.7699966430664,91.1910171508789,215.8185272216797
2018-10-29,82.96501159667969,48.282100677490234,116.30999755859375,90.98481750488281,214.70297241210938
2018-10-30,82.84622955322266,48.86534118652344,115.80000305175781,90.53280639648438,217.98770141601562
2018-10-31,82.8066635131836,49.22788619995117,115.1500015258789,90.07281494140625,220.27195739746094
2018-11-01,83.01587677001953,49.858402252197266,116.62999725341797,90.15631866455078,222.5562286376953
2018-11-02,82.76923370361328,49.92933654785156,116.6500015258789,89.0354232788086,221.175048828125
2018-11-05,82.82494354248047,49.92933654785156,116.37000274658203,89.38521575927734,222.43231201171875
2018-11-06,82.83293151855469,50.13426208496094,116.04000091552734,89.32958221435547,223.8399658203125
2018-11-07,82.90454864501953,50.8041877746582,116.02999877929688,89.4488296508789,228.56790161132812
2018-11-08,82.75333404541016,50.30765151977539,115.77999877929688,89.44085693359375,228.1783905029297
2018-11-09,82.85678100585938,49.97663497924805,114.4800033569336,90.10862731933594,226.07115173339844
2018-11-12,82.99198913574219,49.156951904296875,113.66000366210938,90.69690704345703,221.70626831054688
2018-11-13,83.02383422851562,49.3697509765625,113.69999694824219,90.64122009277344,221.33444213867188
2018-11-14,83.03180694580078,49.409156799316406,114.63999938964844,90.69690704345703,219.82040405273438
2018-11-15,83.13521575927734,49.56678771972656,114.7699966430664,90.65709686279297,222.09585571289062
2018-11-16,83.27052307128906,49.6219596862793,115.62000274658203,91.18181610107422,222.6624755859375
2018-11-19,83.26254272460938,49.18848419189453,115.66999816894531,91.43619537353516,218.97047424316406
2018-11-20,83.23075866699219,48.337276458740234,115.66999816894531,91.46796417236328,214.94204711914062
2018-11-21,83.28642272949219,49.01508331298828,115.86000061035156,91.43619537353516,215.65916442871094
2018-11-23,83.26254272460938,48.69194793701172,115.7699966430664,91.53157806396484,214.26913452148438
2018-11-26,83.24665832519531,49.424922943115234,115.63999938964844,91.32491302490234,217.6247100830078
2018-11-27,83.27052307128906,49.23577117919922,114.94999694824219,91.4282455444336,218.30641174316406
2018-11-28,83.42962646484375,49.93722915649414,115.37999725341797,90.98304748535156,223.4061737060547
2018-11-29,83.46939849853516,49.68500900268555,115.73999786376953,91.34080505371094,222.94580078125
2018-11-30,83.44552612304688,49.47221374511719,115.54000091552734,91.68264770507812,224.42437744140625
2018-12-03,83.5819091796875,50.126373291015625,116.41000366210938,92.3335952758789,227.19558715820312
2018-12-04,83.80522918701172,48.825931549072266,117.12000274658203,93.87940979003906,220.14794921875
2018-12-06,84.01258087158203,48.36880111694336,117.13999938964844,94.17424774169922,219.5902862548828
2018-12-07,84.12425231933594,47.880157470703125,118.08999633789062,94.34952545166016,214.49044799804688
2018-12-10,84.18006896972656,47.50971603393555,117.68000030517578,94.739990234375,214.74729919433594
2018-12-11,84.20401000976562,47.65946578979492,117.54000091552734,94.72403717041016,214.8092041015625
2018-12-12,84.14021301269531,48.360923767089844,117.79000091552734,94.30170440673828,215.9956512451172
2018-12-13,84.16413116455078,48.27422332763672,117.52999877929688,94.0785903930664,215.92481994628906
2018-12-14,84.18804931640625,47.651580810546875,117.05999755859375,94.40528106689453,211.94061279296875
2018-12-17,84.33158874511719,47.273277282714844,117.87000274658203,94.9551010131836,207.61351013183594
2018-12-18,84.57933807373047,47.3115119934082,118.1500015258789,95.5237808227539,207.53341674804688
2018-12-19,84.65924835205078,46.8574333190918,117.43000030517578,96.78572082519531,204.22195434570312
2018-12-20,84.57933807373047,46.666255950927734,119.23999786376953,96.43427276611328,200.86607360839844
2018-12-21,84.53938293457031,45.853694915771484,118.72000122070312,96.41829681396484,196.86920166015625
2018-12-24,84.5953140258789,45.31995391845703,120.0199966430664,96.89753723144531,191.4481201171875
2018-12-26,84.43549346923828,46.37149429321289,119.66000366210938,95.85920715332031,201.13308715820312
2018-12-27,84.57136535644531,46.506919860839844,120.56999969482422,95.87519073486328,203.00242614746094
2018-12-28,84.88299560546875,46.753868103027344,121.05999755859375,96.68187713623047,202.7443084716797
2018-12-31,85.09876251220703,46.82557678222656,121.25,97.04927825927734,204.56910705566406
2019-01-02,85.16268920898438,46.72998046875,121.33000183105469,97.5604248046875,204.72933959960938
2019-01-03,85.51432037353516,46.30775833129883,122.43000030517578,98.67066192626953,199.84237670898438
2019-01-04,85.25859069824219,47.72575759887695,121.44000244140625,97.52850341796875,206.43849182128906
2019-01-07,85.1147232055664,47.90898132324219,121.86000061035156,97.24095153808594,207.9873809814453
2019-01-08,85.05081939697266,48.219661712646484,121.52999877929688,96.98542022705078,210.00804138183594
2019-01-09,85.12271118164062,48.76136779785156,122.30999755859375,96.8336410522461,210.97836303710938
2019-01-10,85.0268325805664,48.952552795410156,121.58999633789062,96.21063995361328,211.859619140625
2019-01-11,85.14667510986328,48.617977142333984,121.80000305175781,96.58602142333984,211.7616729736328
2019-01-14,85.0268325805664,48.39492416381836,122.08999633789062,96.22663116455078,210.5955810546875
2019-01-15,85.04283142089844,48.649837493896484,121.87999725341797,95.87519073486328,213.0613555908203
2019-01-16,85.1147232055664,48.78526306152344,122.2699966430664,95.97106170654297,213.53317260742188
2019-01-17,85.05081939697266,48.96052169799805,122.11000061035156,95.99496459960938,215.1265106201172
2019-01-18,84.98692321777344,49.45443344116211,121.0199966430664,95.4917984008789,218.01953125
2019-01-22,85.05878448486328,48.689666748046875,121.44999694824219,96.13876342773438,215.1176300048828
2019-01-23,85.14667510986328,48.91272735595703,121.27999877929688,96.09883880615234,215.4380645751953
2019-01-24,85.29051208496094,48.96849060058594,121.08999633789062,96.72979736328125,215.6516876220703
2019-01-25,85.25059509277344,49.526126861572266,122.86000061035156,96.26655578613281,217.48545837402344
2019-01-28,85.20262145996094,49.255279541015625,123.29000091552734,96.17071533203125,215.80303955078125
2019-01-29,85.4263916015625,49.36680603027344,123.9800033569336,96.65789794921875,215.53598022460938
2019-01-30,85.6181640625,49.90850830078125,124.69000244140625,96.58602142333984,218.9453125
2019-01-31,85.87389373779297,49.932403564453125,124.75,97.41670989990234,220.77015686035156
2019-02-01,85.69609069824219,49.916473388671875,124.5,96.82830047607422,220.9571075439453
2019-02-04,85.62397003173828,50.099693298339844,123.95999908447266,96.39603424072266,222.53271484375
2019-02-05,85.80823516845703,50.49003982543945,124.27999877929688,96.83631896972656,223.5207977294922
2019-02-06,85.76013946533203,50.23512649536133,123.44000244140625,96.88435363769531,223.2447967529297
2019-02-07,85.8001937866211,49.56595993041992,123.73999786376953,97.52476501464844,221.05499267578125
2019-02-08,85.99246215820312,49.40663146972656,124.20999908447266,97.94098663330078,221.33982849121094
2019-02-11,85.90437316894531,49.35883712768555,123.5999984741211,97.55675506591797,221.45559692382812
2019-02-12,85.92037963867188,49.932403564453125,123.86000061035156,97.30860137939453,224.3219451904297
2019-02-13,85.7681655883789,49.940372467041016,123.37000274658203,96.94035339355469,224.99847412109375
2019-02-14,85.89632415771484,49.956302642822266,124.05999755859375,97.49272918701172,224.4999542236328
2019-02-15,85.96041870117188,50.68122863769531,124.80000305175781,97.64485931396484,226.97459411621094
2019-02-19,86.00849914550781,50.87242126464844,126.69999694824219,97.89299774169922,227.3663330078125
2019-02-20,86.01653289794922,51.015811920166016,126.4800033569336,97.61280059814453,227.89151000976562
2019-02-21,85.8242416381836,50.91225814819336,125.05000305175781,96.74022674560547,227.06365966796875
2019-02-22,86.04053497314453,51.07954406738281,125.5,97.31661987304688,228.4255828857422
2019-02-25,86.01653289794922,51.23090362548828,125.37000274658203,97.02843475341797,228.76385498046875
2019-02-26,86.11261749267578,51.47786331176758,125.58000183105469,97.50877380371094,228.59474182128906
2019-02-27,85.92839050292969,51.2707405090332,124.69000244140625,96.40406799316406,228.47900390625
2019-02-28,85.77618408203125,51.19902801513672,123.98999786376953,96.0758056640625,227.94493103027344
2019-03-01,85.63721466064453,51.47786331176758,121.87999725341797,95.18780517578125,229.5116424560547
2019-03-04,85.74163055419922,51.28666305541992,121.55999755859375,95.933837890625,228.63035583496094
2019-03-05,85.79789733886719,51.33446502685547,121.72000122070312,96.1344223022461,228.3633270263672
2019-03-06,85.92635345458984,51.20700454711914,121.61000061035156,96.48738861083984,226.9033966064453
2019-03-07,86.16729736328125,50.55377197265625,121.51000213623047,97.11309051513672,225.07859802246094
2019-03-08,86.27971649169922,50.56173324584961,122.83999633789062,97.52217102050781,224.6245880126953
2019-03-11,86.28775787353516,50.9998779296875,122.23999786376953,97.23340606689453,227.900390625
2019-03-12,86.44840240478516,50.968013763427734,122.9800033569336,97.91523742675781,228.71041870117188
2019-03-13,86.40819549560547,51.40616226196289,123.83999633789062,97.73075866699219,230.2682342529297
2019-03-14,86.27971649169922,51.398197174072266,122.41000366210938,97.02484130859375,230.18809509277344
2019-03-15,86.49656677246094,51.95582962036133,122.97000122070312,97.66658020019531,231.30972290039062
2019-03-18,86.48051452636719,52.13905715942383,123.04000091552734,97.61042785644531,232.13760375976562
2019-03-19,86.43232727050781,52.242610931396484,123.37999725341797,97.39387512207031,232.2087860107422
2019-03-20,86.78569793701172,52.266517639160156,124.18000030517578,98.41261291503906,231.38095092773438
2019-03-21,86.8017349243164,52.234649658203125,123.68000030517578,98.62924194335938,234.02615356445312
2019-03-22,87.23546600341797,51.23090362548828,123.97000122070312,100.16142272949219,229.5771942138672
2019-03-25,87.39607238769531,51.30260467529297,124.91999816894531,100.32182312011719,229.37127685546875
2019-03-26,87.412109375,51.55752182006836,124.30000305175781,100.2496566772461,231.02731323242188
2019-03-27,87.59683227539062,51.5814094543457,123.6500015258789,101.17217254638672,229.953125
2019-03-28,87.60487365722656,51.453948974609375,121.9000015258789,101.52510070800781,230.8483123779297
2019-03-29,87.59683227539062,51.66905212402344,122.01000213623047,101.42887878417969,232.33433532714844
2019-04-01,87.1959457397461,52.33024597167969,121.52999877929688,99.9881820678711,235.0108642578125
2019-04-02,87.29254150390625,52.3461799621582,121.9800033569336,100.17304229736328,235.0914306640625
2019-04-03,87.13157653808594,52.75245666503906,121.80000305175781,99.3047866821289,235.5301055908203
2019-04-04,87.1959457397461,52.640926361083984,122.11000061035156,99.58618927001953,236.09400939941406
2019-04-05,87.26038360595703,52.77634811401367,121.9800033569336,99.71484375,237.23095703125
2019-04-08,87.22003936767578,52.808223724365234,122.51000213623047,99.36109924316406,237.43682861328125
2019-04-09,87.26840209960938,52.473636627197266,123.1500015258789,99.67462158203125,236.1746063232422
2019-04-10,87.43744659423828,52.672794342041016,123.52999877929688,99.91582489013672,236.9892120361328
2019-04-11,87.33282470703125,52.5612678527832,121.94999694824219,99.32890319824219,236.9445037841797
2019-04-12,87.1637191772461,52.927711486816406,121.83000183105469,98.62142181396484,238.54681396484375
2019-04-15,87.14765167236328,52.95161437988281,121.5999984741211,98.87068176269531,238.3856658935547
2019-04-16,86.99468994140625,52.991432189941406,120.51000213623047,98.25163269042969,238.5557861328125
2019-04-17,86.98660278320312,53.14279556274414,120.27999877929688,98.29183197021484,237.9739532470703
2019-04-18,87.09932708740234,53.11093521118164,120.37000274658203,98.80632019042969,238.42153930664062
2019-04-22,86.99468994140625,53.0233039855957,120.37000274658203,98.33202362060547,238.65428161621094
2019-04-23,87.14765167236328,53.12687301635742,120.12000274658203,98.5410385131836,240.713134765625
2019-04-24,87.34890747070312,52.76042175292969,120.47000122070312,99.34496307373047,240.2387237548828
2019-04-25,87.34085845947266,52.7205924987793,120.56999969482422,99.20030212402344,240.14915466308594
2019-04-26,87.51795959472656,52.93567657470703,121.37000274658203,99.53795623779297,241.25035095214844
2019-04-29,87.3650131225586,53.1507682800293,120.83000183105469,98.90281677246094,241.5546112060547
2019-04-30,87.42132568359375,53.18263244628906,121.19999694824219,99.40931701660156,241.70680236816406
2019-05-01,87.47786712646484,52.87990951538086,120.4000015258789,99.81941223144531,239.94332885742188
2019-05-02,87.28419494628906,52.800254821777344,119.94000244140625,99.34405517578125,239.4688720703125
2019-05-03,87.42938232421875,53.36585235595703,120.6500015258789,99.62606048583984,241.74261474609375
2019-05-06,87.54241943359375,52.76042175292969,120.80999755859375,99.9000015258789,240.78477478027344
2019-05-07,87.64730072021484,51.836334228515625,121.20999908447266,100.66532897949219,236.8818359375
2019-05-08,87.63115692138672,51.900062561035156,120.91000366210938,100.2302474975586,236.41629028320312
2019-05-09,87.67959594726562,51.66107940673828,121.19999694824219,100.64112854003906,235.69125366210938
2019-05-10,87.69576263427734,52.04345703125,121.43000030517578,100.50418090820312,236.79220581054688
2019-05-13,87.84098815917969,50.83258819580078,122.66999816894531,101.29373931884766,230.98260498046875
2019-05-14,87.91361999511719,51.34242630004883,122.45999908447266,100.9956283569336,232.98780822753906
2019-05-15,88.06693267822266,51.52565383911133,122.38999938964844,101.6159896850586,234.36634826660156
2019-05-16,87.96202850341797,51.93989181518555,121.51000213623047,101.27758026123047,236.51478576660156
2019-05-17,87.98624420166016,51.597347259521484,120.6500015258789,101.50321197509766,235.0824737548828
2019-05-20,87.86520385742188,51.390235900878906,120.63999938964844,101.29373931884766,233.48016357421875
2019-05-21,87.85712432861328,51.7327766418457,120.36000061035156,101.13260650634766,235.45843505859375
2019-05-22,88.00236511230469,51.52565383911133,120.23999786376953,101.71265411376953,234.81394958496094
2019-05-23,88.26062774658203,51.055641174316406,121.16999816894531,102.8566665649414,232.06573486328125
2019-05-24,88.29292297363281,51.60531234741211,121.30000305175781,102.9452896118164,232.46861267089844
2019-05-28,88.42198944091797,51.10343933105469,120.83000183105469,103.68650817871094,230.3828125
2019-05-29,88.44623565673828,50.77682876586914,120.87000274658203,104.00066375732422,228.79835510253906
2019-05-30,88.68025207519531,50.968013763427734,121.69000244140625,104.89496612548828,229.43394470214844
2019-05-31,89.0918197631836,50.505977630615234,123.33000183105469,106.20814514160156,226.3634796142578
2019-06-03,89.30215454101562,50.80072021484375,125.11000061035156,106.91860961914062,225.6920623779297
2019-06-04,89.22126007080078,51.382266998291016,125.1500015258789,105.69953155517578,230.66030883789062
2019-06-05,89.17273712158203,51.3663330078125,125.47000122070312,105.10216522216797,232.61180114746094
2019-06-06,89.15650939941406,51.57344436645508,125.87999725341797,105.44120788574219,234.12461853027344
2019-06-07,89.40728759765625,52.22667694091797,126.58999633789062,106.35344696044922,236.4610595703125
2019-06-10,89.17273712158203,52.37006759643555,125.33000183105469,105.35240936279297,237.57113647460938
2019-06-11,89.15650939941406,52.63296890258789,125.18000030517578,105.41698455810547,237.52633666992188
2019-06-12,89.26981353759766,52.242610931396484,125.83000183105469,105.49774169921875,237.07872009277344
2019-06-13,89.46393585205078,52.29041290283203,126.5999984741211,105.86103057861328,238.13499450683594
2019-06-14,89.43965911865234,51.90803146362305,126.55999755859375,106.12745666503906,237.77706909179688
2019-06-17,89.41539764404297,51.94546890258789,126.4800033569336,106.31310272216797,237.99179077148438
2019-06-18,89.65804290771484,52.63720703125,127.12000274658203,106.84590911865234,240.36410522460938
2019-06-19,89.9654541015625,52.962730407714844,127.88999938964844,106.99928283691406,240.9995574951172
2019-06-20,90.11911010742188,53.426597595214844,131.11000061035156,107.28182220458984,243.24647521972656
2019-06-21,89.8845443725586,53.198734283447266,131.97999572753906,106.10321807861328,242.95994567871094
2019-06-24,90.04633331298828,53.31266784667969,133.94000244140625,106.89435577392578,242.6467742919922
2019-06-25,90.06250762939453,52.99528503417969,134.1999969482422,107.2253646850586,240.24766540527344
2019-06-26,89.86029052734375,53.06038284301758,132.97000122070312,106.53913879394531,240.0149688720703
2019-06-27,90.11103820800781,53.19060134887695,132.83999633789062,107.28996276855469,240.85720825195312
2019-06-28,90.07056427001953,53.49170684814453,133.1999969482422,107.21727752685547,242.18894958496094
2019-07-01,90.1370849609375,53.74399185180664,130.6199951171875,106.96653747558594,244.2495574951172
2019-07-02,90.29924011230469,53.89861297607422,133.41000366210938,107.79155731201172,244.9603729248047
2019-07-03,90.4450912475586,54.26482391357422,133.6300048828125,108.56002807617188,246.84100341796875
2019-07-05,90.06409454345703,53.84978485107422,132.13999938964844,107.12017822265625,246.5260772705078
2019-07-08,90.01545715332031,53.54053497314453,131.2899932861328,107.26581573486328,245.29339599609375
2019-07-09,89.99114227294922,53.31266784667969,131.75,107.22533416748047,245.59930419921875
2019-07-10,90.05598449707031,53.499839782714844,133.8300018310547,106.6349105834961,246.74203491210938
2019-07-11,89.72357177734375,53.483577728271484,132.6999969482422,105.21123504638672,247.23690795898438
2019-07-12,89.82089233398438,53.548675537109375,133.52999877929688,105.33258056640625,248.4517059326172
2019-07-15,89.95057678222656,53.597503662109375,133.52999877929688,105.93926239013672,248.51475524902344
2019-07-16,89.8532943725586,53.377777099609375,132.39999389648438,105.62376403808594,247.70489501953125
2019-07-17,90.08843231201172,53.30453109741211,134.5800018310547,106.76428985595703,246.0312957763672
2019-07-18,90.23434448242188,53.46728515625,136.47999572753906,106.77236938476562,246.93106079101562
2019-07-19,90.12893676757812,53.31266784667969,134.47000122070312,106.52161407470703,245.6083221435547
2019-07-22,90.242431640625,53.369632720947266,134.4499969482422,106.72386932373047,246.20216369628906
2019-07-23,90.15324401855469,53.70329666137695,133.69000244140625,106.1414566040039,247.89389038085938
2019-07-24,90.2829818725586,53.74399185180664,134.3699951171875,106.6025161743164,249.03663635253906
2019-07-25,90.14517974853516,53.198734283447266,133.4199981689453,106.09296417236328,247.8218231201172
2019-07-26,90.16140747070312,53.30453109741211,133.63999938964844,106.34368896484375,249.594482421875
2019-07-29,90.20196533203125,53.41846466064453,134.52999877929688,106.37606048583984,249.14462280273438
2019-07-30,90.19384765625,52.79996871948242,134.97999572753906,106.6349105834961,248.54168701171875
2019-07-31,90.23434448242188,52.45002746582031,133.2100067138672,107.49227142333984,245.72523498535156
2019-08-01,90.94132232666016,52.30353546142578,136.41000366210938,109.62713623046875,243.6647491455078
2019-08-02,90.97383117675781,51.83967590332031,135.88999938964844,110.6402587890625,241.883056640625
2019-08-05,91.37203979492188,50.545711517333984,137.7899932861328,112.5530014038086,234.74734497070312
2019-08-06,91.61585235595703,50.88751983642578,138.91000366210938,113.45266723632812,237.77076721191406
2019-08-07,91.56707763671875,51.08283233642578,141.02000427246094,113.49314880371094,237.9327392578125
2019-08-08,91.65644073486328,51.579254150390625,141.72999572753906,113.73634338378906,242.57589721679688
2019-08-09,91.53456115722656,51.22118377685547,141.25999450683594,113.50938415527344,240.88427734375
2019-08-12,91.86775207519531,50.81427764892578,142.6300048828125,115.87602233886719,238.0587615966797
2019-08-13,91.73770141601562,51.2944221496582,141.77999877929688,115.4789047241211,241.74801635742188
2019-08-14,92.02214050292969,49.88652801513672,142.75,118.08058166503906,234.4683837890625
2019-08-15,92.4447250366211,50.05743408203125,143.6999969482422,119.39361572265625,235.206298828125
2019-08-16,92.37158966064453,50.65964889526367,142.77999877929688,118.4371566772461,238.65252685546875
2019-08-19,92.12777709960938,50.968894958496094,141.11000061035156,116.7432632446289,241.58602905273438
2019-08-20,92.37970733642578,50.79798889160156,142.2100067138672,117.95087432861328,239.71432495117188
2019-08-21,92.33097076416016,51.156070709228516,141.75999450683594,117.16471862792969,241.6580810546875
2019-08-22,92.0871353149414,51.05841827392578,141.39999389648438,116.3865966796875,241.5680694580078
2019-08-23,92.4609375,50.42364501953125,144.1699981689453,118.29942321777344,235.36822509765625
2019-08-26,92.42035675048828,50.83869171142578,144.19000244140625,117.82119750976562,237.9777069091797
2019-08-27,92.71288299560547,50.79798889160156,145.57000732421875,119.63672637939453,237.04193115234375
2019-08-28,92.72102355957031,50.79798889160156,145.16000366210938,119.79071044921875,238.6886749267578
2019-08-29,92.66413116455078,51.23745346069336,144.1199951171875,119.33685302734375,241.79295349121094
2019-08-30,92.7453842163086,51.440895080566406,143.75,119.3692398071289,241.6940155029297
2019-09-03,92.72340393066406,51.34324645996094,145.75,119.52347564697266,240.35328674316406
2019-09-04,92.88630676269531,52.06753921508789,146.66000366210938,119.70215606689453,242.92677307128906
2019-09-05,92.4871826171875,52.344242095947266,143.13999938964844,117.53426361083984,246.1392059326172
2019-09-06,92.58494567871094,52.515140533447266,141.9199981689453,118.3705825805664,246.31910705566406
2019-09-09,92.19396209716797,52.669761657714844,141.38999938964844,116.26771545410156,246.38211059570312
2019-09-10,91.69709014892578,52.75926971435547,140.17999267578125,114.22978973388672,246.43614196777344
2019-09-11,91.71343994140625,53.05224609375,141.02999877929688,114.02677154541016,248.2086639404297
2019-09-12,91.56681823730469,53.36149978637695,141.32000732421875,113.27980041503906,248.93760681152344
2019-09-13,91.02106475830078,53.6626091003418,140.14999389648438,110.86026000976562,248.8746795654297
2019-09-16,91.2654037475586,53.182456970214844,141.32000732421875,112.27303314208984,248.05581665039062
2019-09-17,91.4039077758789,53.36149978637695,141.60000610351562,112.88192749023438,248.73068237304688
2019-09-18,91.5097427368164,53.2963981628418,140.7100067138672,113.36096954345703,248.88365173339844
2019-09-19,91.64006805419922,53.475433349609375,141.27999877929688,113.70201873779297,248.8296356201172
2019-09-20,91.97404479980469,53.353355407714844,142.9499969482422,115.20404815673828,247.4979248046875
2019-09-23,92.0147705078125,53.21500778198242,143.75,115.1796875,247.66891479492188
2019-09-24,92.26726531982422,53.01156234741211,144.50999450683594,116.5680923461914,245.61727905273438
2019-09-25,91.8844223022461,52.85692596435547,141.8300018310547,114.86305236816406,247.1200408935547
2019-09-26,92.03919219970703,53.05224609375,141.7899932861328,115.60189056396484,246.6326446533203
2019-09-27,92.15325927734375,52.87321472167969,141.05999755859375,115.8860855102539,245.2493438720703
2019-09-30,92.17765808105469,53.06852340698242,138.8699951171875,116.17021942138672,246.46090698242188
2019-10-01,92.34501647949219,52.54768753051758,139.6300048828125,116.51997375488281,243.49542236328125
2019-10-02,92.41031646728516,51.47344970703125,141.25999450683594,116.80467224121094,239.20086669921875
2019-10-03,92.76952362060547,51.81526184082031,141.89999389648438,117.87015533447266,241.09945678710938
2019-10-04,92.91646575927734,52.222164154052734,141.89999389648438,118.74041748046875,244.4447021484375
2019-10-07,92.66339111328125,52.15705490112305,140.69000244140625,117.7562484741211,243.39596557617188
2019-10-08,92.69606018066406,51.66877365112305,141.9199981689453,118.07347869873047,239.61672973632812
2019-10-09,92.64706420898438,52.043128967285156,142.0500030517578,117.40657806396484,241.84996032714844
2019-10-10,92.32867431640625,52.40934753417969,140.80999755859375,115.65784454345703,243.49542236328125
2019-10-11,92.02664947509766,53.3452262878418,140.02999877929688,114.2263412475586,246.03594970703125
2019-10-14,92.1817626953125,53.125492095947266,140.58999633789062,115.05596160888672,245.8099822998047
2019-10-15,91.87969970703125,53.74399185180664,139.61000061035156,113.6651611328125,248.18768310546875
2019-10-16,92.04300689697266,53.825355529785156,140.41000366210938,113.80345153808594,247.79888916015625
2019-10-17,92.01849365234375,53.9555778503418,140.61000061035156,113.52687072753906,248.46800231933594
2019-10-18,92.08379364013672,53.93115997314453,140.4600067138672,113.52687072753906,247.44644165039062
2019-10-21,91.83075714111328,54.22412872314453,139.7899932861328,112.67285919189453,249.17323303222656
2019-10-22,91.96951293945312,54.093929290771484,140.1999969482422,113.3316879272461,248.29627990722656
2019-10-23,92.04300689697266,54.38689422607422,140.52999877929688,113.445556640625,249.02854919433594
2019-10-24,92.06745910644531,54.48455047607422,141.52999877929688,113.21780395507812,249.43544006347656
2019-10-25,91.93685150146484,54.5415153503418,141.86000061035156,112.66470336914062,250.47511291503906
2019-10-28,91.74092102050781,54.78566360473633,140.63999938964844,111.63984680175781,251.93084716796875
2019-10-29,91.74909973144531,54.76939392089844,140.25,111.7131118774414,251.76808166503906
2019-10-30,92.01033020019531,54.997257232666016,141.02000427246094,113.34789276123047,252.65406799316406
2019-10-31,92.36953735351562,54.867034912109375,142.42999267578125,114.87709045410156,251.84039306640625
2019-11-01,92.39485931396484,55.355323791503906,142.55999755859375,114.5234146118164,254.2362823486328
2019-11-04,92.16580963134766,55.640174865722656,142.14999389648438,113.01612854003906,255.24891662597656
2019-11-05,91.8221664428711,55.534366607666016,139.85000610351562,111.7450942993164,254.92330932617188
2019-11-06,91.96126556396484,55.50995635986328,140.4499969482422,112.42134857177734,255.05899047851562
2019-11-07,91.52759552001953,55.68086242675781,138.27000427246094,110.3844223022461,255.9630584716797
2019-11-08,91.4785385131836,55.64830780029297,137.38999938964844,109.92001342773438,256.5868835449219
2019-11-11,91.49491119384766,55.5750617980957,137.05999755859375,109.99333953857422,256.0896911621094
2019-11-12,91.59307098388672,55.5994758605957,137.42999267578125,110.4985122680664,256.5959167480469
2019-11-13,91.75675964355469,55.40416717529297,137.97999572753906,111.21548461914062,256.7044372558594
2019-11-14,92.01851654052734,55.249542236328125,138.55999755859375,112.36431884765625,257.0479736328125
2019-11-15,91.96942138671875,55.5994758605957,138.2100067138672,112.24207305908203,258.9648132324219
2019-11-18,92.14125061035156,55.66458511352539,138.6199951171875,112.44573211669922,259.12750244140625
2019-11-19,92.20671081542969,55.591331481933594,138.69000244140625,113.38276672363281,259.0008850097656
2019-11-20,92.42761993408203,55.24139404296875,138.75999450683594,114.55599212646484,258.0877380371094
2019-11-21,92.29667663574219,55.16815948486328,138.0,113.83902740478516,257.6899719238281
2019-11-22,92.34578704833984,55.322776794433594,137.74000549316406,113.98563385009766,258.25958251953125
2019-11-25,92.43584442138672,55.762229919433594,137.0800018310547,114.31970977783203,260.22149658203125
2019-11-26,92.56671142578125,55.72968673706055,137.74000549316406,114.98785400390625,260.745849609375
2019-11-27,92.45213317871094,55.87617111206055,137.00999450683594,114.65376281738281,261.9754333496094
2019-11-29,92.33760070800781,55.485538482666016,137.86000061035156,114.40941619873047,260.9719543457031
2019-12-02,92.2359619140625,55.200706481933594,137.7899932861328,112.8839340209961,258.8471984863281
2019-12-03,92.65409851074219,54.997257232666016,139.11000061035156,115.25084686279297,257.0299987792969
2019-12-04,92.498291015625,55.501808166503906,138.9199981689453,114.10005950927734,258.675537109375
2019-12-05,92.3917465209961,55.396018981933594,139.0,113.54502868652344,259.1546325683594
2019-12-06,92.26053619384766,55.90058517456055,137.6199951171875,112.91659545898438,261.4601745605469
2019-12-09,92.3096923828125,55.607608795166016,137.5800018310547,113.16144561767578,260.66455078125
2019-12-10,92.27691650390625,55.63203048706055,137.97000122070312,113.16960906982422,260.42034912109375
2019-12-11,92.52288818359375,55.92500305175781,138.9199981689453,114.05923461914062,261.0984191894531
2019-12-12,92.12932586669922,56.29935836791992,138.42999267578125,112.1820068359375,263.39483642578125
2019-12-13,92.498291015625,56.68998718261719,139.0500030517578,113.4797592163086,263.4942932128906
2019-12-16,92.3096923828125,57.295684814453125,139.0399932861328,112.45952606201172,265.3569030761719
2019-12-17,92.31790161132812,56.966495513916016,139.00999450683594,112.30447387695312,265.4111328125
2019-12-18,92.1375503540039,56.892425537109375,139.02000427246094,111.38220977783203,265.4291076660156
2019-12-19,92.2369384765625,56.892425537109375,139.3800048828125,111.5604248046875,266.5321044921875
2019-12-20,92.25333404541016,56.9335823059082,139.52000427246094,111.7075424194336,267.8883972167969
2019-12-23,92.1876449584961,57.02410888671875,139.9499969482422,111.5440902709961,268.15093994140625
2019-12-24,92.30264282226562,56.966495513916016,141.27000427246094,111.86288452148438,268.15093994140625
2019-12-26,92.38481140136719,57.21338653564453,142.3800048828125,112.1326675415039,269.5226135253906
2019-12-27,92.5079574584961,57.31214904785156,142.3300018310547,112.25526428222656,269.5226135253906
2019-12-30,92.5079574584961,56.88420486450195,142.6300048828125,111.84651184082031,268.0419006347656
2019-12-31,92.29443359375,57.14756774902344,142.89999389648438,110.7511215209961,268.7322692871094
2020-01-02,92.54902648925781,57.72364044189453,143.9499969482422,112.00184631347656,271.11260986328125
2020-01-03,92.82008361816406,57.00764083862305,145.86000061035156,113.7266845703125,269.13201904296875
2020-01-06,92.74614715576172,57.22985076904297,147.38999938964844,113.08084106445312,270.1405334472656
2020-01-07,92.64757537841797,57.073482513427734,147.97000122070312,112.52503204345703,269.3955993652344
2020-01-08,92.54082489013672,57.23808670043945,146.86000061035156,111.78109741210938,270.7854309082031
2020-01-09,92.63933563232422,57.369754791259766,146.02999877929688,112.17350769042969,272.6570129394531
2020-01-10,92.79545593261719,57.15577697753906,146.91000366210938,113.17081451416016,271.8757629394531
2020-01-13,92.73796081542969,57.45205307006836,145.82000732421875,112.82750701904297,273.6745300292969
2020-01-14,92.82008361816406,57.50966262817383,145.69000244140625,113.40788269042969,273.3111877441406
2020-01-15,92.95970916748047,57.50966262817383,146.5399932861328,114.1599349975586,273.91986083984375
2020-01-16,92.95970916748047,57.74832534790039,146.30999755859375,113.8002700805664,276.209228515625
2020-01-17,92.85295104980469,57.92115783691406,146.5800018310547,112.82750701904297,277.1449890136719
2020-01-21,93.11579132080078,57.46028518676758,146.74000549316406,114.01285552978516,276.5726318359375
2020-01-22,93.16503143310547,57.575496673583984,146.7899932861328,114.41342163085938,276.64532470703125
2020-01-23,93.28823852539062,57.43558883666992,147.1199951171875,115.21446990966797,276.9178771972656
2020-01-24,93.46068572998047,57.18871307373047,147.97999572753906,116.14643096923828,274.3922424316406
2020-01-27,93.74819946289062,56.00362014770508,148.99000549316406,117.95307922363281,270.031494140625
2020-01-28,93.66606140136719,56.53031921386719,147.66000366210938,117.02931213378906,272.9568176269531
2020-01-29,93.87960815429688,56.53854751586914,148.4600067138672,118.17378234863281,272.6842346191406
2020-01-30,93.88780975341797,56.489173889160156,148.47000122070312,118.19014739990234,273.5382385253906
2020-01-31,94.16706848144531,55.534523010253906,149.3300018310547,119.26914978027344,268.63238525390625
2020-02-03,94.13661193847656,55.666194915771484,148.36000061035156,119.1725082397461,270.585693359375
2020-02-04,93.82386016845703,56.596153259277344,146.42999267578125,117.56763458251953,274.75567626953125
2020-02-05,93.68392181396484,57.13931655883789,146.61000061035156,116.2820816040039,277.86273193359375
2020-02-06,93.74152374267578,57.295684814453125,147.39999389648438,116.80615997314453,278.8074645996094
2020-02-07,94.01315307617188,56.752525329589844,147.7899932861328,118.26362609863281,277.3902282714844
2020-02-10,94.12017822265625,56.86774444580078,148.1699981689453,118.59115600585938,279.3798828125
2020-02-11,94.00494384765625,57.25453567504883,147.66000366210938,117.99340057373047,279.888671875
2020-02-12,93.9061508178711,57.45205307006836,147.5399932861328,117.39563751220703,281.6874694824219
2020-02-13,93.9720230102539,57.04878616333008,148.3800048828125,117.8460693359375,281.41485595703125
2020-02-14,94.07076263427734,56.950035095214844,149.0,118.3619155883789,281.8872985839844
2020-02-18,94.19425201416016,56.58793258666992,150.91000366210938,119.1725082397461,281.11505126953125
2020-02-19,94.16958618164062,56.7772102355957,151.7899932861328,119.16432189941406,282.4686584472656
2020-02-20,94.383544921875,56.439788818359375,152.41000366210938,120.09783935546875,281.36041259765625
2020-02-21,94.57286071777344,56.17644119262695,154.6999969482422,121.21963500976562,278.44415283203125
2020-02-24,94.8774185180664,53.92970657348633,156.08999633789062,123.0291976928711,269.13201904296875
2020-02-25,95.04202270507812,53.040889739990234,153.3000030517578,123.68428802490234,261.0464172363281
2020-02-26,94.94326782226562,53.10673141479492,153.97000122070312,123.0291976928711,259.89263916015625
2020-02-27,94.959716796875,51.534847259521484,154.0,124.36393737792969,248.37295532226562
2020-02-28,95.6593246459961,51.22211837768555,148.3800048828125,127.17251586914062,246.8739471435547
2020-03-02,95.62551879882812,51.880496978759766,149.1999969482422,126.23686218261719,257.8939208984375
2020-03-03,96.277099609375,51.46078109741211,153.88999938964844,128.19671630859375,250.78048706054688
2020-03-04,96.20288848876953,52.99974822998047,154.16000366210938,126.8354721069336,261.17364501953125
2020-03-05,96.49980926513672,51.59245681762695,157.49000549316406,129.99264526367188,252.4248504638672
2020-03-06,97.2091064453125,50.8188591003418,157.5500030517578,136.75796508789062,248.1913604736328
2020-03-09,97.08541107177734,46.876800537109375,157.80999755859375,140.4645233154297,229.0402374267578
2020-03-10,95.98841094970703,48.60505294799805,154.47999572753906,133.2646026611328,240.79476928710938
2020-03-11,94.61929321289062,46.12788772583008,153.92999267578125,128.36070251464844,228.8558807373047
2020-03-12,90.83352661132812,41.058345794677734,147.7899932861328,129.15618896484375,206.72149658203125
2020-03-13,92.26042175292969,43.543731689453125,143.27999877929688,126.23686218261719,226.0354766845703
2020-03-16,93.80274200439453,39.05028533935547,141.63999938964844,134.4126739501953,199.50155639648438
2020-03-17,91.3779067993164,40.951358795166016,143.55999755859375,125.44966888427734,212.56312561035156
2020-03-18,87.89727783203125,38.60587692260742,140.6999969482422,118.3726806640625,200.94369506835938
2020-03-19,89.86026763916016,39.20664978027344,138.0399932861328,121.59542846679688,201.1171417236328
2020-03-20,90.75102233886719,38.7210807800293,140.11000061035156,130.73887634277344,192.35470581054688
2020-03-23,92.90375518798828,38.26845169067383,146.3000030517578,136.1265411376953,186.44915771484375
2020-03-24,93.6707763671875,41.51097869873047,153.39999389648438,133.5926055908203,204.2296600341797
2020-03-25,94.62754821777344,42.86066436767578,151.3000030517578,133.28916931152344,206.84925842285156
2020-03-26,94.91619873046875,44.778202056884766,153.24000549316406,133.9451904296875,219.281005859375
2020-03-27,95.3203353881836,43.50259017944336,152.25,137.5205841064453,212.54486083984375
2020-03-30,95.41106414794922,44.383174896240234,152.9199981689453,136.3889617919922,219.41795349121094
2020-03-31,95.15538787841797,43.996376037597656,148.0500030517578,135.2818603515625,216.15943908691406
2020-04-01,94.83219146728516,42.04592514038086,149.4499969482422,137.17730712890625,206.42027282714844
2020-04-02,94.9726791381836,42.868896484375,151.89999389648438,138.04779052734375,211.248779296875
2020-04-03,95.03882598876953,41.88955307006836,152.64999389648438,138.37625122070312,208.12713623046875
2020-04-06,95.50173950195312,44.11157989501953,156.8800048828125,138.01490783691406,222.28402709960938
2020-04-07,95.63397216796875,44.35848617553711,156.0399932861328,136.56959533691406,222.40264892578125
2020-04-08,95.72488403320312,44.7205924987793,154.64999389648438,135.57586669921875,229.95120239257812
2020-04-09,96.91515350341797,45.732852935791016,158.69000244140625,135.82228088378906,233.36488342285156
2020-04-13,96.46054077148438,45.29668426513672,161.41000366210938,134.5821990966797,231.1012420654297
2020-04-14,96.51014709472656,46.10319519042969,162.67999267578125,134.54933166503906,238.15689086914062
2020-04-15,96.9068832397461,44.66298294067383,161.85000610351562,138.11349487304688,232.972412109375
2020-04-16,97.03087615966797,44.68767166137695,161.7100067138672,139.68197631835938,234.1498565673828
2020-04-17,96.91515350341797,45.872772216796875,158.57000732421875,137.80960083007812,240.61216735839844
2020-04-20,96.77465057373047,45.189693450927734,159.6999969482422,138.9182891845703,236.276611328125
2020-04-21,96.82422637939453,44.309104919433594,158.61000061035156,140.66744995117188,229.056640625
2020-04-22,96.82422637939453,45.05801773071289,161.72999572753906,139.23033142089844,234.0950927734375
2020-04-23,97.05564880371094,44.918113708496094,163.33999633789062,139.96945190429688,234.0494842529297
2020-04-24,97.00609588623047,45.436580657958984,162.63999938964844,140.2979278564453,237.44496154785156
2020-04-27,96.55973815917969,46.037353515625,161.55999755859375,137.68650817871094,240.87692260742188
2020-04-28,96.93992614746094,46.38300323486328,160.83999633789062,139.2714080810547,239.76333618164062
2020-04-29,97.00609588623047,47.54340362548828,161.72999572753906,138.54873657226562,245.9426727294922
2020-04-30,96.79118347167969,46.55583572387695,158.8000030517578,136.93087768554688,243.7978057861328
2020-05-01,96.7961196899414,45.54357147216797,159.77999877929688,138.103515625,237.1528778076172
2020-05-04,96.87899017333984,45.527103424072266,160.33999633789062,137.4539337158203,237.90133666992188
2020-05-05,96.80442810058594,45.609405517578125,161.02000427246094,136.5740509033203,240.09193420410156
2020-05-06,96.41513061523438,45.313140869140625,158.9499969482422,134.37033081054688,238.4763641357422
2020-05-07,96.71333312988281,45.996212005615234,161.38999938964844,136.61514282226562,241.2967529296875
2020-05-08,96.45652770996094,46.778038024902344,160.4199981689453,134.83897399902344,245.33116149902344
2020-05-11,96.16666412353516,46.73688888549805,159.4199981689453,133.78648376464844,245.36770629882812
2020-05-12,96.41513061523438,46.14434814453125,160.0399932861328,135.1597137451172,240.42962646484375
2020-05-13,96.57252502441406,45.79046630859375,161.5800018310547,136.10536193847656,236.1670684814453
2020-05-14,96.87065124511719,45.35429000854492,163.00999450683594,137.43740844726562,239.01487731933594
2020-05-15,96.92863464355469,45.39543533325195,163.92999267578125,137.08384704589844,240.09193420410156
2020-05-18,96.78785705566406,47.230674743652344,162.69000244140625,134.07418823242188,247.4304962158203
2020-05-19,96.89551544189453,46.58051681518555,164.25999450683594,134.57586669921875,245.09381103515625
2020-05-20,97.14401245117188,47.551631927490234,164.64999389648438,134.97872924804688,249.0917205810547
2020-05-21,97.21854400634766,47.000244140625,162.25,135.31594848632812,247.30271911621094
2020-05-22,97.26823425292969,46.86856460571289,163.2100067138672,136.12998962402344,247.8595733642578
2020-05-26,97.11088562011719,48.21001434326172,160.88999938964844,134.3045196533203,251.0449981689453
2020-05-27,97.25164031982422,48.79434585571289,161.17999267578125,134.05783081054688,254.70513916015625
2020-05-28,97.18540954589844,49.25519943237305,161.72000122070312,133.5644989013672,254.2031707763672
2020-05-29,97.44215393066406,49.082374572753906,162.91000366210938,134.5182647705078,255.34413146972656
2020-06-01,97.38742065429688,50.176937103271484,163.66000366210938,133.61264038085938,256.4576721191406
2020-06-02,97.4703598022461,50.64604187011719,162.60000610351562,133.1268768310547,258.566162109375
2020-06-03,97.22978210449219,51.85580825805664,159.60000610351562,131.35662841796875,261.9798889160156
2020-06-04,96.9393310546875,51.633602142333984,161.27999877929688,129.45480346679688,261.3136291503906
2020-06-05,96.9974594116211,52.52242660522461,158.00999450683594,128.53265380859375,267.9949951171875
2020-06-08,97.10525512695312,53.20549392700195,159.72000122070312,129.026611328125,271.2442932128906
2020-06-09,97.22978210449219,52.51418685913086,161.25999450683594,130.49217224121094,269.3184509277344
2020-06-10,97.62800598144531,52.39897155761719,163.57000732421875,132.42694091796875,267.6390686035156
2020-06-11,97.46204376220703,49.59261703491211,162.38999938964844,134.93002319335938,252.2133331298828
2020-06-12,97.56165313720703,50.448524475097656,162.6199951171875,133.6290740966797,255.2528533935547
2020-06-15,97.88525390625,50.65550994873047,162.3300018310547,133.70315551757812,257.5803527832031
2020-06-16,97.69442749023438,51.28150939941406,162.25,131.65301513671875,262.618896484375
2020-06-17,97.6114730834961,51.473480224609375,162.55999755859375,132.1964874267578,261.4139709472656
2020-06-18,97.71102142333984,51.19804000854492,162.24000549316406,133.59617614746094,261.6513366699219
2020-06-19,97.74420928955078,50.9476432800293,164.02999877929688,133.70315551757812,260.1087646484375
2020-06-22,97.71930694580078,51.556949615478516,165.08999633789062,133.71975708007812,261.8338317871094
2020-06-23,97.70267486572266,51.84072494506836,166.47999572753906,132.80577087402344,263.0204162597656
2020-06-24,97.68614196777344,50.51362228393555,165.89999389648438,134.2301483154297,256.29339599609375
2020-06-25,97.80227661132812,51.23143005371094,165.8000030517578,134.61717224121094,259.0042724609375
2020-06-26,97.9184341430664,50.48857879638672,166.5399932861328,136.05795288085938,252.93443298339844
2020-06-29,98.00141143798828,50.89756393432617,166.6300048828125,135.6298370361328,256.62554931640625
2020-06-30,98.08440399169922,50.80575180053711,167.3699951171875,134.9711151123047,260.0478210449219
2020-07-01,98.13673400878906,50.99772262573242,166.6199951171875,134.70895385742188,261.8277282714844
2020-07-02,98.25315856933594,51.556949615478516,166.97999572753906,134.84915161132812,263.14898681640625
2020-07-06,98.24481964111328,52.39995193481445,167.97999572753906,134.2968292236328,267.23193359375
2020-07-07,98.39448547363281,51.6320686340332,169.0399932861328,136.1844940185547,264.4609375
2020-07-08,98.36119079589844,52.06608581542969,170.08999633789062,135.64053344726562,266.4244689941406
2020-07-09,98.618896484375,51.473480224609375,169.6300048828125,137.80020141601562,265.0666198730469
2020-07-10,98.50252532958984,52.02435302734375,169.19000244140625,137.10775756835938,267.727294921875
2020-07-13,98.4942398071289,51.69049072265625,169.39999389648438,137.56112670898438,265.3051452636719
2020-07-14,98.6521987915039,52.45003128051758,170.19000244140625,137.75906372070312,268.8558654785156
2020-07-15,98.66050720214844,53.042640686035156,170.33999633789062,137.1160125732422,271.2413635253906
2020-07-16,98.72702026367188,52.7004280090332,168.72999572753906,137.76719665527344,270.4523010253906
2020-07-17,98.82675170898438,53.009246826171875,170.1199951171875,137.4786834716797,271.16802978515625
2020-07-20,98.9348373413086,53.26800537109375,170.94000244140625,137.81675720214844,273.425048828125
2020-07-21,98.99302673339844,53.37650680541992,173.0,137.89910888671875,273.9939270019531
2020-07-22,99.07616424560547,53.51839828491211,175.6300048828125,138.31126403808594,275.5536804199219
2020-07-23,99.1925277709961,53.09272384643555,177.17999267578125,139.92691040039062,272.25982666015625
2020-07-24,99.1592788696289,52.80059051513672,178.6999969482422,139.91868591308594,270.4981384277344
2020-07-27,99.09278869628906,53.493350982666016,182.22999572753906,139.3993682861328,272.4708557128906
2020-07-28,99.1592788696289,53.15114212036133,183.75,140.36378479003906,270.7826232910156
2020-07-29,99.2756576538086,53.71036148071289,185.1300048828125,140.1248016357422,274.05810546875
2020-07-30,99.35049438476562,52.917442321777344,183.75999450683594,141.0479736328125,273.05804443359375
2020-07-31,99.39202880859375,51.7906494140625,185.42999267578125,140.95729064941406,275.3425598144531
2020-08-03,99.43119812011719,52.80059051513672,185.63999938964844,140.2476348876953,277.07672119140625
2020-08-04,99.62271881103516,53.09272384643555,189.58999633789062,141.58445739746094,278.241943359375
2020-08-05,99.43119812011719,53.26800537109375,191.35000610351562,140.3466339111328,279.9759826660156
2020-08-06,99.5727767944336,53.3264274597168,193.88999938964844,141.130615234375,281.8569030761719
2020-08-07,99.45616912841797,53.10941696166992,190.80999755859375,140.1898956298828,282.0036926269531
2020-08-10,99.36453247070312,53.28469467163086,190.14999389648438,139.562744140625,282.9028625488281
2020-08-11,99.08975982666016,53.47665786743164,179.94000244140625,137.90391540527344,280.6182861328125
2020-08-12,98.88990783691406,54.6618766784668,179.10000610351562,136.6496124267578,284.4626770019531
2020-08-13,98.5234603881836,54.41981887817383,183.3300018310547,135.1889190673828,283.976318359375
2020-08-14,98.431884765625,54.08596420288086,182.5399932861328,134.6608428955078,283.976318359375
2020-08-17,98.56513977050781,54.49495315551758,186.5,134.99916076660156,284.8938903808594
2020-08-18,98.70668029785156,54.4615592956543,188.17999267578125,135.96466064453125,285.4901428222656
2020-08-19,98.5567855834961,54.219512939453125,182.24000549316406,135.11468505859375,284.2790832519531
2020-08-20,98.7316665649414,54.04423141479492,183.5,136.33596801757812,285.1782531738281
2020-08-21,98.83161926269531,53.76879119873047,182.02999877929688,137.15296936035156,286.1966552734375
2020-08-24,98.7899398803711,54.47825241088867,181.0,136.93011474609375,289.1051025390625
2020-08-25,98.581787109375,54.51164245605469,181.22000122070312,135.88211059570312,290.1143798828125
2020-08-26,98.56513977050781,54.82881164550781,183.36000061035156,135.3622283935547,293.0780029296875
2020-08-27,98.22368621826172,54.269588470458984,181.24000549316406,133.05990600585938,293.6651611328125
2020-08-28,98.3569107055664,54.653541564941406,184.38999938964844,132.9608612060547,295.5735168457031
2020-08-31,98.57343292236328,54.236209869384766,184.8300018310547,133.84388732910156,294.5367126464844
2020-09-01,98.77780151367188,54.294639587402344,185.0500030517578,135.3747100830078,297.2892761230469
2020-09-02,98.97798156738281,55.020774841308594,182.6199951171875,136.66346740722656,301.6198425292969
2020-09-03,99.00303649902344,53.77714157104492,181.13999938964844,137.0518035888672,291.1787414550781
2020-09-04,98.5108642578125,53.852256774902344,181.63999938964844,134.4493865966797,288.8482971191406
2020-09-08,98.61933135986328,53.192874908447266,181.2899932861328,135.2755889892578,280.91180419921875
2020-09-09,98.6109848022461,54.186119079589844,183.0500030517578,134.91204833984375,286.4534912109375
2020-09-10,98.61933135986328,53.55178451538086,182.4600067138672,135.5978240966797,281.44403076171875
2020-09-11,98.73609161376953,54.08596420288086,182.4499969482422,135.88694763183594,281.6549987792969
2020-09-14,98.74443054199219,54.37809371948242,183.88999938964844,135.87864685058594,285.3158264160156
2020-09-15,98.75279998779297,54.72865295410156,183.4499969482422,135.54824829101562,286.78387451171875
2020-09-16,98.70271301269531,54.72865295410156,183.97000122070312,135.14340209960938,285.6278076171875
2020-09-17,98.727783203125,54.80378341674805,182.9600067138672,135.5565643310547,283.13214111328125
2020-09-18,98.6109848022461,54.36140060424805,183.1999969482422,135.1351776123047,279.8384094238281
2020-09-21,98.62767028808594,52.984214782714844,179.52000427246094,135.82078552246094,276.8014221191406
2020-09-22,98.70271301269531,52.96751403808594,178.64999389648438,135.7134246826172,279.5998229980469
2020-09-23,98.49420166015625,52.525150299072266,174.7899932861328,135.8951873779297,273.1222229003906
2020-09-24,98.5025634765625,52.47507858276367,175.44000244140625,136.41566467285156,273.87451171875
2020-09-25,98.5359115600586,52.650352478027344,174.94000244140625,136.41566467285156,278.2602844238281
2020-09-28,98.61933135986328,53.44327163696289,176.6999969482422,136.02735900878906,282.921142578125
2020-09-29,98.63601684570312,53.384849548339844,178.19000244140625,136.184326171875,281.3077697753906
2020-09-30,98.47754669189453,53.12610626220703,177.1199951171875,134.87901306152344,283.47308349609375
2020-10-01,98.61286926269531,53.43492126464844,178.6999969482422,135.10142517089844,285.26983642578125
2020-10-02,98.51262664794922,53.3264274597168,178.5399932861328,134.59701538085938,282.6162109375
2020-10-05,98.19510650634766,54.136043548583984,179.41000366210938,131.9670867919922,287.5549621582031
2020-10-06,98.27867126464844,53.56013870239258,177.3000030517578,132.6782989501953,283.53765869140625
2020-10-07,98.21179962158203,54.01919174194336,177.22000122070312,131.710693359375,288.4026794433594
2020-10-08,98.33716583251953,54.39479446411133,177.85000610351562,132.4219207763672,290.9550476074219
2020-10-09,98.36221313476562,54.82046127319336,181.0800018310547,132.3971710205078,293.544189453125
2020-10-12,98.55438232421875,55.137630462646484,180.55999755859375,132.81893920898438,298.2802429199219
2020-10-13,98.57948303222656,54.51999282836914,177.72000122070312,133.76998901367188,296.3729248046875
2020-10-14,98.63795471191406,54.42817687988281,178.27000427246094,134.07595825195312,294.5209045410156
2020-10-15,98.55438232421875,53.785484313964844,178.9199981689453,133.8444366455078,294.17071533203125
2020-10-16,98.50424194335938,54.035888671875,178.3000030517578,133.47225952148438,293.92193603515625
2020-10-19,98.38726806640625,53.83556365966797,178.38999938964844,132.96774291992188,289.480712890625
2020-10-20,98.30372619628906,54.102657318115234,179.25,131.70245361328125,290.62322998046875
2020-10-21,98.18673706054688,53.84391403198242,180.60000610351562,131.24758911132812,290.09814453125
2020-10-22,98.01126861572266,53.885643005371094,178.8300018310547,129.88299560546875,291.6921081542969
2020-10-23,98.15335083007812,54.236209869384766,178.63999938964844,130.67691040039062,292.6872863769531
2020-10-26,98.28700256347656,53.25965118408203,178.5500030517578,131.8926239013672,287.2970275878906
2020-10-27,98.51262664794922,52.84232711791992,179.02000427246094,132.7776336669922,286.3479309082031
2020-10-28,98.37057495117188,51.264808654785156,176.1300048828125,132.90155029296875,276.4888000488281
2020-10-29,98.19510650634766,51.50686264038086,175.39999389648438,131.61141967773438,279.40045166015625
2020-10-30,97.92772674560547,51.23977279663086,176.1999969482422,130.3130645751953,276.2584533691406
2020-11-02,98.10517120361328,51.90749740600586,177.91000366210938,131.28909301757812,279.47418212890625
2020-11-03,98.06330871582031,53.26800537109375,178.9199981689453,130.52752685546875,284.4037170410156
2020-11-04,98.71611785888672,53.852256774902344,178.82000732421875,133.35887145996094,290.8075866699219
2020-11-05,98.80818939208984,55.14597702026367,182.92999267578125,133.5906982421875,296.5019226074219
2020-11-06,98.59056091308594,55.26283645629883,183.19000244140625,131.9762725830078,296.46502685546875
2020-11-09,98.13026428222656,56.873714447021484,175.0800018310547,129.2028350830078,300.15997314453125
2020-11-10,97.97123718261719,57.38288116455078,175.66000366210938,128.45773315429688,299.77294921875
2020-11-11,98.02985382080078,57.86697006225586,174.89999389648438,128.92132568359375,301.8830261230469
2020-11-12,98.4399185180664,57.02397537231445,175.9600067138672,131.11526489257812,299.09112548828125
2020-11-13,98.45665740966797,57.900352478027344,177.16000366210938,130.94146728515625,303.154541015625
2020-11-16,98.44828796386719,58.501312255859375,177.14999389648438,130.6267852783203,306.8309326171875
2020-11-17,98.64916229248047,58.44288635253906,176.5,131.4795684814453,305.3014831542969
2020-11-18,98.71611785888672,58.134071350097656,175.49000549316406,131.8603515625,301.597412109375
2020-11-19,98.9002456665039,58.54304885864258,175.16000366210938,132.53932189941406,302.85968017578125
2020-11-20,99.00069427490234,58.71833419799805,175.69000244140625,133.71485900878906,300.83245849609375
2020-11-23,98.9755630493164,58.64320755004883,172.22999572753906,133.10227966308594,302.61090087890625
2020-11-24,98.84165954589844,59.51960372924805,169.58999633789062,131.77761840820312,307.5127868652344
2020-11-25,98.80818939208984,59.4444694519043,169.50999450683594,131.37188720703125,307.00604248046875
2020-11-27,98.9755630493164,59.85346221923828,167.7899932861328,132.6469268798828,307.8814392089844
2020-11-30,99.1094741821289,58.5513916015625,166.6699981689453,132.4813690185547,306.499267578125
2020-12-01,98.79592895507812,59.928592681884766,170.17999267578125,130.52792358398438,309.8716735839844
2020-12-02,98.68692779541016,59.93693161010742,171.4600067138672,129.49203491210938,310.5258483886719
2020-12-03,98.8546142578125,60.03709030151367,172.80999755859375,130.5362091064453,310.4337158203125
2020-12-04,98.58631134033203,60.546234130859375,172.32000732421875,128.62181091308594,313.10577392578125
2020-12-07,98.73721313476562,60.05378723144531,174.88999938964844,129.78208923339844,312.5252990722656
2020-12-08,98.74562072753906,60.262447357177734,175.5,130.3953857421875,313.4283447265625
2020-12-09,98.60306549072266,60.345909118652344,172.5,129.9644317626953,310.6455993652344
2020-12-10,98.84619903564453,60.429378509521484,172.1699981689453,131.11639404296875,310.49822998046875
2020-12-11,98.95516204833984,60.24574279785156,172.49000549316406,131.58047485351562,310.10205078125
2020-12-14,98.89649963378906,60.28282928466797,171.5399932861328,131.2158660888672,308.6830749511719
2020-12-15,98.95516204833984,60.89806365966797,173.94000244140625,130.77662658691406,312.9491882324219
2020-12-16,98.9133071899414,61.1340217590332,174.89999389648438,130.42852783203125,313.4283447265625
2020-12-17,98.90907287597656,61.5638542175293,176.74000549316406,130.08334350585938,315.1329345703125
2020-12-18,98.8587646484375,61.243587493896484,176.44000244140625,129.69349670410156,313.87060546875
2020-12-21,98.8587646484375,60.45981216430664,175.8800048828125,130.2078399658203,312.9030456542969
2020-12-22,99.00139617919922,60.30811309814453,174.49000549316406,130.8798370361328,312.2859802246094
2020-12-23,98.93424224853516,60.9570426940918,175.64999389648438,129.97560119628906,312.5357666015625
2020-12-24,99.0265884399414,60.98233413696289,176.35000610351562,130.48992919921875,313.78485107421875
2020-12-28,99.04338073730469,61.479557037353516,175.7100067138672,130.54795837402344,316.51409912109375
2020-12-29,99.06015014648438,61.87564468383789,176.35000610351562,130.3820343017578,315.8479309082031
2020-12-30,99.11891174316406,61.959930419921875,177.6999969482422,130.66409301757812,316.2734680175781
2020-12-31,99.19444274902344,61.487972259521484,178.36000061035156,130.8549346923828,317.97589111328125
2021-01-04,99.06856536865234,61.808231353759766,182.3300018310547,130.6973114013672,313.66448974609375
2021-01-05,98.96783447265625,62.44872283935547,182.8699951171875,129.72665405273438,315.7277526855469
2021-01-06,98.48104858398438,63.165077209472656,179.89999389648438,127.0636215209961,317.64288330078125
2021-01-07,98.38031768798828,63.23249816894531,179.47999572753906,125.943603515625,322.3889465332031
2021-01-08,98.26286315917969,63.82244873046875,173.33999633789062,125.5370864868164,324.20233154296875
2021-01-11,98.10335540771484,62.98810577392578,173.0,125.32975006103516,322.0836486816406
2021-01-12,98.18728637695312,63.2746467590332,174.1199951171875,125.23023223876953,322.1114196777344
2021-01-13,98.4978256225586,63.190372467041016,173.3699951171875,126.6405258178711,322.9163513183594
2021-01-14,98.30479431152344,63.69602966308594,173.27999877929688,125.45414733886719,321.8245849609375
2021-01-15,98.40555572509766,62.701568603515625,171.1300048828125,125.95187377929688,319.5301513671875
2021-01-19,98.53983306884766,63.15666198730469,172.5800018310547,126.35836791992188,322.0559997558594
2021-01-20,98.54820251464844,63.58645248413086,175.38999938964844,126.48289489746094,326.4319763183594
2021-01-21,98.40555572509766,63.63703155517578,175.27999877929688,125.59513854980469,326.7373046875
2021-01-22,98.40555572509766,63.33363723754883,173.89999389648438,126.00175476074219,325.5715637207031
2021-01-25,98.65731811523438,63.25778579711914,174.0500030517578,127.48666381835938,326.89459228515625
2021-01-26,98.62374877929688,63.35048294067383,173.6199951171875,127.24612426757812,326.4042053222656
2021-01-27,98.63213348388672,61.90093231201172,172.52000427246094,127.56969451904297,318.484619140625
2021-01-28,98.56498718261719,62.29703140258789,172.67999267578125,126.86448669433594,321.158447265625
2021-01-29,98.45588684082031,61.00761032104492,172.61000061035156,126.10120391845703,314.7284240722656
2021-02-01,98.550048828125,61.732383728027344,174.22999572753906,126.24737548828125,319.90020751953125
2021-02-02,98.39867401123047,62.35603713989258,172.11000061035156,125.43348693847656,324.49835205078125
2021-02-03,98.28104400634766,62.50773239135742,171.85000610351562,124.32054138183594,324.8221740722656
2021-02-04,98.2389907836914,62.57514572143555,168.14999389648438,123.98825073242188,328.4582214355469
2021-02-05,98.1129150390625,62.96281433105469,169.80999755859375,122.95004272460938,329.77197265625
2021-02-08,98.2137680053711,63.401058197021484,171.52000427246094,123.4899673461914,332.2051696777344
2021-02-09,98.25582885742188,63.74658966064453,172.0800018310547,123.581298828125,331.9369201660156
2021-02-10,98.34825897216797,63.527469635009766,172.7100067138672,124.40347290039062,331.8072509765625
2021-02-11,98.23058319091797,63.957298278808594,171.2100067138672,123.7225341796875,332.34393310546875
2021-02-12,98.00360107421875,64.31124877929688,170.69000244140625,122.18595123291016,334.0370788574219
2021-02-16,97.54121398925781,64.77474975585938,168.24000549316406,120.3254165649414,333.722412109375
2021-02-17,97.73457336425781,64.39551544189453,166.3300018310547,121.08958435058594,333.7965087890625
2021-02-18,97.68412017822266,64.07526397705078,166.32000732421875,120.59955596923828,332.37164306640625
2021-02-19,97.38151550292969,64.26067352294922,167.00999450683594,118.99651336669922,331.7610778808594
2021-02-22,97.07888793945312,64.10054779052734,169.50999450683594,118.09114837646484,329.15203857421875
2021-02-23,97.10411071777344,64.1595458984375,169.1199951171875,117.75067138671875,329.56842041015625
2021-02-24,97.07048034667969,64.36180877685547,169.0,116.97823333740234,333.2135925292969
2021-02-25,96.17937469482422,63.26621627807617,165.82000732421875,115.06788635253906,325.2200622558594
2021-02-26,96.96119689941406,62.37289810180664,161.80999755859375,118.87198638916016,323.4344177246094
2021-03-01,96.91067504882812,63.544334411621094,161.52999877929688,117.30192565917969,331.32623291015625
2021-03-02,96.92749786376953,63.476924896240234,162.41000366210938,117.31021118164062,328.7635192871094
2021-03-03,96.57384490966797,63.089229583740234,160.6199951171875,116.03788757324219,324.4244384765625
2021-03-04,96.2959976196289,62.49087905883789,159.0399932861328,115.28948974609375,320.4275817871094
2021-03-05,96.2286376953125,62.89540481567383,159.13999938964844,115.51399993896484,326.3024597167969
2021-03-08,95.84971618652344,62.6762809753418,157.49000549316406,114.61595153808594,324.7018737792969
2021-03-09,96.21178436279297,63.5190544128418,160.83999633789062,116.20423889160156,329.24456787109375
2021-03-10,96.37176513671875,63.78873825073242,161.66000366210938,116.43712615966797,331.27996826171875
2021-03-11,96.36336517333984,64.1258316040039,161.52000427246094,115.59716796875,334.7771301269531
2021-03-12,95.81599426269531,64.28594970703125,161.49000549316406,113.14405059814453,335.2490234375
2021-03-15,95.91708374023438,64.3365249633789,162.1999969482422,113.80929565429688,337.19189453125
2021-03-16,95.88338470458984,64.44608306884766,162.35000610351562,113.35189819335938,336.8125
2021-03-17,95.87494659423828,64.82530975341797,163.50999450683594,112.50372314453125,337.9135437011719
2021-03-18,95.50444030761719,64.23538970947266,162.55999755859375,111.36447143554688,332.94525146484375
2021-03-19,95.58026885986328,64.4123764038086,163.24000549316406,112.05467224121094,332.3531799316406
2021-03-22,95.7654800415039,64.47136688232422,163.0,113.31037139892578,334.9806823730469
2021-03-23,96.0096435546875,63.57802963256836,161.80999755859375,114.33320617675781,332.519775390625
2021-03-24,96.1275863647461,63.25778579711914,162.3699951171875,114.94857025146484,330.6785888671875
2021-03-25,96.07701873779297,63.729732513427734,161.77999877929688,114.0421371459961,332.5382385253906
2021-03-26,95.91708374023438,64.5556411743164,162.24000549316406,113.64299774169922,337.9631042480469
2021-03-29,95.757080078125,64.30281829833984,160.30999755859375,112.67835235595703,337.75885009765625
2021-03-30,95.83284759521484,64.21855163574219,157.57000732421875,113.2687759399414,336.8954772949219
2021-03-31,95.84971618652344,63.94043731689453,159.9600067138672,112.63675689697266,338.23236083984375
2021-04-01,96.17184448242188,64.77474975585938,161.97999572753906,114.50621795654297,341.8161926269531
2021-04-05,95.97787475585938,65.71866607666016,161.9199981689453,114.00662231445312,346.7462158203125
2021-04-06,96.31520080566406,65.0191650390625,163.22000122070312,114.7810287475586,346.55120849609375
2021-04-07,96.16341400146484,65.15399932861328,162.75999450683594,113.98162841796875,346.9876708984375
2021-04-08,96.39952850341797,65.52481079101562,164.50999450683594,114.92254638671875,348.6773376464844
2021-04-09,96.28988647460938,65.72708129882812,163.27000427246094,114.50621795654297,351.18414306640625
2021-04-12,96.26459503173828,65.36468505859375,162.27999877929688,114.456298828125,351.342041015625
2021-04-13,96.5428695678711,65.74393463134766,163.42999267578125,115.31396484375,352.29833984375
2021-04-14,96.4670181274414,65.79450988769531,162.72000122070312,114.947509765625,351.16552734375
2021-04-15,96.84650421142578,66.34230041503906,165.35000610351562,116.87110900878906,354.9350891113281
2021-04-16,96.59351348876953,66.82268524169922,166.35000610351562,115.96344757080078,356.17919921875
2021-04-19,96.5176010131836,66.70469665527344,165.88999938964844,115.63037872314453,354.4244079589844
2021-04-20,96.66938781738281,65.50796508789062,166.47999572753906,116.16329956054688,351.8247985839844
2021-04-21,96.76217651367188,66.18218231201172,168.1300048828125,116.39649963378906,355.13006591796875
2021-04-22,96.78746032714844,65.96305084228516,167.0399932861328,116.90441131591797,351.8711853027344
2021-04-23,96.77059173583984,66.63726806640625,166.39999389648438,116.62964630126953,355.62213134765625
2021-04-26,96.68624877929688,66.68783569335938,166.83999633789062,116.46311950683594,356.3927001953125
2021-04-27,96.45013427734375,66.46871185302734,166.4199981689453,115.44715118408203,356.28131103515625
2021-04-28,96.5007553100586,66.63726806640625,166.91000366210938,115.52212524414062,356.1142272949219
2021-04-29,96.45013427734375,66.66255187988281,166.22000122070312,115.18070983886719,358.4910583496094
2021-04-30,96.55134582519531,65.8282241821289,165.66000366210938,115.44715118408203,356.1235046386719
2021-05-03,96.61300659179688,66.55299377441406,167.80999755859375,115.51640319824219,356.93121337890625
2021-05-04,96.73120880126953,65.56695556640625,166.5800018310547,116.30032348632812,354.7586975097656
2021-05-05,96.80724334716797,66.46029663085938,167.27000427246094,116.4920425415039,354.8236999511719
2021-05-06,96.82411193847656,67.0080795288086,170.05999755859375,116.68389129638672,357.71112060546875
2021-05-07,96.79882049560547,67.76657104492188,171.58999633789062,116.10851287841797,360.2643127441406
2021-05-10,96.64678192138672,67.4041748046875,172.11000061035156,114.93264770507812,356.7362976074219
2021-05-11,96.43562316894531,66.51927947998047,172.13999938964844,114.28216552734375,353.6073913574219
2021-05-12,96.09776306152344,65.45740509033203,170.42999267578125,113.0813217163086,346.0591735839844
2021-05-13,96.31739044189453,65.9461898803711,171.1300048828125,113.25646209716797,350.1721496582031
2021-05-14,96.5369644165039,67.05021667480469,172.69000244140625,114.31553649902344,355.5478820800781
2021-05-17,96.45252990722656,66.9238052368164,174.6999969482422,114.07367706298828,354.6937255859375
2021-05-18,96.33425903320312,67.06707763671875,175.0399932861328,113.78182220458984,351.62982177734375
2021-05-19,96.19914245605469,66.47714233398438,175.16000366210938,113.50662231445312,350.70135498046875
2021-05-20,96.52852630615234,67.35360717773438,175.9600067138672,114.44062042236328,354.4429626464844
2021-05-21,96.57077026367188,67.4463119506836,176.0399932861328,114.80757904052734,354.173828125
2021-05-24,96.66365814208984,67.85926818847656,176.35000610351562,115.23284149169922,357.748291015625
2021-05-25,96.90016174316406,67.87612915039062,177.9499969482422,116.30032348632812,356.99627685546875
2021-05-26,96.8663558959961,67.83399200439453,177.63999938964844,116.10015869140625,357.64617919921875
2021-05-27,96.74813842773438,67.96041107177734,177.7100067138672,115.63314056396484,357.8040771484375
2021-05-28,96.74813842773438,68.12052917480469,178.3800048828125,115.44967651367188,358.5003662109375
2021-06-01,96.70329284667969,68.36492156982422,177.89999389648438,115.42382049560547,358.2217712402344
2021-06-02,96.83014678955078,68.59246826171875,178.77000427246094,115.69104766845703,358.8252258300781
2021-06-03,96.60181427001953,68.25537872314453,175.27000427246094,115.25674438476562,357.4604797363281
2021-06-04,96.99931335449219,68.83688354492188,177.16000366210938,116.83516693115234,360.7007141113281
2021-06-07,96.93168640136719,69.0644302368164,177.8699951171875,116.47608184814453,360.3944091796875
2021-06-08,97.10928344726562,69.03070831298828,177.32000732421875,117.29450988769531,360.4500427246094
2021-06-09,97.3038330078125,68.84529876708984,176.97999572753906,118.3300552368164,359.8836975097656
2021-06-10,97.5068130493164,69.03494262695312,177.74000549316406,119.03992462158203,361.5455627441406
2021-06-11,97.46454620361328,69.197265625,175.74000549316406,118.84786224365234,362.1768798828125
2021-06-14,97.21924591064453,69.31686401367188,174.7100067138672,117.93756103515625,363.0867919921875
2021-06-15,97.26152801513672,69.40230560302734,174.0500030517578,117.7955551147461,362.3255310058594
2021-06-16,96.94857788085938,68.97515869140625,171.11000061035156,117.69535064697266,360.3386535644531
2021-06-17,97.25308227539062,68.49676513671875,165.85000610351562,119.45751953125,360.20867919921875
2021-06-18,97.51530456542969,67.0786361694336,164.92999267578125,121.70394897460938,355.4272155761719
2021-06-21,97.26152801513672,67.95855712890625,166.9499969482422,119.666259765625,360.40362548828125
2021-06-22,97.36304473876953,67.96710205078125,166.25,119.9585189819336,362.3162536621094
2021-06-23,97.31229400634766,67.53142547607422,166.13999938964844,119.64960479736328,361.9263000488281
2021-06-24,97.34612274169922,68.1806640625,166.0399932861328,119.84172821044922,363.9967041015625
2021-06-25,97.15159606933594,68.32589721679688,166.58999633789062,118.5972671508789,365.34295654296875
2021-06-28,97.43074035644531,67.89021301269531,166.5800018310547,119.81659698486328,366.10430908203125
2021-06-29,97.48147583007812,67.90729522705078,164.8300018310547,120.0170669555664,366.2654113769531
2021-06-30,97.54911041259766,67.38617706298828,165.6300048828125,120.5515365600586,366.6007995605469
2021-07-01,97.49491119384766,67.54850006103516,166.1999969482422,120.5582046508789,368.6689453125
2021-07-02,97.70664978027344,67.77915954589844,167.2899932861328,121.28568267822266,371.47308349609375
2021-07-06,98.02002716064453,67.33492279052734,168.1199951171875,122.70729064941406,370.7743835449219
2021-07-07,98.18942260742188,67.70227813720703,168.75999450683594,123.79438018798828,372.05059814453125
2021-07-08,98.29952239990234,66.83089447021484,168.64999389648438,124.27935791015625,369.08819580078125
2021-07-09,97.97770690917969,67.96710205078125,169.2100067138672,122.53170776367188,372.9822082519531
2021-07-12,97.91838073730469,68.25755310058594,169.0,122.37278747558594,374.3330078125
2021-07-13,97.70664978027344,67.89876556396484,169.22000122070312,121.43624114990234,373.0660705566406
2021-07-14,98.03697967529297,68.05252075195312,171.0399932861328,122.8160171508789,373.5784606933594
2021-07-15,98.24871826171875,67.40327453613281,171.07000732421875,124.17064666748047,372.3766784667969
2021-07-16,98.16402435302734,66.90777587890625,169.41000366210938,123.93655395507812,369.4794616699219
2021-07-19,98.68070983886719,65.69469451904297,169.61000061035156,126.65425872802734,363.95513916015625
2021-07-20,98.58753967285156,66.173095703125,169.38999938964844,125.43341064453125,369.0975646972656
2021-07-21,98.26566314697266,67.18114471435547,168.75999450683594,123.84461975097656,372.1996765136719
2021-07-22,98.49433135986328,67.206787109375,169.08999633789062,125.01527404785156,372.99151611328125
2021-07-23,98.42658996582031,67.6766357421875,168.55999755859375,124.1790542602539,376.7179260253906
2021-07-26,98.34188842773438,67.77062225341797,168.16000366210938,123.8111343383789,377.677490234375
2021-07-27,98.57054138183594,67.49724578857422,168.44000244140625,125.13236999511719,376.0005187988281
2021-07-28,98.66372680664062,67.78768920898438,169.2899932861328,125.14075469970703,375.795654296875
2021-07-29,98.50283813476562,68.25755310058594,171.1699981689453,124.44667053222656,377.4165954589844
2021-07-30,98.63829803466797,67.90729522705078,169.82000732421875,125.03196716308594,375.5720520019531
2021-08-02,98.84783935546875,68.24900817871094,169.61000061035156,126.1471939086914,374.8081970214844
2021-08-03,98.88176727294922,68.7359619140625,169.49000549316406,126.21418762207031,377.8357849121094
2021-08-04,98.87328338623047,68.53092956542969,169.52999877929688,126.47372436523438,376.0285949707031
2021-08-05,98.65278625488281,68.86410522460938,168.86000061035156,125.82904052734375,378.3761901855469
2021-08-06,98.21168518066406,68.60780334472656,164.63999938964844,123.72757720947266,379.02825927734375
2021-08-09,98.0335693359375,68.5736312866211,161.72000122070312,123.28384399414062,378.664794921875
2021-08-10,97.9063720703125,68.72742462158203,161.77000427246094,122.71459197998047,379.1400146484375
2021-08-11,97.99962615966797,69.197265625,164.0,122.6391372680664,380.052978515625
2021-08-12,98.00811767578125,69.13746643066406,164.0399932861328,122.43821716308594,381.1615905761719
2021-08-13,98.36438751220703,69.55607604980469,166.38999938964844,124.37224578857422,381.9161682128906
2021-08-16,98.41527557373047,69.197265625,167.22000122070312,124.67363739013672,382.82916259765625
2021-08-17,98.33894348144531,68.54801177978516,166.97000122070312,124.62345886230469,380.3045654296875
2021-08-18,98.34736633300781,68.2831802368164,167.10000610351562,125.04205322265625,376.21490478515625
2021-08-19,98.51702880859375,67.60830688476562,166.61000061035156,125.96308135986328,376.7459411621094
2021-08-20,98.52552795410156,67.87312316894531,166.6999969482422,126.0467529296875,379.7269592285156
2021-08-23,98.52552795410156,68.50529479980469,168.72999572753906,125.96308135986328,383.0899963378906
2021-08-24,98.3813247680664,68.6505355834961,168.64999389648438,124.98350524902344,383.695556640625
2021-08-25,98.1947250366211,68.67615509033203,167.47999572753906,123.94522857666016,384.403564453125
2021-08-26,98.2032241821289,68.3173599243164,167.6699981689453,124.28851318359375,382.15838623046875
2021-08-27,98.4746322631836,68.94098663330078,170.19000244140625,125.1341552734375,385.5494689941406
2021-08-30,98.58485412597656,68.92390441894531,169.35000610351562,125.460693359375,387.3194274902344
2021-08-31,98.4406967163086,68.88973236083984,169.69000244140625,124.60674285888672,386.6579895019531
2021-09-01,98.47211456298828,69.51335144042969,169.6999969482422,124.8154296875,387.06787109375
2021-09-02,98.57405090332031,69.79528045654297,169.25,125.36034393310547,388.22308349609375
2021-09-03,98.4041519165039,70.11136627197266,171.05999755859375,124.22023010253906,388.0740051269531
2021-09-07,98.14083862304688,70.16261291503906,167.7100067138672,123.17231750488281,386.6393127441406
2021-09-08,98.30224609375,69.60733032226562,167.2899932861328,124.01061248779297,386.2667541503906
2021-09-09,98.61653137207031,69.48773193359375,168.02999877929688,125.51122283935547,384.5339660644531
2021-09-10,98.421142578125,69.3339614868164,167.17999267578125,124.4046401977539,381.5621643066406
2021-09-13,98.54859161376953,69.88070678710938,167.74000549316406,125.1591567993164,382.4565124511719
2021-09-14,98.7694320678711,69.5902328491211,168.82000732421875,126.67647552490234,380.4722900390625
2021-09-15,98.67598724365234,69.79528045654297,167.8300018310547,126.23214721679688,383.64892578125
2021-09-16,98.5061264038086,69.68421173095703,164.02999877929688,125.6536865234375,382.9875793457031
2021-09-17,98.421142578125,68.77012634277344,163.77000427246094,125.05014038085938,379.2331848144531
2021-09-20,98.60803985595703,67.49724578857422,164.94000244140625,126.60104370117188,373.0380859375
2021-09-21,98.6504898071289,68.16358184814453,166.0399932861328,126.49201202392578,372.6748046875
2021-09-22,98.68448638916016,68.50529479980469,165.4199981689453,127.24653625488281,376.2707214355469
2021-09-23,98.20030212402344,69.24852752685547,163.50999450683594,124.37108612060547,380.81695556640625
2021-09-24,98.03044891357422,68.59928131103516,163.3000030517578,123.15553283691406,381.45037841796875
2021-09-27,97.8945083618164,68.55657196044922,163.63999938964844,122.70289611816406,380.36981201171875
2021-09-28,97.48677062988281,67.06155395507812,162.0500030517578,120.79151916503906,372.7680358886719
2021-09-29,97.55479431152344,66.90777587890625,161.32000732421875,121.0011215209961,373.3548583984375
2021-09-30,97.53778076171875,66.64295959472656,164.22000122070312,120.98435974121094,368.6255187988281
2021-10-01,97.83552551269531,66.80525207519531,164.58999633789062,122.00253295898438,373.0372009277344
2021-10-04,97.76748657226562,66.1047592163086,165.36000061035156,121.69192504882812,368.44793701171875
2021-10-05,97.53778839111328,66.55752563476562,164.58999633789062,120.51686096191406,372.0277404785156
2021-10-06,97.58035278320312,66.11329650878906,165.02999877929688,121.19670867919922,373.68206787109375
2021-10-07,97.30809783935547,66.62586212158203,164.16000366210938,119.92927551269531,376.897216796875
2021-10-08,97.09541320800781,66.61732482910156,164.22999572753906,119.08987426757812,376.1869201660156
2021-10-11,96.94225311279297,66.40375518798828,163.9199981689453,118.78772735595703,373.4483337402344
2021-10-12,97.29959869384766,66.43791961669922,164.66000366210938,120.81900787353516,372.70062255859375
2021-10-13,97.520751953125,67.09571838378906,167.58999633789062,121.994140625,373.8970947265625
2021-10-14,97.70794677734375,67.76206970214844,168.0,122.4474105834961,380.1778259277344
2021-10-15,97.46971130371094,68.32589721679688,165.3300018310547,121.73392486572266,383.1406555175781
2021-10-18,97.40165710449219,68.03544616699219,164.9199981689453,122.30470275878906,384.3089599609375
2021-10-19,97.12095642089844,68.44550323486328,165.4499969482422,120.61753845214844,387.29986572265625
2021-10-20,97.0528564453125,68.6847152709961,166.89999389648438,119.80332946777344,388.80462646484375
2021-10-21,96.84869384765625,68.36006927490234,166.75,119.6606216430664,389.75799560546875
2021-10-22,97.03584289550781,68.77012634277344,167.77000427246094,120.97847747802734,389.365478515625
2021-10-25,97.12940979003906,68.6334457397461,168.92999267578125,120.7938461303711,391.38433837890625
2021-10-26,97.30809783935547,68.77012634277344,167.67999267578125,121.79269409179688,391.75811767578125
2021-10-27,97.63133239746094,68.49676513671875,168.1199951171875,124.0086669921875,390.05706787109375
2021-10-28,97.55481719970703,69.1631088256836,168.0800018310547,123.58890533447266,393.8705139160156
2021-10-29,97.52928161621094,68.76158142089844,166.64999389648438,123.96664428710938,394.5713806152344
2021-11-01,97.4696273803711,69.42792510986328,167.52000427246094,123.07413482666016,395.4032897949219
2021-11-02,97.66558074951172,69.28269958496094,167.16000366210938,123.6203842163086,396.9361267089844
2021-11-03,97.4696273803711,69.8465347290039,165.77000427246094,122.34285736083984,399.3288269042969
2021-11-04,97.79341125488281,69.8038101196289,167.64999389648438,123.6287841796875,401.1981201171875
2021-11-05,98.1768569946289,69.90634155273438,169.83999633789062,125.47777557373047,402.56268310546875
2021-11-08,97.99791717529297,69.89779663085938,170.4499969482422,125.24248504638672,403.0487365722656
2021-11-09,98.27056121826172,69.74401092529297,171.2899932861328,126.87290954589844,401.63739013671875
2021-11-10,97.6059799194336,68.89828491210938,173.14999389648438,124.55329132080078,398.4034729003906
2021-11-11,97.42699432373047,69.14603424072266,174.1199951171875,124.36833953857422,398.5343933105469
2021-11-12,97.40997314453125,69.52190399169922,174.4499969482422,123.82205963134766,401.49725341796875
2021-11-15,97.05210876464844,69.39376068115234,174.17999267578125,122.26724243164062,401.68414306640625
2021-11-16,97.01799011230469,69.239990234375,172.9199981689453,121.95626068115234,403.2169494628906
2021-11-17,97.24807739257812,69.15454864501953,174.5,122.9228286743164,402.2449645996094
2021-11-18,97.33329010009766,69.22290802001953,173.94000244140625,123.3850326538086,403.6375427246094
2021-11-19,97.52074432373047,68.6334457397461,172.61000061035156,124.6877212524414,402.88043212890625
2021-11-22,97.05210876464844,68.23194122314453,168.74000549316406,123.22540283203125,401.8149719238281
2021-11-23,96.66867065429688,68.16358184814453,167.27999877929688,121.44366455078125,402.3384094238281
2021-11-24,96.89022827148438,67.71082305908203,167.1199951171875,123.3934555053711,403.32904052734375
2021-11-26,97.58039855957031,65.89118194580078,166.85000610351562,126.51151275634766,394.55279541015625
2021-11-29,97.63151550292969,66.22434997558594,166.6199951171875,125.49459075927734,399.31939697265625
2021-11-30,97.79341125488281,65.64344024658203,165.5,127.40234375,391.674072265625
2021-12-01,97.81217193603516,65.26756286621094,166.16000366210938,128.18826293945312,387.16900634765625
2021-12-02,97.79512786865234,66.07911682128906,165.24000549316406,128.34814453125,393.0760498046875
2021-12-03,98.18761444091797,65.8057632446289,166.6300048828125,129.879638671875,389.5990905761719
2021-12-06,97.84634399414062,66.43791961669922,166.22000122070312,128.095703125,394.2537536621094
2021-12-07,97.69273376464844,67.83895874023438,166.80999755859375,127.06075286865234,402.3570861816406
2021-12-08,97.4367446899414,67.96710205078125,166.89999389648438,124.86449432373047,403.488037109375
2021-12-09,97.44526672363281,67.40327453613281,165.8800048828125,125.56288146972656,400.7400817871094
2021-12-10,97.47086334228516,67.54850006103516,166.5800018310547,125.25997924804688,404.5628967285156
2021-12-13,97.81217193603516,66.91575622558594,167.0,127.11126708984375,400.9737548828125
2021-12-14,97.62447357177734,66.55940246582031,165.44000244140625,126.80828857421875,398.2446594238281
2021-12-15,97.54766082763672,67.46333312988281,166.14999389648438,125.588134765625,404.4693908691406
2021-12-16,97.68177032470703,67.47201538085938,168.16000366210938,125.63705444335938,400.8149108886719
2021-12-17,97.80133819580078,66.6202621459961,167.8000030517578,127.0606460571289,396.65570068359375
2021-12-20,97.65613555908203,66.47248840332031,167.08999633789062,126.1087646484375,392.3656921386719
2021-12-21,97.57925415039062,67.21127319335938,167.02000427246094,125.62858581542969,399.3290100097656
2021-12-22,97.66471099853516,67.8370590209961,168.58999633789062,126.20985412597656,403.3627014160156
2021-12-23,97.54512023925781,68.23686218261719,168.97000122070312,125.1147689819336,405.8486022949219
2021-12-27,97.59634399414062,68.76704406738281,169.3699951171875,125.41797637939453,411.6364440917969
2021-12-28,97.55364227294922,68.79312896728516,168.63999938964844,124.92097473144531,411.3270263671875
2021-12-29,97.26323699951172,68.76704406738281,168.58999633789062,123.55628204345703,411.8241271972656
2021-12-30,97.47681427001953,68.58675384521484,169.8000030517578,124.59239196777344,410.66094970703125
2021-12-31,97.44261932373047,68.52580261230469,170.9600067138672,124.83676147460938,409.5352783203125
2022-01-03,96.7763671875,68.96997833251953,168.3300018310547,121.5597915649414,412.04925537109375
2022-01-04,96.76781463623047,69.36190795898438,169.57000732421875,121.0543441772461,411.8804016113281
2022-01-05,96.46885681152344,68.75224304199219,169.05999755859375,120.39727020263672,403.9912109375
2022-01-06,96.36636352539062,68.40386199951172,166.99000549316406,120.70893859863281,403.4471740722656
2022-01-07,96.08447265625,68.60417938232422,167.75,119.84119415283203,402.04937744140625
2022-01-10,95.9990463256836,67.96839141845703,168.25999450683594,120.13605499267578,401.52410888671875
2022-01-11,96.1784439086914,68.70868682861328,170.2899932861328,120.9363784790039,405.04180908203125
2022-01-12,96.1784439086914,69.37931823730469,170.74000549316406,120.4730453491211,406.2519836425781
2022-01-13,96.34927368164062,68.87417602539062,170.16000366210938,121.54290771484375,400.65167236328125
2022-01-14,95.81116485595703,68.80450439453125,169.6699981689453,119.70645904541016,400.773681640625
2022-01-18,95.2303466796875,67.79419708251953,169.38999938964844,118.02165222167969,393.7474060058594
2022-01-19,95.43534851074219,67.73323822021484,172.0800018310547,118.83877563476562,389.6105651855469
2022-01-20,95.48657989501953,67.40228271484375,171.64999389648438,119.5716781616211,385.3235168457031
2022-01-21,95.86238861083984,66.4877700805664,171.08999633789062,120.995361328125,377.7533264160156
2022-01-24,95.75137329101562,65.82588195800781,172.02999877929688,120.00131225585938,379.3292236328125
2022-01-25,95.65742492675781,65.42523956298828,172.5800018310547,119.80754089355469,374.72332763671875
2022-01-26,95.1192855834961,65.17266845703125,169.7899932861328,118.35858917236328,373.8790588378906
2022-01-27,95.43534851074219,64.86784362792969,167.60000610351562,120.53202056884766,371.984130859375
2022-01-28,95.503662109375,65.08557891845703,167.10000610351562,120.57415008544922,381.1022033691406
2022-01-31,95.49513244628906,66.03489685058594,168.08999633789062,119.9507827758789,388.0721130371094
2022-02-01,95.46177673339844,66.66197967529297,168.22999572753906,119.55262756347656,390.6048889160156
2022-02-02,95.56439208984375,67.15841674804688,168.83999633789062,119.95750427246094,394.3290710449219
2022-02-03,95.17945861816406,66.09586334228516,168.60000610351562,119.02114868164062,385.16412353515625
2022-02-04,94.58069610595703,66.25263214111328,168.86000061035156,117.26643371582031,386.9745788574219
2022-02-07,94.66624450683594,66.36585998535156,170.11000061035156,117.34241485595703,385.6987609863281
2022-02-08,94.37538146972656,66.70552062988281,170.6300048828125,116.55783081054688,388.82257080078125
2022-02-09,94.43528747558594,67.7854995727539,171.2100067138672,116.77721405029297,394.52606201171875
2022-02-10,93.56277465820312,66.92325592041016,170.55999755859375,114.92129516601562,387.5936584472656
2022-02-11,94.17869567871094,65.91297912597656,173.80999755859375,116.6253433227539,379.8638916015625
2022-02-14,93.63124084472656,65.48619079589844,174.74000549316406,115.17438507080078,378.6257629394531
2022-02-15,93.47725677490234,66.68810272216797,173.0800018310547,113.86686706542969,384.7044372558594
2022-02-16,93.58847045898438,66.94068145751953,174.86000061035156,114.54170989990234,385.16412353515625
2022-02-17,93.78518676757812,65.8607177734375,177.25,115.39371490478516,376.9747009277344
2022-02-18,93.98194885253906,65.58201599121094,177.1199951171875,116.60848236083984,374.5638122558594
2022-02-22,93.87926483154297,64.81559753417969,177.49000549316406,116.91217041015625,370.4644775390625
2022-02-23,93.46014404296875,64.2843017578125,178.2899932861328,115.30096435546875,363.7947692871094
2022-02-24,93.63124084472656,63.42207717895508,177.13999938964844,115.3768539428711,369.3856201171875
2022-02-25,93.72531127929688,65.00718688964844,176.5500030517578,115.46124267578125,377.4530334472656
2022-02-28,94.40105438232422,63.77045440673828,178.3800048828125,117.9920425415039,376.5056457519531
2022-03-01,94.93303680419922,62.376949310302734,181.6199951171875,119.35614776611328,370.8583679199219
2022-03-02,93.7937240600586,63.16078186035156,179.72999572753906,115.27627563476562,377.6689147949219
2022-03-03,94.11067199707031,61.91532897949219,180.8000030517578,116.45036315917969,375.7738952636719
2022-03-04,94.48757934570312,60.121192932128906,183.67999267578125,118.46078491210938,372.7345275878906
2022-03-07,93.9393539428711,58.213829040527344,186.41000366210938,117.55692291259766,361.73089599609375
2022-03-08,93.60525512695312,58.718971252441406,191.50999450683594,116.3743896484375,359.00115966796875
2022-03-09,93.40821838378906,61.17502975463867,185.82000732421875,115.23401641845703,368.5695495605469
2022-03-10,92.88565826416016,60.44345474243164,186.39999389648438,113.57844543457031,366.92791748046875
2022-03-11,92.8685531616211,59.79024124145508,185.08999633789062,113.95848083496094,362.24688720703125
2022-03-14,91.96905517578125,60.33893585205078,182.3000030517578,111.29769134521484,359.6015319824219
2022-03-15,92.17465209960938,60.913761138916016,178.88999938964844,111.1034164428711,367.4907531738281
2022-03-16,92.24319458007812,63.09981918334961,180.00999450683594,112.19308471679688,375.7082824707031
2022-03-17,92.39738464355469,63.6310920715332,180.88999938964844,111.35682678222656,380.3048400878906
2022-03-18,92.60297393798828,64.24945831298828,179.3000030517578,112.7168197631836,384.50738525390625
2022-03-21,91.69493865966797,63.84882354736328,180.6699981689453,110.10669708251953,384.5261535644531
2022-03-22,91.44652557373047,64.44978332519531,179.36000061035156,108.69600677490234,388.991455078125
2022-03-23,91.82345581054688,63.613670349121094,181.80999755859375,111.07811737060547,383.9820556640625
2022-03-24,91.61783599853516,64.2059097290039,183.1300048828125,110.20799255371094,389.689697265625
2022-03-25,90.88969421386719,64.24075317382812,182.3800048828125,108.67912292480469,391.66632080078125
2022-03-28,91.1124496459961,64.03172302246094,179.05999755859375,109.60832977294922,394.3676452636719
2022-03-29,91.5407485961914,65.45135498046875,179.13999938964844,110.43612670898438,399.356201171875
2022-03-30,91.78914642333984,65.18136596679688,180.5800018310547,111.29769134521484,396.871337890625
2022-03-31,91.74634552001953,64.10140991210938,180.64999389648438,111.5680160522461,390.7721862792969
2022-04-01,91.58334350585938,64.70235443115234,179.5,111.99268341064453,391.8545837402344
2022-04-04,91.66056060791016,64.96363830566406,180.3699951171875,111.21439361572266,395.1771545410156
2022-04-05,90.73400115966797,64.083984375,179.24000549316406,108.70178985595703,390.2920837402344
2022-04-06,90.50237274169922,63.317543029785156,179.66000366210938,107.82195281982422,386.33892822265625
2022-04-07,90.30506134033203,63.456912994384766,180.33999633789062,107.00977325439453,388.2872619628906
2022-04-08,89.85033416748047,63.483036041259766,181.47000122070312,105.85079956054688,387.3460693359375
2022-04-11,89.46426391601562,62.81240463256836,182.3699951171875,104.17572021484375,380.6351013183594
2022-04-12,89.74742126464844,62.342098236083984,183.77000427246094,104.03190612792969,379.2420959472656
2022-04-13,89.92752075195312,63.012718200683594,184.64999389648438,104.24341583251953,383.524658203125
2022-04-14,89.19830322265625,62.725318908691406,184.0399932861328,102.15379333496094,378.8655700683594
2022-04-18,88.92374420166016,62.35951614379883,184.61000061035156,101.64619445800781,378.931396484375
2022-04-19,88.38326263427734,62.655635833740234,181.82000732421875,100.88481140136719,384.9835510253906
2022-04-20,88.88945007324219,63.07368850708008,182.7100067138672,102.91520690917969,384.69171142578125
2022-04-21,88.40044403076172,62.39436340332031,182.05999755859375,102.15379333496094,378.9878845214844
2022-04-22,88.31464385986328,61.37535095214844,180.2899932861328,101.51087188720703,368.64373779296875
2022-04-25,88.9066162109375,61.0792236328125,177.0500030517578,102.52606201171875,370.6579284667969
2022-04-26,89.18115997314453,59.372188568115234,177.32000732421875,103.55813598632812,360.0596618652344
2022-04-27,88.82081604003906,59.642181396484375,175.97999572753906,102.22993469238281,360.9915466308594
2022-04-28,88.78650665283203,60.48698806762695,176.92999267578125,102.3822250366211,370.03680419921875
2022-04-29,88.25459289550781,59.78152084350586,176.91000366210938,101.05397033691406,356.4454040527344
2022-05-02,87.77418518066406,59.63346862792969,173.6300048828125,99.30237579345703,358.6854553222656
2022-05-03,87.97184753417969,60.07764434814453,174.08999633789062,99.97185516357422,360.2384338378906
2022-05-04,88.53903198242188,61.13148880004883,175.8000030517578,100.52265167236328,371.1662292480469
2022-05-05,87.66242218017578,59.16315841674805,175.1300048828125,97.76850891113281,358.1301574707031
2022-05-06,87.29290008544922,58.58832931518555,175.4199981689453,96.32786560058594,355.8805847167969
2022-05-09,87.72258758544922,56.82032012939453,172.8800048828125,97.17526245117188,344.39752197265625
2022-05-10,87.9890365600586,57.24708938598633,171.4199981689453,98.05661010742188,345.28228759765625
2022-05-11,88.31562042236328,56.907405853271484,172.82000732421875,99.94640350341797,339.7196350097656
2022-05-12,88.47888946533203,56.768062591552734,170.1699981689453,99.75997161865234,339.4560546875
2022-05-13,88.10079193115234,58.34446716308594,168.7899932861328,98.28543853759766,347.46600341796875
2022-05-16,88.29840087890625,58.39673614501953,170.39999389648438,98.18373107910156,346.22357177734375
2022-05-17,87.81714630126953,59.485408782958984,169.3300018310547,96.9973373413086,353.1510314941406
2022-05-18,88.16947937011719,58.065773010253906,169.4199981689453,99.06507873535156,339.16424560546875
2022-05-19,88.3929443359375,58.6231689453125,171.91000366210938,99.30237579345703,336.89593505859375
2022-05-20,88.65939331054688,59.023807525634766,172.02999877929688,100.42945861816406,336.9805603027344
2022-05-23,88.36719512939453,60.025394439697266,172.8300018310547,98.7769546508789,343.3716735839844
2022-05-24,89.04612731933594,59.92958450317383,174.1300048828125,100.72602081298828,340.8961181640625
2022-05-25,89.41568756103516,59.9470100402832,173.0800018310547,101.12434387207031,343.7386779785156
2022-05-26,89.34695434570312,60.608924865722656,172.75999450683594,100.66670227050781,350.5720520019531
2022-05-27,89.49303436279297,61.34050750732422,172.85000610351562,100.91251373291016,359.36309814453125
2022-05-31,88.92583465576172,60.9747200012207,171.13999938964844,98.7769546508789,357.3677978515625
2022-06-01,88.56078338623047,60.3302116394043,172.22999572753906,98.66403198242188,354.37469482421875
2022-06-02,88.67269897460938,61.584373474121094,174.35000610351562,98.71497344970703,361.1044616699219
2022-06-03,88.52632141113281,60.70471954345703,172.5800018310547,98.50273132324219,355.2593994140625
2022-06-06,87.98388671875,60.94858932495117,171.82000732421875,96.68601989746094,356.22882080078125
2022-06-07,88.31965637207031,61.13148880004883,172.94000244140625,97.73023986816406,359.71142578125
2022-06-08,87.95809173583984,60.2779655456543,172.77999877929688,96.8642807006836,355.77703857421875
2022-06-09,87.86334991455078,59.01209259033203,172.22999572753906,97.18688201904297,347.4095153808594
2022-06-10,87.18315887451172,57.58775329589844,174.5399932861328,96.58415222167969,337.2159118652344
2022-06-13,85.75393676757812,55.68268966674805,169.92999267578125,93.55339050292969,324.21746826171875
2022-06-14,85.24598693847656,55.15747833251953,168.57000732421875,92.37336730957031,323.4080505371094
2022-06-15,86.19306182861328,56.19011688232422,170.77000427246094,94.09674835205078,328.0389099121094
2022-06-16,86.39968872070312,54.952728271484375,172.69000244140625,94.84381866455078,317.2618103027344
2022-06-17,86.39106750488281,54.73017120361328,171.27000427246094,95.14942169189453,318.0901184082031
2022-06-21,86.04668426513672,55.558067321777344,170.6300048828125,93.53643035888672,325.8834228515625
2022-06-22,86.77851867675781,55.184181213378906,171.30999755859375,96.10871887207031,325.1963806152344
2022-06-23,87.14014434814453,55.121856689453125,170.25999450683594,96.89823913574219,328.6130676269531
2022-06-24,87.00239562988281,56.76875305175781,170.08999633789062,95.55691528320312,338.84429931640625
2022-06-27,86.61493682861328,56.52839660644531,169.89999389648438,94.741943359375,337.57354736328125
2022-06-28,86.64939880371094,56.14561080932617,169.6199951171875,95.18336486816406,330.27899169921875
2022-06-29,87.14871978759766,55.93195724487305,169.49000549316406,96.66902160644531,330.4416198730469
2022-06-30,87.54480743408203,55.62928009033203,168.4600067138672,97.51795196533203,327.83319091796875
2022-07-01,88.27454376220703,55.762821197509766,168.32000732421875,98.5191421508789,331.1976623535156
2022-07-05,88.43839263916016,54.56993865966797,164.75,99.29320526123047,331.78363037109375
2022-07-06,87.84326171875,54.61444091796875,162.13999938964844,97.6259994506836,332.9838562011719
2022-07-07,87.64486694335938,55.44234085083008,162.22999572753906,96.7668685913086,337.8699951171875
2022-07-08,87.31705474853516,55.50465393066406,162.3000030517578,95.69508361816406,337.67156982421875
2022-07-11,87.72248840332031,54.60554122924805,161.42999267578125,97.34530639648438,333.8534240722656
2022-07-12,87.84326171875,54.59664535522461,160.8300018310547,97.92375946044922,330.7724304199219
2022-07-13,88.16238403320312,54.56993865966797,161.60000610351562,99.04655456542969,329.23187255859375
2022-07-14,87.85189056396484,53.80434799194336,159.3300018310547,98.23845672607422,328.3624267578125
2022-07-15,88.1968765258789,54.65895462036133,159.00999450683594,98.7913589477539,334.5716552734375
2022-07-18,87.9122543334961,54.88151168823242,159.16000366210938,97.76206970214844,331.8025207519531
2022-07-19,87.79149627685547,56.3770637512207,159.5399932861328,97.23470306396484,340.8092346191406
2022-07-20,87.73111724853516,56.003173828125,158.0399932861328,97.48988342285156,342.9924621582031
2022-07-21,88.46427917480469,56.581809997558594,160.27000427246094,99.17412567138672,346.4609375
2022-07-22,89.15432739257812,56.43937301635742,160.6699981689453,100.84138488769531,343.3042907714844
2022-07-25,88.82658386230469,56.875579833984375,160.22999572753906,99.8546371459961,343.64459228515625
2022-07-26,88.8093032836914,56.08329772949219,160.0399932861328,99.93116760253906,339.5239562988281
2022-07-27,89.11985778808594,57.409706115722656,161.6699981689453,99.3697738647461,348.417236328125
2022-07-28,89.75811004638672,57.70347213745117,163.63999938964844,100.16085052490234,352.8213195800781
2022-07-29,89.76676177978516,58.50467300415039,164.10000610351562,99.88862609863281,357.990966796875
2022-08-01,90.0778579711914,58.58478546142578,165.02999877929688,102.2943115234375,356.9136047363281
2022-08-02,89.15315246582031,57.65006637573242,164.0500030517578,100.12981414794922,354.6076354980469
2022-08-03,89.55071258544922,57.98834991455078,164.4499969482422,101.70634460449219,360.1457824707031
2022-08-04,89.76675415039062,58.2821159362793,167.1699981689453,101.67224884033203,359.8622741699219
2022-08-05,88.7642593383789,57.87261962890625,165.2899932861328,99.25209045410156,359.1156921386719
2022-08-08,89.17042541503906,58.00614929199219,166.69000244140625,100.85416412353516,358.7942810058594
2022-08-09,88.9716567993164,57.69457244873047,167.1999969482422,100.46216583251953,357.376708984375
2022-08-10,89.19632720947266,58.99428176879883,166.77999877929688,99.80598449707031,364.8617858886719
2022-08-11,88.72106170654297,58.976478576660156,166.33999633789062,97.47954559326172,364.8617858886719
2022-08-12,89.11858367919922,59.43049240112305,167.8699951171875,98.46808624267578,371.10888671875
2022-08-15,89.2309341430664,59.07440185546875,165.7100067138672,98.38286590576172,372.6966247558594
2022-08-16,89.101318359375,59.05659103393555,165.4199981689453,98.79190826416016,373.3487548828125
2022-08-17,88.57414245605469,58.58478546142578,164.35000610351562,97.76078033447266,370.7969665527344
2022-08-18,88.7642593383789,58.38893127441406,163.9199981689453,97.9056625366211,371.94049072265625
2022-08-19,88.14200592041016,57.58775329589844,162.72000122070312,96.32914733886719,366.8086853027344
2022-08-22,87.76173400878906,56.608516693115234,161.63999938964844,96.00531768798828,359.0779113769531
2022-08-23,87.72718048095703,56.635223388671875,162.77000427246094,95.47698974609375,358.227294921875
2022-08-24,87.49384307861328,56.70643615722656,163.25,94.77820587158203,359.3141174316406
2022-08-25,87.97779083251953,57.329593658447266,163.75,96.09906005859375,364.54998779296875
2022-08-26,87.81360626220703,55.82513427734375,161.75999450683594,96.82341766357422,352.0557861328125
2022-08-29,87.39015197753906,55.70050048828125,161.86000061035156,96.02233123779297,349.7309265136719
2022-08-30,87.50250244140625,55.29990005493164,160.50999450683594,96.2609634399414,345.93170166015625
2022-08-31,87.0357894897461,54.926021575927734,159.27000427246094,95.34063720703125,343.2097473144531
2022-09-01,86.65824890136719,54.1871452331543,157.8699951171875,93.59513092041016,344.2682800292969
2022-09-02,86.90937805175781,53.83106231689453,159.25999450683594,94.12458038330078,340.6580810546875
2022-09-06,86.09535217285156,53.69752883911133,158.3300018310547,91.79322052001953,339.51446533203125
2022-09-07,86.6928939819336,54.16934585571289,159.94000244140625,93.24498748779297,345.60089111328125
2022-09-08,86.41576385498047,54.2049446105957,158.97999572753906,92.28852081298828,347.8595886230469
2022-09-09,86.40711212158203,55.58477783203125,159.82000732421875,92.49348449707031,353.227783203125
2022-09-12,86.2771987915039,56.35926055908203,160.6300048828125,91.73344421386719,357.1120300292969
2022-09-13,85.79225158691406,54.400794982910156,158.5399932861328,91.94696044921875,341.53704833984375
2022-09-14,85.90486145019531,54.5788459777832,157.92999267578125,92.2629165649414,342.8128356933594
2022-09-15,85.64503479003906,54.09811782836914,154.97999572753906,92.2031478881836,338.98516845703125
2022-09-16,85.5844497680664,53.76873779296875,155.83999633789062,91.43455505371094,336.320068359375
2022-09-19,85.45454406738281,53.955692291259766,155.9600067138672,91.64807891845703,338.9001159667969
2022-09-20,85.07350158691406,53.03877258300781,155.07000732421875,90.73432922363281,335.0819396972656
2022-09-21,85.34194946289062,52.34440612792969,155.7899932861328,92.25439453125,329.1846923828125
2022-09-22,84.43267822265625,52.193077087402344,155.6999969482422,89.89739990234375,326.406005859375
2022-09-23,84.17286682128906,50.528377532958984,153.00999450683594,90.26463317871094,320.9812927246094
2022-09-26,83.09043884277344,49.78059387207031,151.22999572753906,88.53961181640625,317.8719177246094
2022-09-27,82.7353744506836,49.44232177734375,151.5399932861328,86.20828247070312,316.9740905761719
2022-09-28,84.06895446777344,50.635196685791016,154.69000244140625,89.09469604492188,323.2001953125
2022-09-29,83.62733459472656,50.038761138916016,154.66000366210938,88.63355255126953,316.46051025390625
2022-09-30,83.42814636230469,49.8607177734375,154.6699981689453,87.48921966552734,311.6383056640625
2022-10-03,84.10596466064453,50.848854064941406,158.42999267578125,88.87938690185547,319.8777770996094
2022-10-04,84.33163452148438,52.88743209838867,160.6999969482422,88.63114166259766,329.588623046875
2022-10-05,83.88899993896484,52.326602935791016,159.80999755859375,87.78368377685547,329.0190124511719
2022-10-06,83.55921173095703,51.40968704223633,159.6300048828125,87.29576873779297,325.55426025390625
2022-10-07,83.11659240722656,50.590694427490234,157.8800048828125,86.44828796386719,316.4129943847656
2022-10-10,82.74340057373047,50.30582809448242,155.47999572753906,85.10437774658203,314.0494384765625
2022-10-11,82.79547882080078,49.75388717651367,155.16000366210938,85.48103332519531,311.9800720214844
2022-10-12,82.86491394042969,49.59365463256836,155.99000549316406,85.90049743652344,311.01190185546875
2022-10-13,82.60453033447266,50.617393493652344,154.91000366210938,85.07869720458984,319.15643310546875
2022-10-14,82.15322875976562,49.8607177734375,152.97999572753906,84.37677764892578,311.9705810546875
2022-10-17,82.3268051147461,51.08920669555664,153.4199981689453,83.96589660644531,319.89678955078125
2022-10-18,82.4656982421875,51.454193115234375,153.75,84.16275787353516,323.66534423828125
2022-10-19,81.75401306152344,50.822147369384766,151.69000244140625,82.6305160522461,321.425048828125
2022-10-20,81.25929260253906,50.706417083740234,151.4499969482422,81.2181167602539,318.7861022949219
2022-10-21,81.3808364868164,51.62333297729492,154.14999389648438,79.75431060791016,326.4466247558594
2022-10-24,81.26799774169922,51.63223648071289,153.64999389648438,79.09522247314453,330.4239501953125
2022-10-25,82.06645965576172,52.77170944213867,154.0,81.39783477783203,335.7967224121094
2022-10-26,82.43096160888672,53.27022933959961,154.97999572753906,82.57057189941406,333.2906799316406
2022-10-27,82.84754180908203,52.77170944213867,154.74000549316406,83.43516540527344,331.5061340332031
2022-10-28,82.63922882080078,53.29692840576172,153.16000366210938,82.86164855957031,339.2425537109375
2022-10-31,82.36153411865234,52.79841232299805,151.91000366210938,82.27099609375,336.9358215332031
2022-11-01,82.51461791992188,53.21681213378906,153.4600067138672,83.03987121582031,335.57830810546875
2022-11-02,82.37545776367188,52.442325592041016,152.38999938964844,82.67943572998047,327.01617431640625
2022-11-03,82.07100677490234,51.99722671508789,151.80999755859375,82.2332534790039,323.5324401855469
2022-11-04,82.06229400634766,54.080318450927734,156.47000122070312,80.85166931152344,328.26922607421875
2022-11-07,81.80135345458984,54.249454498291016,155.85000610351562,80.0450439453125,331.42071533203125
2022-11-08,82.1492919921875,54.86370086669922,159.4499969482422,80.92033386230469,333.2242431640625
2022-11-09,82.24497985839844,54.09811782836914,158.64999389648438,81.18633270263672,326.4181213378906
2022-11-10,84.01079559326172,57.13374710083008,163.47999572753906,84.30985260009766,344.28302001953125
2022-11-11,83.94990539550781,58.27320861816406,164.55999755859375,84.0009536743164,347.5768737792969
2022-11-14,83.71502685546875,57.65896224975586,164.9199981689453,83.79499816894531,344.7861022949219
2022-11-15,84.33262634277344,58.04175567626953,165.5,85.15082550048828,347.63385009765625
2022-11-16,84.85454559326172,57.90822982788086,165.1199951171875,87.01294708251953,344.9949951171875
2022-11-17,84.49791717529297,57.88151550292969,163.9199981689453,86.09477233886719,343.99822998046875
2022-11-18,84.37612915039062,57.997249603271484,162.7899932861328,85.50267028808594,345.5170593261719
2022-11-21,84.32392883300781,57.56105041503906,161.8800048828125,85.86306762695312,344.3019714355469
2022-11-22,84.75886535644531,58.36222839355469,162.07000732421875,87.08158874511719,348.8868713378906
2022-11-23,85.26335906982422,59.00318145751953,163.0800018310547,88.60047149658203,351.070068359375
2022-11-25,85.28076171875,59.30586242675781,163.22000122070312,88.30010223388672,351.0321350097656
2022-11-28,85.14159393310547,58.5402717590332,161.92999267578125,88.54895782470703,345.47906494140625
2022-11-29,84.83711242675781,58.709407806396484,162.72999572753906,87.51065063476562,344.8716735839844
2022-11-30,85.49823760986328,59.7509651184082,164.80999755859375,88.15423583984375,355.4841003417969
2022-12-01,86.20964813232422,60.32959747314453,167.83999633789062,90.97038269042969,355.53167724609375
2022-12-02,86.56714630126953,60.28508758544922,167.25999450683594,92.11441040039062,355.01898193359375
2022-12-05,85.88709259033203,59.492801666259766,164.38999938964844,90.82416534423828,348.6969909667969
2022-12-06,86.13992309570312,59.22573471069336,164.83999633789062,91.99398040771484,343.656494140625
2022-12-07,86.90715026855469,59.22573471069336,166.3300018310547,94.16158294677734,342.99200439453125
2022-12-08,86.6456069946289,59.52840805053711,166.47000122070312,93.90355682373047,345.6973876953125
2022-12-09,86.13119506835938,59.564022064208984,167.05999755859375,91.46068572998047,343.1723937988281
2022-12-12,86.14865112304688,59.74205780029297,165.67999267578125,91.75312805175781,348.0704650878906
2022-12-13,86.72410583496094,60.58936309814453,168.50999450683594,92.63909912109375,350.64300537109375
2022-12-14,86.91586303710938,60.53573989868164,168.10000610351562,93.03477478027344,348.5261535644531
2022-12-15,87.04345703125,58.989501953125,165.35000610351562,93.39778900146484,339.9544372558594
2022-12-16,86.81624603271484,58.47110366821289,166.7899932861328,92.35447692871094,335.901123046875
2022-12-19,86.28321075439453,58.32809829711914,166.32000732421875,90.802490234375,333.00592041015625
2022-12-20,85.69775390625,58.560482025146484,169.0800018310547,89.1900405883789,333.5133056640625
2022-12-21,85.9336929321289,59.168251037597656,168.8000030517578,89.41423797607422,338.5016784667969
2022-12-22,85.90743255615234,58.685611724853516,166.75999450683594,89.39698028564453,333.7421875
2022-12-23,85.61038208007812,58.89117431640625,167.25999450683594,88.08638000488281,335.6116638183594
2022-12-27,84.98992919921875,58.98055648803711,168.6699981689453,86.34467315673828,334.2763366699219
2022-12-28,84.8414077758789,58.35491943359375,167.91000366210938,85.83595275878906,330.175048828125
2022-12-29,85.15596771240234,59.2755012512207,168.85000610351562,86.8102798461914,336.0313415527344
2022-12-30,84.75396728515625,58.6677360534668,169.63999938964844,85.84458923339844,335.106201171875
2023-01-03,85.25208282470703,59.186134338378906,171.05999755859375,87.48281860351562,333.81854248046875
2023-01-04,85.72396850585938,59.972652435302734,172.6699981689453,88.68133544921875,336.2221374511719
2023-01-05,85.65404510498047,59.37382507324219,170.52000427246094,89.0521011352539,332.5500793457031
2023-01-06,86.58903503417969,60.89324188232422,173.7100067138672,90.69033813476562,340.1136779785156
2023-01-09,86.80751037597656,61.152442932128906,174.10000610351562,91.17322540283203,339.8655700683594
2023-01-10,86.47547912597656,61.331207275390625,174.74000549316406,89.66429138183594,342.28826904296875
2023-01-11,87.00850677490234,61.795963287353516,174.6199951171875,91.12145233154297,346.6566162109375
2023-01-12,87.63764953613281,62.70763397216797,176.63999938964844,92.91490936279297,347.9537658691406
2023-01-13,87.3143310546875,63.03832244873047,178.75999450683594,92.04408264160156,349.3081970214844
2023-01-17,87.15705108642578,63.23495101928711,177.58999633789062,91.4491195678711,348.7740478515625
2023-01-18,88.02217102050781,63.01150894165039,177.0800018310547,93.66507720947266,343.10858154296875
2023-01-19,87.8211669921875,62.91319274902344,179.88999938964844,93.0787582397461,340.6382141113281
2023-01-20,87.46293640136719,63.46733856201172,179.2899932861328,91.56983184814453,346.9046630859375
2023-01-23,87.24443054199219,63.72653579711914,179.6300048828125,91.13871002197266,351.1299133300781
2023-01-24,87.62893676757812,63.64608383178711,180.27999877929688,92.44931030273438,350.7579040527344
2023-01-25,87.73380279541016,64.06616973876953,181.11000061035156,92.67349243164062,350.8819580078125
2023-01-26,87.5852279663086,64.11979675292969,179.47000122070312,92.24237823486328,354.63031005859375
2023-01-27,87.45415496826172,63.99467468261719,179.22000122070312,92.00955200195312,355.6413879394531
2023-01-30,87.21822357177734,63.58353042602539,178.75999450683594,91.67329406738281,351.19671630859375
2023-01-31,87.57649230957031,63.94997787475586,179.41000366210938,92.40619659423828,356.1850280761719
2023-02-01,88.19407653808594,64.52200317382812,181.6699981689453,93.51703643798828,360.0860595703125
2023-02-02,88.2904281616211,64.43260192871094,177.89999389648438,93.6380615234375,365.2460632324219
2023-02-03,87.44072723388672,63.833778381347656,173.4600067138672,92.23764038085938,361.3451232910156
2023-02-06,86.95893859863281,63.18132781982422,173.82000732421875,91.55473327636719,359.2563171386719
2023-02-07,86.81000518798828,63.71760559082031,173.97999572753906,90.81993103027344,363.8916931152344
2023-02-08,86.93265533447266,63.32432174682617,174.41000366210938,91.2521743774414,359.9048156738281
2023-02-09,86.59101867675781,63.440521240234375,173.02999877929688,90.38768768310547,356.8240661621094
2023-02-10,86.21434020996094,63.16343688964844,173.36000061035156,89.37626647949219,357.6920166015625
2023-02-13,86.47713470458984,63.798030853271484,172.47999572753906,90.12836456298828,361.8219299316406
2023-02-14,86.1705551147461,63.91421890258789,172.61000061035156,89.9208755493164,361.68841552734375
2023-02-15,86.00410461425781,63.62821960449219,170.88999938964844,89.08235931396484,362.8997497558594
2023-02-16,85.64493560791016,63.315391540527344,170.75,87.82026672363281,357.8541564941406
2023-02-17,85.84645080566406,63.47626876831055,171.25999450683594,88.5031967163086,356.9290466308594
2023-02-21,85.04054260253906,62.779117584228516,170.6199951171875,86.78291320800781,349.84234619140625
2023-02-22,85.26828002929688,62.4305534362793,169.66000366210938,87.5782241821289,349.4034729003906
2023-02-23,85.57489013671875,62.7523078918457,169.57000732421875,88.43403625488281,351.1585693359375
2023-02-24,85.08434295654297,61.706600189208984,168.35000610351562,87.2843017578125,347.40057373046875
2023-02-27,85.25077056884766,62.439483642578125,169.00999450683594,87.52633666992188,348.60235595703125
2023-02-28,85.24199676513672,61.98366928100586,169.77999877929688,87.92398834228516,347.2861022949219
2023-03-01,84.75379180908203,62.314361572265625,170.75999450683594,86.97942352294922,346.0176086425781
2023-03-02,84.57815551757812,62.439483642578125,170.66000366210938,86.20817565917969,348.60235595703125
2023-03-03,85.24552917480469,63.35114288330078,172.49000549316406,88.29664611816406,354.1248474121094
2023-03-06,85.03477478027344,63.19026184082031,171.6199951171875,87.6120376586914,354.5540466308594
2023-03-07,84.92060852050781,62.13560485839844,168.6199951171875,88.1493148803711,349.0697326660156
2023-03-08,84.83282470703125,62.475250244140625,168.5399932861328,88.23595428466797,349.61334228515625
2023-03-09,85.1401596069336,62.019412994384766,170.1999969482422,88.45258331298828,343.21343994140625
2023-03-10,86.13240051269531,61.35801315307617,173.8699951171875,91.50302124023438,338.2918395996094
2023-03-13,86.81730651855469,60.93794250488281,177.86000061035156,91.71099090576172,337.71954345703125
2023-03-14,86.30799865722656,61.75128173828125,176.8300018310547,90.20313262939453,343.327880859375
2023-03-15,87.16854858398438,59.838584899902344,178.2100067138672,91.94496154785156,341.21044921875
2023-03-16,86.8260726928711,60.76811981201172,178.57000732421875,91.2256851196289,347.0477294921875
2023-03-17,87.37049865722656,60.044158935546875,183.77000427246094,92.59491729736328,343.2515869140625
2023-03-20,87.0192642211914,60.982635498046875,183.83999633789062,91.78030395507812,346.3514099121094
2023-03-21,86.75585174560547,61.90322494506836,180.3699951171875,90.99173736572266,350.8819580078125
2023-03-22,87.59001159667969,61.68871307373047,183.44000244140625,92.2049560546875,345.06378173828125
2023-03-23,87.80078125,61.69764709472656,185.74000549316406,92.2049560546875,345.8840637207031
2023-03-24,87.9500503540039,61.50995635986328,183.64999389648438,92.59491729736328,348.1893310546875
2023-03-27,87.00171661376953,62.09092330932617,181.9499969482422,90.4197769165039,348.7639465332031
2023-03-28,86.86998748779297,62.11772155761719,183.44000244140625,90.58441925048828,348.1510009765625
2023-03-29,86.97538757324219,62.868499755859375,182.52999877929688,90.40243530273438,353.1023864746094
2023-03-30,87.07196044921875,63.60140609741211,184.17999267578125,90.81841278076172,355.2094421386719
2023-03-31,87.49345397949219,63.923160552978516,183.22000122070312,92.17894744873047,360.17034912109375
2023-04-03,87.87373352050781,64.43260192871094,184.5399932861328,92.61246490478516,361.59735107421875
2023-04-04,88.19945526123047,64.44155883789062,187.97999572753906,93.07290649414062,359.5574645996094
2023-04-05,88.498779296875,63.99467468261719,187.8300018310547,94.04594421386719,358.6858825683594
2023-04-06,88.41950988769531,64.29855346679688,186.49000549316406,94.28924560546875,360.0554504394531
2023-04-10,87.81212615966797,64.25386810302734,185.11000061035156,92.76882934570312,360.4480285644531
2023-04-11,87.86494445800781,64.4683609008789,186.27999877929688,92.95999145507812,360.49603271484375
2023-04-12,87.97057342529297,64.87950134277344,187.19000244140625,92.8644027709961,359.0594177246094
2023-04-13,87.93537139892578,65.71072387695312,189.72000122070312,92.1346206665039,363.71392822265625
2023-04-14,87.5040054321289,65.44258117675781,186.36000061035156,91.29193115234375,362.9669189453125
2023-04-17,87.06385040283203,65.32640075683594,185.52999877929688,90.2059555053711,364.202392578125
2023-04-18,87.18708038330078,65.68390655517578,186.25,90.52738189697266,364.45135498046875
2023-04-19,87.0550537109375,65.47834014892578,185.36000061035156,90.44048309326172,364.4322509765625
2023-04-20,87.45118713378906,65.47834014892578,186.08999633789062,91.2137222290039,362.3731384277344
2023-04-21,87.3015365600586,65.80904388427734,184.25,90.7011489868164,362.5838317871094
2023-04-24,87.64484405517578,65.9788589477539,184.80999755859375,91.57860565185547,363.0627136230469
2023-04-25,88.19066619873047,65.05828094482422,185.75,92.92523956298828,357.32598876953125
2023-04-26,87.86494445800781,65.01358032226562,184.74000549316406,91.934814453125,355.73614501953125
2023-04-27,87.54801940917969,65.82691955566406,184.75,91.02261352539062,362.7945556640625
2023-04-28,87.99697875976562,65.80010986328125,184.8000030517578,92.49083709716797,365.8975524902344
2023-05-01,87.09595489501953,65.70178985595703,183.97000122070312,89.82389068603516,365.6485595703125
2023-05-02,87.94316101074219,65.0403823852539,187.52000427246094,92.06233978271484,361.549560546875
2023-05-03,88.33145141601562,65.210205078125,189.11000061035156,92.5761947631836,359.0306701660156
2023-05-04,88.22557067871094,65.07613372802734,190.44000244140625,91.66168212890625,356.4066162109375
2023-05-05,87.94316101074219,66.03248596191406,187.4600067138672,91.35682678222656,362.94781494140625
2023-05-08,87.45777893066406,66.05036926269531,187.69000244140625,90.07649230957031,363.14892578125
2023-05-09,87.37834930419922,65.78221893310547,189.02000427246094,89.75424194335938,361.57830810546875
2023-05-10,87.94316101074219,65.64816284179688,188.75,90.62519836425781,363.15850830078125
2023-05-11,88.20792388916016,65.48726654052734,187.1300048828125,91.58329772949219,362.65087890625
2023-05-12,87.7137222290039,65.37108612060547,186.80999755859375,90.81681060791016,362.16241455078125
2023-05-15,87.49308013916016,65.8716049194336,187.2100067138672,89.87616729736328,363.4170227050781
2023-05-16,87.29009246826172,65.2459716796875,184.8699951171875,89.60615539550781,361.0132141113281
2023-05-17,87.15773010253906,65.54984283447266,184.22999572753906,89.34485626220703,365.3228759765625
2023-05-18,86.75176239013672,65.45152282714844,181.83999633789062,88.68291473388672,368.8952331542969
2023-05-19,86.55757141113281,65.83585357666016,183.63999938964844,88.05582427978516,368.31109619140625
2023-05-22,86.47816467285156,65.85372924804688,183.2100067138672,87.74227142333984,368.51214599609375
2023-05-23,86.57524108886719,64.8884506225586,183.42999267578125,87.99485778808594,364.3939514160156
2023-05-24,86.3545913696289,63.941036224365234,181.9499969482422,87.55936431884766,361.6644592285156
2023-05-25,86.03691101074219,63.85165786743164,180.1999969482422,87.34160614013672,364.81536865234375
2023-05-26,86.10749816894531,64.47731018066406,180.9199981689453,88.04710388183594,369.5559997558594
2023-05-30,86.68113708496094,63.82485580444336,182.0399932861328,88.92678833007812,369.67095947265625
2023-05-31,86.99004364013672,63.16343688964844,182.32000732421875,89.70194244384766,367.6597595214844
2023-06-01,87.25370788574219,64.1019287109375,183.75999450683594,90.05390167236328,371.1842041015625
2023-06-02,86.79358673095703,64.93314361572266,181.0500030517578,89.06707000732422,376.6336669921875
2023-06-05,86.78473663330078,64.55774688720703,182.13999938964844,88.90115356445312,375.90576171875
2023-06-06,86.89092254638672,65.09402465820312,182.33999633789062,89.42511749267578,376.6815185546875
2023-06-07,86.4308090209961,64.52152252197266,180.14999389648438,88.09773254394531,375.4460144042969
2023-06-08,86.89092254638672,65.20415496826172,182.52999877929688,89.12822723388672,377.69671630859375
2023-06-09,86.68742370605469,65.09492492675781,182.0399932861328,89.00596618652344,378.3288269042969
2023-06-12,86.83782958984375,65.3770751953125,181.8800048828125,89.26795959472656,381.80535888671875
2023-06-13,86.4308090209961,65.99598693847656,180.5399932861328,88.38593292236328,384.32415771484375
2023-06-14,86.51045227050781,66.2417221069336,180.63999938964844,89.09327697753906,384.6210021972656
2023-06-15,87.11212158203125,66.94255828857422,181.91000366210938,89.94912719726562,389.55328369140625
2023-06-16,86.83782958984375,66.79693603515625,181.6300048828125,89.59981536865234,388.1166687011719
2023-06-20,86.9970932006836,65.91407775878906,179.75,90.21984100341797,386.3257751464844
2023-06-21,87.13867950439453,66.01419830322266,179.49000549316406,90.43817138671875,384.209228515625
2023-06-22,86.68742370605469,65.6046142578125,177.7100067138672,89.34654998779297,385.6074523925781
2023-06-23,86.94400787353516,64.5852279663086,178.1999969482422,90.2373046875,382.71514892578125
2023-06-26,87.05020141601562,64.66715240478516,178.50999450683594,90.3333740234375,381.1348571777344
2023-06-27,86.88209533691406,65.23145294189453,177.69000244140625,90.09758758544922,385.3584899902344
2023-06-28,87.13867950439453,65.27696228027344,177.27999877929688,90.48180389404297,385.5309143066406
2023-06-29,86.4662094116211,65.18595123291016,177.08999633789062,88.84876251220703,387.0077209472656
2023-06-30,86.66970825195312,65.98688507080078,178.27000427246094,89.89672088623047,391.593994140625
2023-07-03,86.56769561767578,65.91407775878906,178.47000122070312,89.38706970214844,392.34393310546875
2023-07-05,86.1773452758789,65.17684936523438,177.83999633789062,88.5376968383789,391.4689636230469
2023-07-06,85.61846160888672,64.0482406616211,177.30999755859375,87.28549194335938,388.27685546875
2023-07-07,85.63618469238281,64.5306167602539,178.63999938964844,86.7601318359375,387.3730773925781
2023-07-10,85.87572479248047,64.71266174316406,178.77999877929688,86.87396240234375,388.4114074707031
2023-07-11,86.06201171875,65.29515838623047,179.4499969482422,87.32054138183594,390.9017333984375
2023-07-12,86.76287078857422,66.5420913696289,181.8800048828125,88.29252624511719,393.9784851074219
2023-07-13,87.30403900146484,67.60697937011719,182.00999450683594,89.22069549560547,397.1898498535156
2023-07-14,86.88706970214844,67.22471618652344,181.42999267578125,88.69532012939453,396.87249755859375
2023-07-17,86.98465728759766,67.14279174804688,181.55999755859375,88.73908996582031,398.2571105957031
2023-07-18,87.05560302734375,67.57968139648438,183.63999938964844,89.14190673828125,401.2761535644531
2023-07-19,87.32177734375,67.54327392578125,183.6699981689453,90.14889526367188,402.14154052734375
2023-07-20,86.86931610107422,67.19740295410156,182.74000549316406,89.05432891845703,399.5166320800781
2023-07-21,86.93142700195312,67.33393859863281,182.17999267578125,89.08061981201172,399.5646667480469
2023-07-24,86.77172088623047,67.17010498046875,181.39999389648438,88.7566146850586,401.25689697265625
2023-07-25,86.67414855957031,67.24291229248047,182.41000366210938,88.5902099609375,402.4395446777344
2023-07-26,86.95802307128906,67.42494201660156,183.3000030517578,88.67779541015625,402.5357666015625
2023-07-27,86.21284484863281,67.27023315429688,180.4199981689453,86.95277404785156,399.80511474609375
2023-07-28,86.54996490478516,67.75261688232422,181.86000061035156,87.39933776855469,403.6990661621094
2023-07-31,86.65641784667969,67.77080535888672,182.35000610351562,87.60951232910156,404.4779357910156
2023-08-01,86.08264923095703,66.92435455322266,180.4600067138672,86.17385864257812,403.22802734375
2023-08-02,85.8780517578125,65.67743682861328,179.60000610351562,85.25186157226562,397.64178466796875
2023-08-03,85.29983520507812,65.49539184570312,179.5399932861328,83.28501892089844,396.516845703125
2023-08-04,86.00261688232422,65.67743682861328,180.19000244140625,84.76016235351562,394.57464599609375
2023-08-07,86.02037811279297,66.23263549804688,179.77999877929688,83.92598724365234,398.1321105957031
2023-08-08,86.2249755859375,65.83216857910156,178.63999938964844,84.90065002441406,396.4111328125
2023-08-09,86.2872314453125,65.81395721435547,177.7899932861328,85.33968353271484,393.7765808105469
2023-08-10,85.72682189941406,66.09610748291016,177.60000610351562,83.93476104736328,394.00738525390625
2023-08-11,85.45994567871094,65.65011596679688,177.60000610351562,83.7416000366211,393.64190673828125
2023-08-14,85.39768981933594,65.35887145996094,177.05999755859375,83.55721282958984,395.8630065917969
2023-08-15,85.16638946533203,64.54882049560547,176.58999633789062,83.04792022705078,391.32470703125
2023-08-16,84.96179962158203,64.02091979980469,175.57000732421875,82.39814758300781,388.43060302734375
2023-08-17,84.87284851074219,63.56584548950195,175.3000030517578,82.04690551757812,385.2867126464844
2023-08-18,85.05963134765625,63.56584548950195,175.3300018310547,82.336669921875,385.6424255371094
2023-08-21,84.63269805908203,63.80248260498047,175.80999755859375,81.23910522460938,388.1903076171875
2023-08-22,84.72161865234375,63.684173583984375,176.10000610351562,81.86251831054688,387.10382080078125
2023-08-23,85.5311508178711,64.37590789794922,177.88999938964844,83.89087677001953,391.2767333984375
2023-08-24,85.33540344238281,63.493045806884766,177.85000610351562,83.33768463134766,386.0750427246094
2023-08-25,85.28205108642578,63.92081832885742,177.6199951171875,83.60990905761719,388.63262939453125
2023-08-28,85.46882629394531,64.5943374633789,178.1300048828125,83.69769287109375,391.190185546875
2023-08-29,86.02037811279297,65.39527130126953,179.8699951171875,84.56697082519531,396.74755859375
2023-08-30,85.98478698730469,65.35887145996094,180.32000732421875,84.47917938232422,398.4013366699219
2023-08-31,86.10933685302734,65.1040267944336,180.02000427246094,84.8567123413086,397.8916931152344
2023-09-01,85.66336059570312,65.06761932373047,180.11000061035156,83.53482055664062,398.7378234863281
2023-09-05,85.1995620727539,64.50332641601562,178.63999938964844,82.36344909667969,396.9975280761719
2023-09-06,85.1192626953125,64.3667984008789,177.8300018310547,82.5660400390625,394.25732421875
2023-09-07,85.38685607910156,64.15745544433594,178.02000427246094,82.7950210571289,393.08428955078125
2023-09-08,85.43142700195312,64.06643676757812,178.0800018310547,83.112060546875,393.62274169921875
2023-09-11,85.33331298828125,64.73087310791016,178.41000366210938,82.51319122314453,396.2091369628906
2023-09-12,85.36009216308594,64.4669189453125,177.49000549316406,82.98877716064453,394.084228515625
2023-09-13,85.48495483398438,64.26668548583984,177.0800018310547,82.97116088867188,394.54583740234375
2023-09-14,85.36900329589844,65.11312866210938,177.1699981689453,82.37226867675781,397.958984375
2023-09-15,85.17279052734375,64.96751403808594,178.33999633789062,81.87030029296875,392.9977722167969
2023-09-18,85.29764556884766,64.73995208740234,179.38999938964844,82.33705139160156,393.430419921875
2023-09-19,85.04791259765625,64.7945785522461,179.22000122070312,81.72937774658203,392.64202880859375
2023-09-20,85.0033187866211,64.63983917236328,179.35000610351562,81.98478698730469,388.9691162109375
2023-09-21,84.42354583740234,63.56584548950195,178.0500030517578,79.87986755371094,382.594482421875
2023-09-22,84.78031158447266,63.62046432495117,178.6199951171875,80.52279663085938,381.67144775390625
2023-09-25,84.11135864257812,63.33831787109375,177.6999969482422,78.54121398925781,383.2579040527344
2023-09-26,84.00431060791016,62.519168853759766,176.27999877929688,78.2681884765625,377.6332092285156
2023-09-27,83.7099838256836,62.400840759277344,174.10000610351562,77.86307525634766,377.7197265625
2023-09-28,83.9597396850586,62.91053771972656,173.22999572753906,78.10086059570312,379.9232482910156
2023-09-29,83.87947082519531,62.7285041809082,171.4499969482422,78.10966491699219,379.0159606933594
2023-10-02,83.29540252685547,61.809242248535156,169.64999389648438,76.80210876464844,378.987060546875
2023-10-03,82.6424789428711,61.03559494018555,169.16000366210938,75.14998626708984,373.89105224609375
2023-10-04,83.22383117675781,61.14480972290039,169.13999938964844,76.21015930175781,376.6416931152344
2023-10-05,83.27751922607422,61.68181228637695,168.8300018310547,75.83025360107422,376.32318115234375
2023-10-06,82.95555114746094,62.36442947387695,169.6999969482422,74.91142272949219,380.8111877441406
2023-10-09,83.81414794921875,62.27341842651367,172.82000732421875,76.66958618164062,383.3495178222656
2023-10-10,83.73367309570312,63.12897491455078,172.52999877929688,76.5635757446289,385.32806396484375
2023-10-11,84.1182632446289,63.392921447753906,173.7899932861328,78.16268157958984,386.9591979980469
2023-10-12,83.393798828125,62.86502456665039,173.25999450683594,76.04228210449219,384.6331481933594
2023-10-13,83.75157165527344,62.28252029418945,178.8300018310547,77.40288543701172,382.6063537597656
2023-10-16,83.28645324707031,62.73759841918945,177.9600067138672,76.15714263916016,386.6116943359375
2023-10-17,82.6872329711914,62.774017333984375,178.2899932861328,75.31782531738281,386.621337890625
2023-10-18,82.30262756347656,61.68181228637695,180.8699951171875,74.65523529052734,381.4481506347656
2023-10-19,81.98956298828125,61.135711669921875,183.08999633789062,73.12675476074219,378.21490478515625
2023-10-20,82.28474426269531,60.58961868286133,183.58999633789062,73.5420150756836,373.5048828125
2023-10-23,82.60671997070312,60.635128021240234,182.97000122070312,74.42550659179688,372.8486328125
2023-10-24,82.90187072753906,60.98098373413086,182.9499969482422,75.40615844726562,375.6379089355469
2023-10-25,82.28474426269531,60.544105529785156,183.72000122070312,73.72754669189453,370.3392639160156
2023-10-26,82.83926391601562,60.10723114013672,184.00999450683594,74.8584213256836,365.79339599609375
2023-10-27,82.81242370605469,59.92519760131836,186.14999389648438,74.54035186767578,364.1719055175781
2023-10-30,82.61565399169922,60.68973159790039,185.10000610351562,74.20462036132812,368.55364990234375
2023-10-31,82.56198120117188,60.90816879272461,184.08999633789062,73.8424072265625,370.7832336425781
2023-11-01,83.47431945800781,61.48157501220703,183.50999450683594,75.4434585571289,374.8658142089844
2023-11-02,83.97671508789062,62.73759841918945,184.1199951171875,77.16332244873047,381.9886474609375
2023-11-03,84.4880599975586,63.40203094482422,184.7899932861328,77.68639373779297,385.5210876464844
2023-11-06,84.06640625,63.08346939086914,183.35000610351562,76.93282318115234,386.2643127441406
2023-11-07,84.51495361328125,62.70119857788086,182.58999633789062,78.06758880615234,387.3548889160156
2023-11-08,84.8020248413086,62.619285583496094,180.77000427246094,79.3973617553711,387.67340087890625
2023-11-09,84.09333801269531,62.61017608642578,181.49000549316406,77.5711441040039,384.74896240234375
2023-11-10,84.29070281982422,62.89232635498047,179.50999450683594,78.00553894042969,390.75225830078125
2023-11-13,84.2817153930664,63.056156158447266,180.50999450683594,77.8282241821289,390.3565368652344
2023-11-14,85.34028625488281,64.66715240478516,182.1199951171875,79.59239959716797,397.8558044433594
2023-11-15,84.81100463867188,64.56703186035156,181.63999938964844,78.47540283203125,398.72442626953125
2023-11-16,85.27749633789062,64.52152252197266,183.69000244140625,79.45057678222656,399.2841796875
2023-11-17,85.44793701171875,65.39527130126953,183.6699981689453,79.82291412353516,399.8729248046875
2023-11-20,85.58250427246094,65.64102935791016,183.3699951171875,80.31050872802734,402.88421630859375
2023-11-21,85.67221069335938,65.38617706298828,185.35000610351562,80.27505493164062,401.8321838378906
2023-11-22,85.7529296875,65.54090118408203,184.55999755859375,80.55870056152344,403.5694885253906
2023-11-24,85.35822296142578,66.04149627685547,185.52000427246094,79.61015319824219,403.79150390625
2023-11-27,85.84265899658203,65.81395721435547,186.77000427246094,80.93994140625,403.08697509765625
2023-11-28,86.21942901611328,65.83216857910156,189.25999450683594,81.09953308105469,403.4825744628906
2023-11-29,86.64107513427734,65.96869659423828,189.5399932861328,82.1189956665039,403.2220458984375
2023-11-30,86.35400390625,65.91407775878906,188.75,81.17041778564453,404.7855529785156
2023-12-01,87.11329650878906,66.60579681396484,192.00999450683594,82.6991958618164,407.15985107421875
2023-12-04,86.78043365478516,66.0870132446289,187.86000061035156,82.37015533447266,405.1137390136719
2023-12-05,87.35620880126953,65.8503646850586,187.14999389648438,84.13993072509766,404.9882507324219
2023-12-06,87.58111572265625,66.05059814453125,187.83999633789062,85.2604751586914,403.2992248535156
2023-12-07,87.60810089111328,66.36914825439453,188.14999389648438,84.77135467529297,406.4552917480469
2023-12-08,87.16728973388672,66.56939697265625,185.63999938964844,84.07768249511719,408.1829528808594
2023-12-11,87.17627716064453,66.73323059082031,183.58999633789062,83.8997802734375,409.7658386230469
2023-12-12,87.43718719482422,66.8515396118164,183.49000549316406,84.14881896972656,411.80230712890625
2023-12-13,88.53475189208984,67.82540893554688,187.6300048828125,86.12313842773438,417.4097900390625
2023-12-14,89.24932098388672,68.32601165771484,188.72999572753906,88.36344909667969,418.6355895996094
2023-12-15,89.04181671142578,67.66158294677734,187.0,88.46158599853516,417.99853515625
2023-12-18,88.86136627197266,67.82540893554688,187.85000610351562,87.75672912597656,420.3631896972656
2023-12-19,88.96963500976562,68.39881896972656,189.1300048828125,88.22962951660156,422.92083740234375
2023-12-20,89.29443359375,67.70855712890625,188.10000610351562,88.827392578125,416.8161926269531
2023-12-21,89.28540802001953,68.80524444580078,189.42999267578125,88.26531219482422,420.8768615722656
2023-12-22,89.16812896728516,68.86975860595703,190.27000427246094,87.86382293701172,421.855712890625
2023-12-26,89.34857177734375,69.1830825805664,191.72000122070312,88.11363220214844,423.60986328125
2023-12-27,89.9169921875,69.55172729492188,192.58999633789062,89.67500305175781,424.3852233886719
2023-12-28,89.71852111816406,69.36740112304688,191.47000122070312,89.0237045288086,424.4530334472656
2023-12-29,89.54708862304688,69.44113159179688,191.1699981689453,88.22071075439453,423.3191833496094
2024-01-02,89.12301635742188,68.66700744628906,190.72000122070312,87.7121353149414,420.6152648925781
2024-01-03,89.16812896728516,68.15091705322266,189.1300048828125,88.07794952392578,417.49462890625
2024-01-04,88.80723571777344,68.30757904052734,189.32000732421875,86.73965454101562,416.1766357421875
2024-01-05,88.5997085571289,68.3536605834961,189.35000610351562,85.90989685058594,416.7096252441406
2024-01-08,88.93354797363281,69.08171081542969,187.8699951171875,86.75748443603516,422.6698303222656
2024-01-09,88.91549682617188,68.46424865722656,187.92999267578125,86.20435333251953,421.642578125
2024-01-10,88.74409484863281,68.90660858154297,187.5,85.80281066894531,424.4239501953125
2024-01-11,89.24932098388672,68.89739227294922,187.8699951171875,86.28462219238281,424.27862548828125
2024-01-12,89.41171264648438,69.1830825805664,189.7100067138672,86.11508178710938,424.472412109375
2024-01-16,88.74409484863281,68.02188110351562,187.91000366210938,84.59834289550781,423.0284118652344
2024-01-17,88.50047302246094,67.37678527832031,185.83999633789062,84.46453094482422,420.6734619140625
2024-01-18,88.41928100585938,67.97581481933594,187.3699951171875,83.67941284179688,424.41424560546875
2024-01-19,88.43730163574219,68.13248443603516,187.92999267578125,83.9470443725586,429.60882568359375
2024-01-22,88.5997085571289,68.34445190429688,187.22000122070312,84.44668579101562,430.58770751953125
2024-01-23,88.38319396972656,68.15091705322266,187.9499969482422,83.77755737304688,431.866943359375
2024-01-24,88.18468475341797,68.66700744628906,186.39999389648438,83.28681945800781,432.2254943847656
2024-01-25,88.58165740966797,68.86053466796875,187.13999938964844,83.83106994628906,434.65802001953125
2024-01-26,88.48241424560547,69.16465759277344,187.00999450683594,83.67047882080078,434.39642333984375
2024-01-29,88.83430480957031,69.57014465332031,188.3300018310547,84.63406372070312,437.5557556152344
2024-01-30,89.00572204589844,69.47798919677734,188.58999633789062,85.40135955810547,437.24566650390625
2024-01-31,89.41171264648438,69.12779998779297,188.4499969482422,86.2400131225586,430.12249755859375
2024-02-01,89.92120361328125,69.80976104736328,190.41000366210938,87.93168640136719,435.78228759765625
2024-02-02,89.09773254394531,69.25680541992188,188.61000061035156,85.98939514160156,440.2596740722656
2024-02-05,88.36475372314453,68.88818359375,187.57000732421875,84.25296020507812,438.65087890625
2024-02-06,88.82625579833984,69.3121109008789,188.5500030517578,85.0764389038086,440.01739501953125
2024-02-07,88.6452865600586,69.27523803710938,188.5,84.66470336914062,443.6322937011719
2024-02-08,88.37379455566406,69.15544891357422,188.3300018310547,84.17240905761719,443.9327392578125
2024-02-09,88.34666442871094,69.39505004882812,187.60000610351562,84.00234985351562,446.4524230957031
2024-02-12,88.36475372314453,69.51486206054688,187.11000061035156,84.1008071899414,446.2489929199219
2024-02-13,87.55030822753906,68.44581604003906,184.52999877929688,82.65973663330078,439.9592590332031
2024-02-14,87.93944549560547,69.21073150634766,184.4199981689453,83.08042907714844,444.14593505859375
2024-02-15,88.14756774902344,69.99407958984375,185.66000366210938,83.51005554199219,447.1502380371094
2024-02-16,87.86703491210938,70.10466766357422,186.33999633789062,83.0267105102539,444.86309814453125
2024-02-20,87.94847869873047,70.3903579711914,187.47000122070312,83.09831237792969,442.4208068847656
2024-02-21,87.68608856201172,70.4456558227539,187.47999572753906,82.507568359375,442.8666076660156
2024-02-22,87.75843811035156,71.23822021484375,187.55999755859375,82.91034698486328,452.1703796386719
2024-02-23,88.084228515625,71.33036804199219,188.6199951171875,84.0202407836914,452.3739013671875
2024-02-26,87.8941879272461,71.22899627685547,188.1999969482422,83.76960754394531,450.7166442871094
2024-02-27,87.77657318115234,71.42252349853516,188.0,83.17889404296875,451.55010986328125
2024-02-28,87.94847869873047,71.00782775878906,188.33999633789062,83.70694732666016,450.85235595703125
2024-02-29,88.09326934814453,71.19213104248047,189.30999755859375,84.29772186279297,452.5192565917969
2024-03-01,88.51620483398438,71.88331604003906,192.88999938964844,84.8229751586914,456.8803405761719
2024-03-04,88.29837799072266,71.69900512695312,196.00999450683594,84.48175811767578,456.337646484375
2024-03-05,88.77938079833984,71.56998443603516,197.19000244140625,85.68492889404297,451.7633361816406
2024-03-06,88.91553497314453,72.41783905029297,198.80999755859375,86.18775177001953,454.1570739746094
2024-03-07,89.10610961914062,73.27490234375,199.94000244140625,86.10694122314453,458.6539306640625
2024-03-08,89.18782043457031,73.03529357910156,201.6300048828125,85.95430755615234,455.8724670410156
2024-03-11,89.0879898071289,72.62059020996094,202.0,85.90941619873047,455.49444580078125
2024-03-12,88.861083984375,73.20117950439453,199.7899932861328,85.19111633300781,460.3692932128906
2024-03-13,88.69773864746094,73.21039581298828,201.19000244140625,84.77808380126953,459.67144775390625
2024-03-14,88.13502502441406,72.67587280273438,200.35000610351562,83.47613525390625,458.6636047363281
2024-03-15,88.1259536743164,72.70352172851562,199.7100067138672,83.44921875,455.504150390625
2024-03-18,88.03520202636719,72.68509674072266,200.02999877929688,83.19779968261719,458.35345458984375
2024-03-19,88.25301361083984,72.81411743164062,199.8000030517578,83.43126678466797,460.92169189453125
2024-03-20,88.43451690673828,73.58824157714844,202.17999267578125,83.4043197631836,464.943603515625
2024-03-21,88.49805450439453,73.55138397216797,201.97000122070312,83.5838851928711,466.4941711425781
2024-03-22,88.77938079833984,73.39470672607422,200.35000610351562,84.38300323486328,465.88458251953125
2024-03-25,88.61603546142578,73.238037109375,200.99000549316406,83.96100616455078,464.67901611328125
2024-03-26,88.70679473876953,73.32099151611328,201.63999938964844,84.19446563720703,463.3761901855469
2024-03-27,88.9972152709961,73.76333618164062,203.10000610351562,85.02947998046875,467.42071533203125
2024-03-28,88.88831329345703,73.59745788574219,205.72000122070312,84.95765686035156,467.3624572753906
2024-04-01,88.24201202392578,73.28412628173828,207.82000732421875,83.37396240234375,466.74993896484375
2024-04-02,88.17829895019531,72.7680435180664,210.88999938964844,82.9145278930664,463.6969909667969
2024-04-03,88.23292541503906,73.17353057861328,212.74000549316406,82.89653778076172,464.1150817871094
2024-04-04,88.4422836303711,72.54686737060547,211.52000427246094,83.49105834960938,458.398193359375
2024-04-05,88.00535583496094,72.77725219726562,215.13999938964844,82.32897186279297,463.26922607421875
2024-04-08,87.92340087890625,73.13666534423828,216.47999572753906,82.3199462890625,463.4539489746094
2024-04-09,88.22380828857422,73.12744903564453,217.6699981689453,83.085693359375,464.02752685546875
2024-04-10,87.16790771484375,72.15979766845703,215.61000061035156,81.27497100830078,459.5357666015625
2024-04-11,87.18609619140625,72.35331726074219,219.8000030517578,80.90560150146484,462.8511657714844
2024-04-12,87.3499526977539,71.18291473388672,216.88999938964844,81.33802032470703,456.54119873046875
2024-04-15,86.82198333740234,70.97095489501953,220.9499969482422,80.07684326171875,450.74658203125
2024-04-16,86.57622528076172,70.27055358886719,221.22000122070312,79.54534149169922,449.93963623046875
2024-04-17,86.97673797607422,70.31663513183594,219.58999633789062,80.42818450927734,447.2270202636719
2024-04-18,86.7309341430664,70.12309265136719,220.33999633789062,80.02278900146484,446.2061767578125
2024-04-19,86.82198333740234,70.15074920654297,221.02999877929688,80.31105041503906,442.4727478027344
2024-04-22,86.87659454345703,70.97095489501953,215.57000732421875,80.17591857910156,446.3130798339844
2024-04-23,87.05866241455078,71.74507904052734,215.0399932861328,80.20291900634766,451.94244384765625
2024-04-24,86.83109283447266,71.60684204101562,214.63999938964844,79.63541412353516,451.61187744140625
2024-04-25,86.58534240722656,71.27507019042969,215.9199981689453,79.07688903808594,449.7452087402344
2024-04-26,86.77647399902344,71.84645080566406,216.6199951171875,79.49128723144531,454.2467346191406
2024-04-29,87.04044342041016,72.12293243408203,216.17999267578125,80.15792083740234,455.8314514160156
2024-04-30,86.68545532226562,71.21056365966797,211.8699951171875,79.4732666015625,448.6270751953125
2024-05-01,86.99134063720703,71.05388641357422,213.7899932861328,80.05906677246094,447.168701171875
2024-05-02,87.38396453857422,72.01234436035156,213.1300048828125,80.40258026123047,451.33966064453125
2024-05-03,87.83139038085938,72.73117065429688,212.9600067138672,81.21619415283203,456.9398193359375
2024-05-06,87.89532470703125,73.22882843017578,215.1999969482422,81.53258514404297,461.5483703613281
2024-05-07,88.07793426513672,73.42235565185547,214.2100067138672,82.02979278564453,462.20947265625
2024-05-08,87.89532470703125,73.33942413330078,213.5800018310547,81.53258514404297,462.22894287109375
2024-05-09,88.0596694946289,73.90158081054688,216.9499969482422,81.93035125732422,464.88311767578125
2024-05-10,87.87704467773438,74.03981018066406,218.7100067138672,81.46929931640625,465.456787109375
2024-05-13,87.92269897460938,74.03981018066406,216.25999450683594,81.67723846435547,465.4859313964844
2024-05-14,88.16011810302734,74.5927734375,218.08999633789062,82.13826751708984,467.6929931640625
2024-05-15,88.74451446533203,75.38533020019531,220.88999938964844,83.2592544555664,473.390380859375
2024-05-16,88.64405822753906,74.97982788085938,220.02999877929688,83.17790222167969,472.4861755371094
2024-05-17,88.36097717285156,75.23787689208984,223.66000366210938,82.61742401123047,473.1862487792969
2024-05-20,88.2788314819336,75.29316711425781,224.55999755859375,82.37332916259766,473.6529235839844
2024-05-21,88.44316101074219,75.1733627319336,224.22999572753906,82.7981948852539,474.92657470703125
2024-05-22,88.33358001708984,74.46375274658203,220.11000061035156,82.89765167236328,473.5460205078125
2024-05-23,88.08706665039062,74.08589935302734,215.72000122070312,82.3642807006836,470.0263671875
2024-05-24,88.18751525878906,74.69414520263672,215.9199981689453,82.60835266113281,473.22509765625
2024-05-28,87.77659606933594,74.66649627685547,218.19000244140625,81.42412567138672,473.60430908203125
2024-05-29,87.43877410888672,73.48686218261719,216.16000366210938,80.43875122070312,470.26947021484375
2024-05-30,87.84965515136719,74.10433959960938,216.57000732421875,81.21619415283203,467.1096496582031
2024-05-31,88.13270568847656,74.81394958496094,215.3000030517578,81.76762390136719,471.17364501953125
2024-06-03,88.66581726074219,75.02590942382812,217.22000122070312,83.09017944335938,471.6889343261719
2024-06-04,88.98640441894531,74.93374633789062,215.27000427246094,84.06077575683594,472.2625732421875
2024-06-05,89.26117706298828,75.45905303955078,217.82000732421875,84.67759704589844,477.911376953125
2024-06-06,89.28865814208984,75.71710968017578,219.42999267578125,84.55060577392578,477.80438232421875
2024-06-07,88.50094604492188,74.89688873291016,211.60000610351562,82.99947357177734,477.18218994140625
2024-06-10,88.42765808105469,74.84159851074219,213.5399932861328,82.4461441040039,478.7475280761719
2024-06-11,88.72993469238281,73.99114227294922,214.14999389648438,83.29883575439453,479.83642578125
2024-06-12,89.15127563476562,74.8631591796875,214.72000122070312,83.92472839355469,483.8324279785156
2024-06-13,89.60009765625,73.79422760009766,212.97000122070312,85.15837097167969,484.7462463378906
2024-06-14,89.69168853759766,72.97846221923828,215.72999572753906,85.87496185302734,485.1352233886719
2024-06-17,89.37110900878906,73.26913452148438,214.61000061035156,85.02229309082031,488.9853820800781
2024-06-18,89.69168853759766,73.55980682373047,215.47000122070312,85.80241394042969,490.2882080078125
2024-06-20,89.53599548339844,73.606689453125,218.16000366210938,85.23091888427734,488.927001953125
2024-06-21,89.54515838623047,73.09097290039062,214.77999877929688,85.23091888427734,487.8575439453125
2024-06-24,89.618408203125,73.67232513427734,215.6300048828125,85.57562255859375,486.54498291015625
2024-06-25,89.60926818847656,73.8504867553711,214.55999755859375,85.72077941894531,488.5672912597656
2024-06-26,89.20623779296875,73.30663299560547,212.5800018310547,84.4961929321289,489.1117248535156
2024-06-27,89.35279083251953,73.36289978027344,214.99000549316406,84.83182525634766,489.8701171875
2024-06-28,88.91311645507812,73.4472885131836,215.00999450683594,83.25347900390625,487.9811706542969
2024-07-01,88.4362564086914,73.57855987548828,215.57000732421875,81.81660461425781,489.1031799316406
2024-07-02,88.73030090332031,73.75672149658203,215.55999755859375,82.45359802246094,492.2742919921875
2024-07-03,89.20805358886719,74.60061645507812,217.99000549316406,83.5364761352539,494.4988708496094
2024-07-05,89.6583023071289,75.09757232666016,220.92999267578125,84.22806549072266,497.4552307128906
2024-07-08,89.68585205078125,74.7225112915039,218.19000244140625,84.41004180908203,497.933349609375
2024-07-09,89.60316467285156,74.4224624633789,218.55999755859375,84.03695678710938,498.479736328125
2024-07-10,89.6950454711914,75.47264862060547,219.36000061035156,84.30085754394531,503.2802429199219
2024-07-11,90.15446472167969,75.68830871582031,223.25,85.1198501586914,498.9676513671875
2024-07-12,90.40252685546875,76.49470520019531,223.11000061035156,85.48384094238281,502.0508728027344
2024-07-15,90.09011840820312,75.81957244873047,223.8300018310547,84.50106048583984,503.5728759765625
2024-07-16,90.45765686035156,76.18527221679688,228.2899932861328,85.6931381225586,506.4317626953125
2024-07-17,90.52198028564453,75.78207397460938,227.22999572753906,85.71133422851562,499.35791015625
2024-07-18,90.27389526367188,75.03193664550781,225.77999877929688,85.0561294555664,495.60137939453125
2024-07-19,90.09011840820312,74.5724868774414,221.72999572753906,84.55563354492188,492.2937927246094
2024-07-22,90.05337524414062,75.3601303100586,221.8000030517578,84.30994415283203,497.406494140625
2024-07-23,90.04418182373047,74.93817138671875,222.5800018310547,84.19165802001953,496.5771484375
2024-07-24,89.7685317993164,73.99114227294922,221.8000030517578,83.2816390991211,485.2101135253906
2024-07-25,90.01660919189453,73.52230834960938,218.3300018310547,83.96416473388672,482.7610778808594
2024-07-26,90.3382339477539,74.45996856689453,220.6300048828125,84.61934661865234,488.1763000488281
2024-07-29,90.48522186279297,74.13177490234375,220.32000732421875,85.07435607910156,488.5373229980469
2024-07-30,90.57711029052734,74.3005599975586,222.52000427246094,85.4019546508789,485.98095703125
2024-07-31,91.06407165527344,75.35074615478516,226.5500030517578,86.27552795410156,493.6402282714844
2024-08-01,91.44564819335938,73.35352325439453,225.77000427246094,87.01961517333984,486.9078063964844
2024-08-02,92.46867370605469,72.20020294189453,225.33999633789062,89.73128509521484,478.0094299316406
2024-08-05,92.39493560791016,70.62492370605469,222.47999572753906,90.20606231689453,463.6567077636719
2024-08-06,91.84195709228516,70.7468032836914,220.6999969482422,88.18828582763672,468.2816162109375
2024-08-07,91.56543731689453,71.08436584472656,220.5500030517578,87.56745910644531,465.032470703125
2024-08-08,91.42724609375,72.27520751953125,224.00999450683594,87.02876281738281,475.88232421875
2024-08-09,91.74978637695312,72.55650329589844,224.55999755859375,87.88699340820312,477.9216003417969
2024-08-12,91.9064712524414,72.4908676147461,228.41000366210938,88.20655059814453,478.1654968261719
2024-08-13,92.27513885498047,73.73796081542969,228.05999755859375,88.81826782226562,486.1078186035156
2024-08-14,92.44102478027344,74.0098876953125,226.1999969482422,89.37520599365234,487.65911865234375
2024-08-15,92.05392456054688,74.91004943847656,226.91000366210938,88.65392303466797,496.0307312011719
2024-08-16,92.27513885498047,75.3226089477539,231.99000549316406,88.96437072753906,497.0747375488281
2024-08-19,92.37651062011719,76.24152374267578,231.61000061035156,89.37520599365234,501.8556213378906
2024-08-20,92.65299224853516,76.00711059570312,232.4600067138672,90.08737182617188,501.0263671875
2024-08-21,92.8281021118164,76.71035766601562,232.14999389648438,90.14213562011719,502.7826232910156
2024-08-22,92.45022583007812,76.26028442382812,229.3699951171875,89.24738311767578,498.7138977050781
2024-08-23,92.87418365478516,77.65739440917969,232.02000427246094,89.83171081542969,504.1095886230469
2024-08-26,92.7912368774414,77.31047058105469,232.75999450683594,89.60346221923828,502.8704528808594
2024-08-27,92.81889343261719,77.66677856445312,233.38999938964844,89.44824981689453,503.5436096191406
2024-08-28,92.73595428466797,77.39485168457031,231.75,89.33867645263672,500.66534423828125
2024-08-29,92.61612701416016,77.68553161621094,232.9499969482422,89.0465087890625,500.743408203125
2024-08-30,92.39493560791016,77.80743408203125,231.2899932861328,88.09698486328125,505.45599365234375
2024-09-03,92.78507995605469,76.57908630371094,230.2899932861328,89.53782653808594,495.2306213378906
2024-09-04,93.19189453125,76.24152374267578,230.42999267578125,90.69197845458984,494.00128173828125
2024-09-05,93.43223571777344,76.26028442382812,232.35000610351562,91.20494079589844,492.7816162109375
2024-09-06,93.55244445800781,74.82565307617188,230.6300048828125,91.19576263427734,484.575927734375
2024-09-09,93.6911392211914,75.5757827758789,231.60000610351562,91.58965301513672,490.0301513671875
2024-09-10,93.97771453857422,75.20072174072266,232.6199951171875,92.23084259033203,492.0498046875
2024-09-11,93.94998931884766,75.65080261230469,232.25,92.15754699707031,497.08447265625
2024-09-12,93.86677551269531,76.26966094970703,236.3300018310547,91.72705078125,501.358154296875
2024-09-13,94.06092834472656,76.44781494140625,238.67999267578125,91.97438049316406,504.021728515625
2024-09-16,94.28282165527344,77.0666732788086,238.66000366210938,92.81708526611328,504.7828369140625
2024-09-17,94.19034576416016,76.63534545898438,237.33999633789062,92.36822509765625,505.01702880859375
2024-09-18,93.89451599121094,76.39155578613281,235.50999450683594,91.22325134277344,503.3777160644531
2024-09-19,93.90375518798828,77.90119171142578,239.1699981689453,90.92095947265625,512.1591796875
2024-09-20,93.82054138183594,77.13230895996094,242.2100067138672,90.57290649414062,511.15423583984375
2024-09-23,93.7835693359375,77.42298889160156,242.67999267578125,90.38056182861328,512.412841796875
2024-09-24,93.91300201416016,77.88243865966797,246.07000732421875,90.36222839355469,513.8861694335938
2024-09-25,93.55244445800781,77.46048736572266,245.72999572753906,89.61111450195312,512.8421020507812
2024-09-26,93.57091522216797,79.16704559326172,246.97999572753906,89.82178497314453,514.8814086914062
2024-09-27,93.83903503417969,78.68882751464844,245.02000427246094,90.28894805908203,514.2149047851562
2024-09-30,93.62638854980469,78.41690063476562,243.05999755859375,89.85841369628906,516.4562377929688
2024-10-01,93.87400817871094,77.83556365966797,245.61000061035156,90.50721740722656,511.6309814453125
2024-10-02,93.67925262451172,77.6761474609375,245.66000366210938,89.7444839477539,511.71905517578125
2024-10-03,93.29903411865234,76.95416259765625,245.49000549316406,88.89906311035156,510.75018310546875
2024-10-04,92.69627380371094,77.40422821044922,245.0,87.80550384521484,515.4580078125
2024-10-07,92.38098907470703,76.97290802001953,244.1699981689453,87.14385986328125,510.818603515625
2024-10-08,92.53863525390625,76.85100555419922,242.3699951171875,87.29090881347656,515.6536254882812
2024-10-09,92.29752349853516,76.86975860595703,241.0500030517578,86.79464721679688,519.1771240234375
2024-10-10,92.24188232421875,76.77599334716797,242.82000732421875,86.45465087890625,518.30615234375
2024-10-11,92.26969146728516,77.16981506347656,245.47000122070312,86.10542297363281,521.38916015625
2024-10-14,92.18624877929688,77.39485168457031,245.07000732421875,86.1697769165039,525.656494140625
2024-10-15,92.55717468261719,76.11024475097656,245.9199981689453,87.21736145019531,521.6533813476562
2024-10-16,92.67774963378906,76.30715942382812,247.14999389648438,87.5849380493164,523.845703125
2024-10-17,92.22334289550781,76.31654357910156,248.6300048828125,86.19732666015625,523.9240112304688
2024-10-18,92.28823852539062,76.83226013183594,251.27000427246094,86.2616958618164,525.9402465820312
2024-10-21,91.64839172363281,75.9227294921875,251.22000122070312,84.75459289550781,525.1279296875
2024-10-22,91.66694641113281,75.49140167236328,253.92999267578125,84.83729553222656,524.7658081054688
2024-10-23,91.43510437011719,74.73188781738281,250.8699951171875,84.60758209228516,519.979736328125
2024-10-24,91.61129760742188,75.15383911132812,252.8000030517578,85.14974975585938,521.1542358398438
2024-10-25,91.42581939697266,74.90066528320312,253.32000732421875,84.671875,520.9486694335938
2024-10-28,91.2774658203125,75.50077056884766,253.3300018310547,84.442138671875,522.5733032226562
2024-10-29,91.37946319580078,75.22885131835938,256.0899963378906,84.57080841064453,523.4053955078125
2024-10-30,91.28673553466797,74.74126434326172,257.5,84.8189468383789,521.8294677734375
2024-10-31,91.26818084716797,74.28180694580078,253.50999450683594,84.9567642211914,511.5625
2024-11-01,90.9053726196289,74.43183135986328,252.47000122070312,83.75902557373047,513.7842407226562
2024-11-04,91.2867660522461,74.48810577392578,252.8300018310547,85.05912017822266,512.6685180664062
2024-11-05,91.5007553100586,75.22885131835938,253.39999389648438,85.51090240478516,518.8345336914062
2024-11-06,90.78445434570312,74.14115905761719,245.6999969482422,83.16890716552734,531.7540283203125
2024-11-07,91.47283172607422,75.266357421875,249.64999389648438,84.2108383178711,535.8942260742188
2024-11-08,91.63099670410156,74.22555541992188,247.9600067138672,85.28038787841797,538.2627563476562
2024-11-11,91.42632293701172,74.24430084228516,242.13999938964844,84.86549377441406,538.7032470703125
2024-11-12,90.89607238769531,72.86593627929688,240.0500030517578,83.59305572509766,537.0883178710938
2024-11-13,90.8774642944336,72.43461608886719,237.6300048828125,82.80007934570312,537.3623046875
2024-11-14,90.84027099609375,72.58463287353516,237.00999450683594,83.27955627441406,533.9464111328125
2024-11-15,90.84954833984375,72.32208251953125,236.58999633789062,83.05827331542969,527.0560913085938
2024-11-18,90.93328094482422,72.7159194946289,241.08999633789062,83.20578002929688,529.2387084960938
2024-11-19,91.06353759765625,72.62213897705078,243.25,83.62993621826172,531.1668090820312
2024-11-20,90.97050476074219,72.42523193359375,244.6199951171875,83.36251831054688,531.3626098632812
2024-11-21,90.92398834228516,72.44400024414062,246.66000366210938,83.29800415039062,534.04443359375
2024-11-22,90.98909759521484,72.72528076171875,249.83999633789062,83.3440933227539,535.8353881835938
2024-11-25,91.80773162841797,73.10034942626953,242.47999572753906,85.5016860961914,537.5579833984375
2024-11-26,91.66819763183594,72.67839813232422,242.9499969482422,85.16974639892578,540.5725708007812
2024-11-27,91.91935729980469,73.07222747802734,243.49000549316406,85.75987243652344,538.8499755859375
2024-11-29,92.28218078613281,74.04739379882812,245.58999633789062,86.6450424194336,541.6882934570312
2024-12-02,92.2933578491211,74.2536849975586,243.44000244140625,86.85322570800781,543.2152709960938
2024-12-03,92.11605072021484,74.67562866210938,243.92999267578125,86.10375213623047,543.3424682617188
2024-12-04,92.41468811035156,74.73188781738281,244.6699981689453,87.02900695800781,546.7681274414062
2024-12-05,92.43335723876953,75.09757232666016,242.86000061035156,87.2048110961914,545.8577880859375
2024-12-06,92.69464874267578,75.08820343017578,242.9499969482422,87.33435821533203,546.9442749023438
2024-12-09,92.42401885986328,75.04132080078125,245.36000061035156,86.52938842773438,544.0960693359375
2024-12-10,92.31204986572266,74.36619567871094,248.58999633789062,86.12224578857422,542.5496826171875
2024-12-11,92.0973892211914,74.83502960205078,250.9600067138672,85.30805206298828,546.660400390625
2024-12-12,91.72412109375,74.17866516113281,247.27999877929688,84.27177429199219,543.8416748046875
2024-12-13,91.37883758544922,73.97238159179688,244.2899932861328,83.4112777709961,543.8024291992188
2024-12-16,91.46282196044922,73.72858428955078,244.8800048828125,83.66109466552734,545.9360961914062
2024-12-17,91.46282196044922,73.61167907714844,243.94000244140625,83.86465454101562,543.6458129882812
2024-12-18,90.76627349853516,71.80584716796875,239.25999450683594,82.81597137451172,527.682373046875
2024-12-19,90.53221893310547,71.5777359008789,239.60000610351562,81.56204223632812,527.4866943359375
2024-12-20,90.77564239501953,71.37814331054688,242.10000610351562,82.0264663696289,533.4570922851562
2024-12-23,90.4947738647461,71.84386444091797,240.9600067138672,81.27412414550781,537.275634765625
2024-12-24,90.5977554321289,72.10047912597656,241.44000244140625,81.6177749633789,542.8035888671875
2024-12-26,90.66329956054688,72.44264221191406,243.07000732421875,81.57134246826172,542.7938232421875
2024-12-27,90.47604370117188,72.33809661865234,241.39999389648438,80.90255737304688,537.1676025390625
2024-12-30,90.83182525634766,71.86287689208984,240.6300048828125,81.55278015136719,531.18798828125
2024-12-31,90.71946716308594,71.86287689208984,242.1300048828125,81.11620330810547,529.0474243164062
2025-01-02,90.72882843017578,71.61576080322266,245.4199981689453,81.33911895751953,527.721923828125
2025-01-03,90.63520812988281,71.92940521240234,243.49000549316406,81.07905578613281,534.5361938476562
2025-01-06,90.54157257080078,72.61372375488281,243.19000244140625,80.716796875,537.6488037109375
2025-01-07,90.2232666015625,72.55668640136719,244.55999755859375,79.80652618408203,531.6004028320312
2025-01-08,90.32625579833984,72.44264221191406,245.86000061035156,79.90869903564453,532.317138671875
2025-01-10,89.82069396972656,71.34012603759766,248.2100067138672,79.3792495727539,524.2166137695312
2025-01-13,89.73643493652344,71.14053344726562,245.74000549316406,79.35139465332031,524.8941040039062
2025-01-14,89.76453399658203,71.39715576171875,247.02999877929688,79.22135925292969,525.561767578125
2025-01-15,90.54157257080078,72.30957794189453,248.8800048828125,80.58677673339844,535.1743774414062
2025-01-16,90.73819732666016,72.68025207519531,250.60000610351562,80.84684753417969,534.3790893554688
2025-01-17,90.73819732666016,72.97488403320312,249.27000427246094,80.98616790771484,539.5045166015625
2025-01-21,91.03778839111328,74.44806671142578,253.1300048828125,81.71066284179688,544.4139404296875
2025-01-22,90.82244873046875,74.2770004272461,254.42999267578125,81.28339385986328,547.5067749023438
2025-01-23,90.67266845703125,74.8852767944336,254.07000732421875,80.65177917480469,550.5408325195312
2025-01-24,90.82244873046875,75.30347442626953,255.64999389648438,81.01402282714844,548.8814697265625
2025-01-27,91.32799530029297,75.30347442626953,252.99000549316406,81.97074127197266,541.2423706054688
2025-01-28,91.2999038696289,75.20841979980469,255.17999267578125,81.9150161743164,545.7786865234375
2025-01-29,91.24373626708984,75.19892120361328,254.1999969482422,81.7478256225586,543.3828125
2025-01-30,91.37480926513672,76.02580261230469,258.04998779296875,82.0543441772461,546.2205200195312
2025-01-31,91.18756103515625,75.31297302246094,258.55999755859375,81.515625,543.3043823242188
2025-02-03,91.27399444580078,74.42906188964844,259.94000244140625,82.1793212890625,539.7401123046875
2025-02-04,91.44306182861328,75.29396057128906,262.5,82.43099212646484,543.323974609375
2025-02-05,91.93152618408203,76.02580261230469,264.1300048828125,83.79193878173828,545.5528564453125
2025-02-06,91.83757781982422,76.38697814941406,263.42999267578125,83.75465393066406,547.5167236328125
2025-02-07,91.54638671875,75.66463470458984,263.8999938964844,83.21400451660156,542.1948852539062
2025-02-10,91.5745620727539,76.1778793334961,268.3699951171875,82.96232604980469,546.0733642578125
2025-02-11,91.367919921875,76.5390396118164,267.3900146484375,82.43099212646484,546.564208984375
2025-02-12,90.88887023925781,76.82417297363281,267.6700134277344,81.3124008178711,544.757568359375
2025-02-13,91.43366241455078,77.75560760498047,270.30999755859375,82.66404724121094,550.5113525390625
2025-02-14,91.77182006835938,77.86965942382812,266.2900085449219,83.10213470458984,550.531005859375
2025-02-18,91.40547943115234,78.430419921875,270.70001220703125,82.12338256835938,552.1217041015625
2025-02-19,91.53699493408203,77.62254333496094,270.8500061035156,82.22591400146484,553.4569091796875
2025-02-20,91.67790222167969,77.98371124267578,270.989990234375,82.53353118896484,551.1299438476562
2025-02-21,92.07241821289062,77.49899291992188,270.739990234375,83.53093719482422,541.7530517578125
2025-02-24,92.23210906982422,77.45146179199219,272.2099914550781,83.77330017089844,539.1903686523438
2025-02-25,92.80509948730469,78.15479278564453,268.6199951171875,85.21814727783203,536.5097045898438
2025-02-26,92.95538330078125,78.25933837890625,269.0299987792969,85.72150421142578,536.8435668945312
2025-02-27,92.81448364257812,77.37542724609375,264.92999267578125,85.1156234741211,528.22265625
2025-02-28,93.2278060913086,77.5370101928711,263.2699890136719,86.1596450805664,536.4312133789062
2025-03-03,93.4294204711914,78.39240264892578,266.739990234375,86.56172180175781,527.1917114257812
2025-03-04,93.19386291503906,78.3733901977539,269.05999755859375,85.4957046508789,520.8389282226562
2025-03-05,92.87349700927734,80.24576568603516,269.6199951171875,84.8130874633789,526.68115234375
2025-03-06,92.77928161621094,79.41887664794922,268.25,84.53257751464844,517.12744140625
2025-03-07,92.66622161865234,80.24576568603516,268.3900146484375,84.26139831542969,519.9158935546875
2025-03-10,93.10906219482422,78.35438537597656,266.0400085449219,85.14038848876953,506.1696472167969
2025-03-11,92.77928161621094,78.08826446533203,269.1600036621094,84.53257751464844,502.0162353515625
2025-03-12,92.50605010986328,78.6490249633789,270.3299865722656,84.02762603759766,504.45135498046875
2025-03-13,92.7887191772461,78.12627410888672,275.1300048828125,84.7663345336914,497.8628845214844
2025-03-14,92.60026550292969,79.56143951416016,275.239990234375,84.31748962402344,508.0843505859375
2025-03-17,92.72274780273438,80.45486450195312,276.7300109863281,84.7383041381836,511.962646484375
2025-03-18,92.81697845458984,80.44535827636719,279.9599914550781,84.82244873046875,506.5622863769531
2025-03-19,93.0902328491211,80.68296813964844,281.1099853515625,85.26194763183594,511.8841247558594
2025-03-20,93.14674377441406,80.00814819335938,280.75,85.31803894042969,510.7059631347656
2025-03-21,93.03368377685547,79.51392364501953,278.489990234375,84.8130874633789,510.8335876464844
2025-03-24,92.6756591796875,79.5044174194336,277.25,83.94346618652344,519.798095703125
2025-03-25,92.76045227050781,79.94161987304688,278.4700012207031,83.9341049194336,521.035400390625
2025-03-26,92.53430938720703,78.9056396484375,278.239990234375,83.38239288330078,514.9574584960938
2025-03-27,92.48722076416016,79.07672119140625,281.9700012207031,83.1392822265625,513.5406494140625
2025-03-28,93.02426147460938,78.3733901977539,284.05999755859375,84.28943634033203,503.2837829589844
2025-03-31,93.20330047607422,77.67957305908203,288.1400146484375,85.12167358398438,506.3480224609375
2025-04-01,93.54834747314453,77.79362487792969,287.57000732421875,85.85930633544922,508.21014404296875
2025-04-02,93.4443359375,77.97420501708984,288.1600036621094,85.80300903320312,511.2744140625
2025-04-03,93.93590545654297,76.33944702148438,286.4200134277344,86.19713592529297,486.888671875
2025-04-04,94.02098083496094,71.30210876464844,279.7200012207031,87.13561248779297,458.6700744628906
2025-04-07,92.82988739013672,69.5818099975586,273.7099914550781,84.5079345703125,456.7388916015625
2025-04-08,92.34777069091797,69.34420013427734,275.20001220703125,82.91255187988281,450.01922607421875
2025-04-09,92.55574035644531,74.69517517089844,285.3800048828125,83.40055084228516,491.7559509277344
2025-04-10,91.8278579711914,73.22200775146484,292.3500061035156,81.10133361816406,474.9667053222656
2025-04-11,91.73332214355469,75.05635833740234,297.92999267578125,81.54241180419922,483.3317565917969
2025-04-14,92.27214813232422,75.8642349243164,296.2300109863281,82.1242446899414,488.189208984375
2025-04-15,92.46122741699219,76.54854583740234,297.7799987792969,82.41519165039062,486.8196716308594
2025-04-16,92.75425720214844,76.25390625,307.4700012207031,82.8750228881836,476.1195068359375
2025-04-17,92.51795196533203,77.0807876586914,306.1199951171875,82.14301300048828,476.77960205078125
2025-04-21,91.96022033691406,76.66261291503906,315.5899963378906,80.7071762084961,465.41925048828125
2025-04-22,92.13033294677734,78.24983978271484,311.1099853515625,81.15764617919922,477.16387939453125
2025-04-23,92.35720825195312,78.56349182128906,303.6499938964844,81.94596099853516,484.82940673828125
2025-04-24,92.86770629882812,79.60896301269531,308.07000732421875,82.80934143066406,495.0172424316406
2025-04-25,93.2080078125,79.95113372802734,304.7300109863281,83.41931915283203,498.66278076171875
2025-04-28,93.46324157714844,80.4833755493164,309.07000732421875,83.9448471069336,498.9682312011719
2025-04-29,93.69013214111328,80.64494323730469,306.05999755859375,84.64868927001953,501.9930419921875
2025-04-30,93.60503387451172,80.5499038696289,303.7699890136719,83.96363067626953,502.2393493652344
2025-05-01,93.34993743896484,80.29328918457031,297.4599914550781,83.53788757324219,505.7962646484375
2025-05-02,92.89470672607422,81.83300018310547,297.9800109863281,82.63365173339844,513.0479736328125
2025-05-05,92.73348999023438,81.9755630493164,306.8800048828125,82.17210388183594,510.3679504394531
2025-05-06,92.9610824584961,81.87101745605469,315.4800109863281,82.44525146484375,506.02288818359375
2025-05-07,93.10336303710938,81.59538269042969,310.75,82.79377746582031,508.30877685546875
2025-05-08,92.61967468261719,81.31026458740234,304.6300048828125,81.87068939208984,511.6981506347656
2025-05-09,92.71451568603516,81.70944213867188,306.8399963378906,81.9931640625,511.0182800292969
2025-05-12,92.40153503417969,82.12763977050781,298.19000244140625,81.2302017211914,528.0341186523438
2025-05-13,92.30671691894531,82.232177734375,299.4599914550781,80.90052795410156,531.5023193359375
2025-05-14,92.04114532470703,81.83300018310547,293.1600036621094,80.3636474609375,532.1625366210938
2025-05-15,92.56275939941406,82.7264175415039,297.8399963378906,81.07007598876953,534.7734985351562
2025-05-16,92.61967468261719,82.91650390625,294.239990234375,81.28672790527344,538.2219848632812
2025-05-19,92.59121704101562,83.70537567138672,298.0299987792969,81.05123901367188,538.7737426757812
2025-05-20,92.42996978759766,84.10455322265625,303.5799865722656,80.4672622680664,536.8623657226562
2025-05-21,91.82303619384766,83.6103286743164,305.82000732421875,79.09207153320312,527.8863525390625
2025-05-22,92.08856201171875,83.56280517578125,303.1099853515625,79.50653076171875,528.1326904296875
2025-05-23,92.2213363647461,83.67686462402344,309.75,79.63837432861328,524.5659790039062
2025-05-27,92.63865661621094,84.89341735839844,304.5,80.74983215332031,535.3450317382812
2025-05-28,92.46794128417969,83.91445922851562,303.80999755859375,80.40131378173828,532.2905883789062
2025-05-29,92.80934143066406,84.28514099121094,305.6099853515625,81.14543151855469,534.3399658203125
2025-05-30,93.0369644165039,84.40869140625,303.6000061035156,81.26789093017578,533.7882690429688
2025-06-02,92.79241943359375,85.3116226196289,311.6700134277344,80.51155853271484,536.8917846679688
2025-06-03,92.72581481933594,84.66531372070312,308.9100036621094,80.36974334716797,539.9364013671875
2025-06-04,93.27770233154297,85.04550170898438,310.8999938964844,81.6744155883789,539.5916137695312
2025-06-05,93.03982543945312,84.98845672607422,309.3299865722656,81.73112487792969,537.0692749023438
2025-06-06,92.56404876708984,85.29261016845703,305.17999267578125,80.69117736816406,542.5572509765625
2025-06-09,92.67823028564453,85.28311157226562,306.6199951171875,80.77627563476562,543.1385498046875
2025-06-10,92.88756561279297,85.39715576171875,306.7099914550781,81.19223022460938,546.2323608398438
2025-06-11,93.20157623291016,85.25457763671875,308.3699951171875,81.43805694580078,544.724853515625
2025-06-12,93.54412841796875,85.91039276123047,312.20001220703125,82.41181945800781,546.7841796875
2025-06-13,93.21109008789062,84.8078842163086,316.2900085449219,81.61769104003906,540.6951293945312
2025-06-16,93.02079010009766,85.1259994506836,311.7799987792969,80.79517364501953,545.9171142578125
2025-06-17,93.30623626708984,84.08174133300781,311.94000244140625,81.7784194946289,541.2665405273438
2025-06-18,93.37285614013672,84.22677612304688,310.260009765625,81.92021942138672,541.158203125
2025-06-20,93.4584732055664,83.47259521484375,310.1300048828125,81.76895904541016,539.6605224609375
2025-06-23,93.6487808227539,84.10108184814453,311.0799865722656,82.03366088867188,545.2175903320312
2025-06-24,94.02941131591797,85.1259994506836,306.19000244140625,82.6292953491211,551.2080688476562
2025-06-25,94.01988220214844,84.66188049316406,307.1199951171875,82.7332763671875,551.4839477539062
2025-06-26,94.27680206298828,85.60944366455078,306.7799987792969,83.14926147460938,555.8487548828125
2025-06-27,94.01038360595703,86.3829574584961,301.2200012207031,82.61982727050781,558.6076049804688
2025-06-30,94.39096069335938,86.43130493164062,304.8299865722656,83.43286895751953,561.3995971679688
2025-07-01,94.30411529541016,86.2862777709961,307.54998779296875,83.63973999023438,561.142578125
2025-07-02,94.18955993652344,86.53767395019531,309.25,83.10835266113281,563.6331787109375
2025-07-03,93.99862670898438,86.5570068359375,307.1400146484375,82.52949523925781,568.505615234375
2025-07-07,93.6645278930664,85.61911010742188,307.3699951171875,81.74186706542969,563.949462890625
2025-07-08,93.62635803222656,86.24759674072266,304.1600036621094,81.63746643066406,563.5738525390625
2025-07-09,94.01773834228516,86.89542388916016,305.5199890136719,82.49153900146484,566.9144287109375
2025-07-10,93.98908996582031,86.83740997314453,306.20001220703125,82.54846954345703,568.5748901367188
2025-07-11,93.59771728515625,86.00587463378906,309.1400146484375,81.40972900390625,566.529052734375
2025-07-14,93.58816528320312,86.00587463378906,308.010009765625,81.23892211914062,567.6458129882812
2025-07-15,93.31132507324219,85.10665893554688,306.7300109863281,80.66957092285156,565.1848754882812
2025-07-16,93.4449691772461,85.45474243164062,308.260009765625,80.78343200683594,567.0429077148438
2025-07-17,93.483154296875,85.67713165283203,307.5899963378906,80.76445770263672,570.4427490234375
2025-07-18,93.65498352050781,85.4354019165039,308.3900146484375,80.88782501220703,570.185791015625
2025-07-21,93.9127197265625,85.88984680175781,313.1300048828125,81.6090087890625,571.203857421875
2025-07-22,94.09408569335938,86.3636245727539,316.1000061035156,82.10246276855469,571.203857421875
2025-07-23,93.88409423828125,88.51014709472656,312.17999267578125,81.64697265625,576.0565185546875
2025-07-24,93.82682037353516,87.8526611328125,310.2699890136719,81.50463104248047,576.4518432617188
2025-07-25,93.97953796386719,87.74629211425781,307.3999938964844,82.01707458496094,578.7447509765625
2025-07-28,93.85543823242188,86.3346176147461,305.4100036621094,81.48564910888672,578.6064453125
2025-07-29,94.36138153076172,86.16057586669922,306.25,82.86162567138672,577.1041259765625
2025-07-30,94.09408569335938,85.54176330566406,300.9599914550781,82.4345932006836,576.4024047851562
2025-07-31,94.14183807373047,84.62320709228516,302.9599914550781,82.4820556640625,574.2379760742188
2025-08-01,94.95594787597656,84.40081787109375,309.1099853515625,83.65464782714844,564.7796630859375
2025-08-04,95.03258514404297,85.52242279052734,310.9100036621094,83.88327026367188,573.3682250976562
2025-08-05,95.06132507324219,85.51275634765625,311.1600036621094,84.14045715332031,570.6107788085938
2025-08-06,95.02299499511719,86.07355499267578,310.5,83.65464782714844,574.8507080078125
2025-08-07,94.94637298583984,86.84707641601562,313.1199951171875,83.51176452636719,574.5048217773438
2025-08-08,94.764404296875,87.37887573242188,313.04998779296875,83.1498031616211,578.9028930664062
2025-08-11,94.8314437866211,87.01144409179688,308.54998779296875,83.24504089355469,577.7168579101562
2025-08-12,94.8314437866211,88.07503509521484,308.2699890136719,82.82591247558594,583.884033203125
2025-08-13,95.17626953125,88.6068344116211,309.2099914550781,83.51176452636719,585.9199829101562
2025-08-14,94.90807342529297,88.61650848388672,307.25,82.89259338378906,585.9298095703125
2025-08-15,94.764404296875,89.13863372802734,307.42999267578125,82.302001953125,584.6648559570312
2025-08-18,94.65904998779297,89.04193878173828,306.95001220703125,82.06385803222656,584.4572143554688
2025-08-19,94.84100341796875,89.0516128540039,305.2699890136719,82.5401611328125,581.2649536132812
2025-08-20,94.89849090576172,89.37068939208984,308.3599853515625,82.72112274169922,579.7330932617188
2025-08-21,94.67819213867188,88.80988311767578,307.2900085449219,82.3115234375,577.4500732421875
2025-08-22,95.20497131347656,90.14421844482422,310.5799865722656,82.92118072509766,586.2857055664062
2025-08-25,95.06132507324219,88.95492553710938,309.8299865722656,82.68302154541016,583.8049926757812
2025-08-26,95.17626953125,88.85823059082031,312.0799865722656,82.63539123535156,586.1373901367188
2025-08-27,95.27204132080078,88.6455078125,312.7099914550781,82.5401611328125,587.4815673828125
2025-08-28,95.38695526123047,88.97425842285156,315.0299987792969,83.08311462402344,589.5570678710938
2025-08-29,95.26245880126953,88.45214080810547,318.07000732421875,82.49251556396484,586.1571655273438
2025-09-02,95.00972747802734,87.58192443847656,325.5899963378906,81.8786392211914,581.8382568359375
2025-09-03,95.35566711425781,87.71729278564453,328.1400146484375,82.77747344970703,584.81298828125
2025-09-04,95.74003601074219,88.35543823242188,326.69000244140625,83.40856170654297,589.6262817382812
2025-09-05,96.19168853759766,88.75187683105469,331.04998779296875,84.68029022216797,588.0152587890625
2025-09-08,96.51841735839844,89.64141845703125,334.82000732421875,85.80857849121094,589.5372924804688
2025-09-09,96.32622528076172,89.34168243408203,334.05999755859375,85.32093811035156,590.9703979492188
2025-09-10,96.51841735839844,89.32234191894531,335.260009765625,85.80857849121094,592.6801147460938
2025-09-11,96.70100402832031,90.26990509033203,334.760009765625,86.38228607177734,597.5131225585938
2025-09-12,96.61450958251953,89.91215515136719,335.4200134277344,86.0093765258789,597.3846435546875
2025-09-15,96.77787017822266,90.51163482666016,338.9100036621094,86.21018981933594,600.4978637695312
2025-09-16,96.81633758544922,90.26023864746094,339.5899963378906,86.3918685913086,599.7071533203125
2025-09-17,96.64334106445312,89.92182159423828,336.9700012207031,86.17193603515625,599.015380859375
2025-09-18,96.37428283691406,90.26990509033203,335.6199951171875,85.28266906738281,601.8320922851562
2025-09-19,96.37428283691406,89.92182159423828,339.17999267578125,85.12012481689453,604.6389770507812
2025-09-22,96.25895690917969,90.21189880371094,345.04998779296875,84.81414794921875,607.5841674804688
2025-09-23,96.4127197265625,90.03785705566406,346.4599914550781,85.406982421875,604.4016723632812
2025-09-24,96.23014068603516,89.51573181152344,343.32000732421875,85.0818862915039,602.385498046875
2025-09-25,96.0956039428711,88.8775634765625,344.75,85.0818862915039,599.509521484375
2025-09-26,96.16287231445312,89.56407165527344,346.739990234375,85.0053939819336,603.0377807617188
2025-09-29,96.34544372558594,89.91215515136719,352.4599914550781,85.70341491699219,604.7327270507812
2025-09-30,96.33583068847656,90.27957916259766,355.4700012207031,85.45480346679688,606.9627685546875
2025-10-01,96.5816879272461,91.02409362792969,356.0299987792969,85.67549896240234,609.1334228515625
2025-10-02,96.68772888183594,91.16912841796875,354.7900085449219,85.92495727539062,609.807373046875
2025-10-03,96.5816879272461,91.93297576904297,357.6400146484375,85.76184844970703,609.8569946289062
2025-10-06,96.36956787109375,92.14569854736328,364.3800048828125,85.0805892944336,611.9384155273438
2025-10-07,96.53346252441406,91.34317016601562,366.260009765625,85.56993865966797,609.7578735351562
2025-10-08,96.54312896728516,91.61389923095703,372.29998779296875,85.6371078491211,613.2962646484375
2025-10-09,96.42740631103516,90.85972595214844,365.42999267578125,85.56993865966797,611.6410522460938
2025-10-10,96.82269287109375,89.18697357177734,369.1199951171875,86.95165252685547,595.1978149414062
2025-10-13,97.00587463378906,89.9024887084961,378.0899963378906,86.9036636352539,604.21728515625
2025-10-14,97.1601333618164,90.30859375,380.7900085449219,87.18193817138672,603.364990234375
2025-10-15,97.1215591430664,90.74369049072266,387.3900146484375,86.99002838134766,606.0211791992188
2025-10-16,97.46863555908203,91.21746826171875,396.45001220703125,87.64251708984375,602.0169677734375
2025-10-17,97.33366394042969,91.38184356689453,388.989990234375,87.50816345214844,605.3571166992188
2025-10-20,97.49755859375,92.13602447509766,403.1499938964844,87.84400939941406,611.7103881835938
2025-10-21,97.59396362304688,91.45919799804688,377.239990234375,88.27577209472656,611.6311645507812
2025-10-22,97.58431243896484,91.3238296508789,377.2799987792969,88.33335876464844,608.5386962890625
2025-10-23,97.41078186035156,91.749267578125,378.7900085449219,87.7288589477539,611.97802734375
2025-10-24,97.50719451904297,91.89430236816406,377.5199890136719,87.76725006103516,617.0428466796875
2025-10-27,97.5746841430664,92.53245544433594,367.010009765625,88.064697265625,624.4268798828125
2025-10-28,97.63252258300781,92.49378204345703,364.3800048828125,88.29498291015625,626.1019897460938
2025-10-29,97.1697769165039,91.97166442871094,363.0,87.40262603759766,626.3596801757812
2025-10-30,96.98660278320312,91.5655517578125,370.1300048828125,86.89408111572266,619.708984375
2025-10-31,96.92874908447266,91.36250305175781,368.1199951171875,86.63500213623047,621.4931030273438
2025-11-03,96.80978393554688,91.40118408203125,368.7799987792969,86.4183349609375,622.7122802734375
2025-11-04,96.858154296875,90.46328735351562,362.32000732421875,86.61093139648438,615.4966430664062
2025-11-05,96.59699249267578,91.0434341430664,366.510009765625,85.66722106933594,617.3500366210938
2025-11-06,96.9548568725586,90.84037780761719,366.07000732421875,86.4375991821289,610.7886352539062
2025-11-07,96.9161605834961,91.17880249023438,368.30999755859375,86.25462341308594,611.432861328125
2025-11-10,96.87747955322266,92.13602447509766,378.3800048828125,86.23536682128906,620.9281005859375
2025-11-11,97.16765594482422,92.81285858154297,379.8699951171875,86.63020324707031,622.3554077148438
2025-11-12,97.12896728515625,93.3639907836914,385.989990234375,86.7842788696289,622.66259765625
2025-11-13,96.83880615234375,92.36808013916016,382.8699951171875,86.07166290283203,612.5231323242188
2025-11-14,96.72274017333984,92.10702514648438,375.9599914550781,85.5805435180664,612.3646240234375
2025-11-17,96.74205780029297,90.90806579589844,371.6499938964844,85.7923812866211,606.6257934570312
2025-11-18,96.80010986328125,89.72844696044922,374.3500061035156,85.76351165771484,601.6304321289062
2025-11-19,96.80010986328125,89.45770263671875,374.9599914550781,85.59017181396484,603.8109130859375
2025-11-20,96.9161605834961,88.22007751464844,374.8500061035156,85.92721557617188,594.6527099609375
2025-11-21,97.1483154296875,89.58341217041016,374.2699890136719,86.1872329711914,600.56982421875
2025-11-24,97.34175872802734,89.6607666015625,380.20001220703125,86.6783447265625,609.5001220703125
2025-11-25,97.49649810791016,90.73401641845703,380.0799865722656,86.89982604980469,615.1695556640625
2025-11-26,97.6512680053711,91.72993469238281,383.1199951171875,87.2850341796875,619.421630859375
2025-11-28,97.51585388183594,92.03934478759766,387.8800048828125,86.87093353271484,622.8510131835938
2025-12-01,97.09471130371094,91.58489227294922,389.75,85.78949737548828,619.986572265625
2025-12-02,97.22087097167969,91.89430236816406,387.239990234375,85.82815551757812,621.0372314453125
2025-12-03,97.40523529052734,92.3874282836914,386.8800048828125,86.06977081298828,623.2078247070312
2025-12-04,97.1723403930664,92.6388168334961,387.1300048828125,85.60588836669922,623.7330932617188
2025-12-05,97.06561279296875,92.6388168334961,386.44000244140625,85.20964813232422,624.9027099609375
2025-12-08,96.91036224365234,92.34874725341797,385.4200134277344,84.92938995361328,623.0491943359375
2025-12-09,96.8230209350586,92.22305297851562,387.3999938964844,85.01637268066406,622.5437622070312
2025-12-10,97.13352966308594,93.24796295166016,389.04998779296875,85.34494018554688,626.5678100585938
2025-12-11,97.15293884277344,93.7990951538086,393.239990234375,85.2289810180664,628.1041259765625
2025-12-12,96.85213470458984,93.30597686767578,395.44000244140625,84.40751647949219,621.3246459960938
2025-12-15,96.94916534423828,93.87644958496094,395.79998779296875,84.46549987792969,620.4226684570312
2025-12-16,97.13352966308594,93.44133758544922,395.8900146484375,84.92938995361328,618.6881713867188
2025-12-17,97.10442352294922,92.68333435058594,399.2900085449219,84.85209655761719,611.8888549804688
2025-12-18,97.34703063964844,93.3428955078125,398.57000732421875,85.25796508789062,616.5076293945312
2025-12-19,97.20484924316406,93.9729232788086,399.0199890136719,84.93975830078125,622.0084838867188
2025-12-22,97.16592407226562,94.20918273925781,408.2300109863281,84.75543212890625,625.9257202148438
2025-12-23,97.16592407226562,94.79000091552734,413.6400146484375,84.89124298095703,628.8479614257812
2025-12-24,97.3801040649414,94.90813446044922,411.92999267578125,85.40544128417969,630.9451904296875
2025-12-26,97.39958953857422,95.06563568115234,416.739990234375,85.12408447265625,631.0048828125
2025-12-29,97.51642608642578,94.7801513671875,398.6000061035156,85.44425201416016,628.7783203125
2025-12-30,97.47747039794922,94.93766021728516,398.8900146484375,85.24051666259766,627.9036254882812
