Date,AGG,EFA,GLD,TLT,VOO
2016-01-05,0.0004626757712523867,-0.0015578469871744423,0.00281458831856644,-0.0040424955089655755,0.0017892364110827018
2016-01-06,0.0037885682107582763,-0.016592649395955235,0.014337487598989632,0.013385415438954008,-0.012754319152807185
2016-01-07,-9.199708961146483e-05,-0.02100106876822742,0.014040676150811138,0.0017930102443497913,-0.02465717575919308
2016-01-08,0.002211003078819625,-0.01212361566939607,-0.0044375394222030354,0.004468385453595731,-0.010683123765023238
2016-01-11,-0.002857121872683119,0.004178323695695803,-0.008934594646018349,-0.011004098171920645,0.00011389235613747316
2016-01-12,0.0022125254253552305,0.004702653120572566,-0.0050729832368576954,0.014322065051910656,0.008261466492397156
2016-01-13,0.0022991021680616635,-0.015639360844803853,0.004882048039545079,0.009808736023165681,-0.024761586045667246
2016-01-14,-0.00036665271297224746,0.012748045837202298,-0.016367021706295802,-0.009404622615922467,0.01610216324486055
2016-01-15,0.0011938734599485751,-0.03686374887752397,0.01023674024483427,0.015466612821651595,-0.021663404515965146
2016-01-19,-0.0010104356058256007,0.009157979678980077,-0.0009612465570264486,-0.003105949183141369,0.0011031165821977593
2016-01-20,0.0008265207215694627,-0.02295891739924455,0.013279386437522704,0.010474163339232642,-0.011789990089415928
2016-01-21,-0.0013776932273648862,0.0073965219949960696,0.00113814976565955,-0.006811848180377878,0.004861302406926781
2016-01-22,0.0007343873646447297,0.029052479238449808,-0.004655791285644273,-0.0038215936097294036,0.020300838171361888
2016-01-25,-0.000551260960635498,-0.013490083834201529,0.010233193541102439,0.005409787444633969,-0.014939917923698505
2016-01-26,0.001286717706394931,0.017703229844498593,0.011341913483231932,0.00047632623591373576,0.013450246633126287
2016-01-27,0.00018361417161361554,-0.0064180749697022805,0.0037212948296183107,-0.00023797129583557532,-0.011418239617021155
2016-01-28,0.0008252324932931926,0.002938826220645897,-0.0107362419293496,0.0014268158322292938,0.005436843927006475
2016-01-29,0.002931023255052117,0.017455182854765296,0.0038408969118528882,0.008441284146122273,0.02500753865494562
2016-02-01,-0.001210890999469554,-0.0010820797440621172,0.010232704202856196,-0.00306644867788669,-0.0009001178499850974
2016-02-02,0.003024012379217421,-0.023552067053628084,0.00037006835108891606,0.018382113543250245,-0.018298321935234
2016-02-03,-9.209259931474747e-05,0.008279088243057562,0.010674654427775114,-0.008327960772389837,0.005832376333108
2016-02-04,0.0010066318571066984,0.001281807097366453,0.012009967818587527,0.0048339582671947465,0.0012538594034166822
2016-02-05,-0.0009145392577919785,-0.015490134155404865,0.015703135766193033,0.0011661043620662872,-0.018970352432185086
2016-02-08,0.0038343888207522593,-0.018758514164861403,0.013354185862515874,0.021290908808438237,-0.01384950221537617
2016-02-09,-9.108415451250079e-05,-0.011618409930708541,-0.002198672852432284,0.0010642961415544385,0.0002940583226158557
2016-02-10,0.0024572996627264835,-0.0011500115988041556,0.007717958411726099,0.008774174733132405,-0.0006476206216364263
2016-02-11,0.0006365049877655015,-0.014683268301753406,0.03940213823727399,0.006979384378214087,-0.01291524565243111
2016-02-12,-0.0027294241216951937,0.01736487426799357,-0.00589671453081662,-0.016741377621749775,0.020305108113064428
2016-02-16,-0.002463017776341369,0.020072706474394554,-0.030800736245396157,-0.010627058322204945,0.016630469157309462
2016-02-17,-0.0005478280193787772,0.01710045255611322,0.006167287420776475,-0.006167705261011445,0.01624602105007125
2016-02-18,0.003010845795720113,-0.005173459681831663,0.024041860433202913,0.01222156618374623,-0.004249680111076032
2016-02-19,0.00018228097810775315,-0.0011122623504483456,-0.006020275750380445,0.0008396191074132607,-0.00022743589674782013
2016-02-22,0.0002732655474478278,0.011249581533369496,-0.01793504091705753,-0.0005340144643682845,0.01421148042121096
2016-02-23,0.00018172987509852326,-0.016455747624822138,0.014868593832169054,0.004039315507672249,-0.012621855080984812
2016-02-24,0.0003644837152917194,-0.003548580029696977,0.003321549590506587,-0.001979413205527677,0.004695158777494842
2016-02-25,0.002545246013649646,0.011902594234939138,0.002632341860518043,0.003575714091020565,0.01194973249567028
2016-02-26,-0.0018177055644522464,-0.0025913685237413117,-0.006892743647260338,-0.00969155071179635,-0.001841861590244784
2016-02-29,0.001181720924486955,-0.0059492738562015295,0.012980023419282503,0.004360896057875976,-0.008979453479959112
2016-03-01,-0.0029992701583224563,0.025770026444042585,-0.007360151335800538,-0.017765415916001708,0.024337578865567294
2016-03-02,-0.0010954186989193585,0.0068815216270226446,0.007697256644730053,0.004118593884265229,0.004227794382717611
2016-03-03,0.0011872271292647882,0.009698283290470839,0.017125877155555313,0.0036380107444667982,0.0036640883945836798
2016-03-04,-0.0015531651774392113,0.007301520525583813,-0.0015750194994792542,-0.006433488145461076,0.003215265220423016
2016-03-07,-0.0002746587532417171,-0.0012428919635907288,0.004965240864288737,-0.00031137538493536,0.0010881129664529266
2016-03-08,0.0024656597719044638,-0.00981879594117811,-0.0046334482677505085,0.010984893098480992,-0.01131523650115952
2016-03-09,-0.0004553681905550011,0.0037601673791851672,-0.00832782948151173,-0.00609598884432631,0.005482029768127921
2016-03-10,0.00045536819055513184,-0.0016097693274962775,0.015928644015462578,-0.004111086239747341,0.0005465437606144968
2016-03-11,-0.001825062970488438,0.0258010226245544,-0.01735128256694606,-0.010155425509906855,0.016098275324313845
2016-03-14,0.0005482342928885463,-0.0020957505521862624,-0.012980634673388813,0.0031357574891640793,-0.001506372075062561
2016-03-15,-0.0009141723410627401,-0.009485428788452755,0.0007632306454701139,0.0009391179919128131,-0.0012934609218702374
2016-03-16,0.00428743755110291,0.00878602050539779,0.02205075556149502,0.00296660158719756,0.0059669412537104415
2016-03-17,0.002092050679365132,0.007667988120926689,-0.0038218648773646413,0.004124040880125035,0.006305154548724321
2016-03-18,0.0008171713216935043,-0.0017375067404596344,-0.002750755714748547,0.0020937122866400014,0.0037214601685581937
2016-03-21,-0.002181075979211343,-0.0015665235399276282,-0.007036416699314462,-0.007700074075968714,0.0015246877922927514
2016-03-22,-0.0006370637386568422,-0.0017433532312761102,0.0029378329691904675,-0.00023410822246344305,-0.0005326532154530105
2016-03-23,0.0021826508103157077,-0.0101720285441478,-0.02289008865862743,0.01126079593255537,-0.006416396303619248
2016-03-24,9.059582700565574e-05,-0.006720863224060542,-0.00240404319751751,0.00038575560673860835,-0.0006976459465406639
2016-03-28,0.0007257751671563893,0.006015473916572345,0.0023182652611009025,0.0013114698867593758,0.0006976459465407034
2016-03-29,0.0029906116929049134,0.01070283315116091,0.01835540705340136,0.010430688638827073,0.00955559130914803
2016-03-30,-0.00036192388430965767,0.0074764041498376725,-0.014076410310244578,-0.010584042749912067,0.004188699510340065
2016-03-31,0.003162702403321892,-0.009922424058625886,0.004600850924385841,0.007068565479970685,-0.002383677368787548
2016-04-01,-0.0008864432074564378,-0.01072927808725655,-0.006053640735366039,0.002604790432840751,0.006396194928164974
2016-04-04,0.0009947745748819254,-0.002124317264100235,-0.006692995408569699,0.0006119162932775221,-0.0031662064816205264
2016-04-05,0.0013562040214886977,-0.019866252434545345,0.012916668207256437,0.010876798219516261,-0.010201961342573252
2016-04-06,-0.0001808689314550036,0.01613785024453122,-0.0061381369358647206,-0.00728845433588971,0.010836081592271613
2016-04-07,0.002164672267721809,-0.01469295192182054,0.014179801562102948,0.012269014226258016,-0.011851019927169498
2016-04-08,-0.000991825393015136,0.018952902935347838,-0.0015187338768047718,-0.006343182436294198,0.002722541549644513
2016-04-11,0.0007212321072826583,0.0005311738989108016,0.013419630057020864,-0.0012889693606244273,-0.0026155861613506343
2016-04-12,-0.0016235274676454166,0.014760372876709994,0.00016664672071527165,-0.0069258327803414085,0.009680959605884042
2016-04-13,0.0004511570368726282,0.015748416801599413,-0.010719526565990727,0.003507225830410558,0.009955818053885348
2016-04-14,-0.0017160545916119496,0.0032570197147274564,-0.014075152256168354,-0.004806599363035014,-0.00010497033601993404
2016-04-15,0.0027979648254558855,-0.002227217989707733,0.006892743647260424,0.008529140672940921,-0.0011014777603769418
2016-04-18,-9.000678657246213e-05,0.008539562105230809,-0.0015276274565966695,-0.0043315225304668414,0.007215915165518604
2016-04-19,-8.99225614096086e-05,0.01719839944874877,0.015506833308651099,-0.003127625681737913,0.0030175090802844503
2016-04-20,-0.002436894074176657,0.000835437223519363,-0.005114248016109923,-0.011061870844363454,0.0008302304274609467
2016-04-21,-0.0013569050278173223,-0.006031311758961459,0.003775305036917395,-0.005964991497592686,-0.005568547287421626
2016-04-22,9.072769035260681e-05,0.0005039571366384916,-0.012894694659209222,-0.00256780202948778,0.0002612077564761803
2016-04-25,-0.0010861217457189707,-0.005051213221395441,0.0028799271415296556,-0.004137406359889147,-0.0016188494743360027
2016-04-26,-0.00045319302817575015,0.0035385792525387616,0.003967367637514969,-0.0045475358648940705,0.0014621518888384508
2016-04-27,0.0029865081727720607,0.0006728278495330354,0.002860302869919961,0.009930738879312551,0.002085180995456752
2016-04-28,0.0019860618019506243,-0.013709533567182818,0.018724801093336303,0.004115636166419204,-0.009050116427770876
2016-04-29,-9.106324191437878e-05,-0.0042694864789619225,0.019270626438691787,0.0025538518050217136,-0.005691064675101004
2016-05-02,-0.0006776933684521614,0.009369225752411073,-0.0033213499131697927,-0.010119461694940263,0.007948265972930637
2016-05-03,0.0018066239988487106,-0.01658334195857658,-0.0022745646099545844,0.012517324716758234,-0.008582716706123844
2016-05-04,0.0004514922818712923,-0.011616826969456533,-0.006118222826125519,0.005470734333721139,-0.0058870127057174685
2016-05-05,0.0025222970656550623,-0.002095018842851318,-0.0011462207767798868,0.006662490038873395,-0.00010653386032922411
2016-05-06,-0.0015311128457382627,0.0027922324090296643,0.009052054554673597,-0.004283555169560905,0.003611100478226177
2016-05-09,0.0006310291952637755,-0.002093465860572172,-0.02075289801818274,0.003137724044665104,0.0010596508859459163
2016-05-10,0.0004497289874215079,0.014219141888907182,0.002731465708414251,7.646605006782654e-05,0.01231461791687256
2016-05-11,0.0,-0.008646154979710715,0.009378919930915114,0.005638750938418907,-0.009406545498677782
2016-05-12,-0.000900397174624968,-0.0003471081175844568,-0.007892173973086844,-0.004569385863591089,0.0005804673894537837
2016-05-13,0.0018904501852490731,-0.010303400653761001,0.004529141979827091,0.009647123045833546,-0.00927737809742149
2016-05-16,-0.0017111346919605635,0.011865481939093968,0.0007392219670169126,-0.008655592769152167,0.009910647491965914
2016-05-17,-0.0013508607212654093,-0.007311989207205171,0.003442329123242772,0.0016762286887937673,-0.00884587987628318
2016-05-18,-0.004157734273413258,0.0003492919613572457,-0.017497993073654197,-0.014337523834397087,-0.00015958994082073254
2016-05-19,0.0006331751779527527,-0.007187146176140242,-0.0019168712488535215,0.004315085929916938,-0.003251239891180974
2016-05-20,0.0006336068551588769,0.008234746660218286,-0.001335701516612647,0.0007683711186101062,0.006226508561406691
2016-05-23,-0.00018146527431532123,-0.0033207769366037686,-0.002844207499474105,0.0022258053372169067,-0.001326886948218128
2016-05-24,-0.0005427425117074904,0.014426400949664277,-0.017493154439807392,-0.004456497226832037,0.012616422884889445
2016-05-25,0.00018137871750004058,0.01047142295176643,-0.002731772964595234,-0.0037798990605679194,0.006796654482406016
2016-05-26,0.001536881474837184,0.0027281583438825267,-0.003425260387699169,0.0051648786272138125,0.00046853079703720765
2016-05-27,-0.00018054571052482067,-0.0010221650918303287,-0.008268772914245718,-0.0014618042211007013,0.00389841240108814
2016-05-31,0.0006328756027821063,-0.004784832959993173,0.003798302317157037,0.002384792370195738,-0.0011943304767994178
2016-06-01,-0.0005614480444566331,-0.000856948087595381,-0.0010344407576528966,0.004048930247421437,0.0018684750512681393
2016-06-02,0.002532609000138947,0.0,-0.002331543491761781,0.007181076502276109,0.0030020462083903496
2016-06-03,0.0054052809389115745,0.006493821056121508,0.027373264388307245,0.014135167028998611,-0.0028986100216029957
2016-06-06,-0.0013485377071422845,0.00560518811884632,0.0003364248669020046,-0.007457897205366359,0.004809157173860091
2016-06-07,0.0008995328706192193,0.007256506784342915,-0.0008412423733233627,0.0024170511130811733,0.0018037875094345204
2016-06-08,0.0003588899574091364,0.0020159232131292657,0.014703707887444253,0.005341691262789475,0.003290377293810167
2016-06-09,0.0007189511376648936,-0.012326022892758404,0.005541081570940133,0.006432458896535768,-0.0015412605155339493
2016-06-10,0.0013456925935775447,-0.029482414378246894,0.004033075700703472,0.0048342690072825795,-0.009658553294729769
2016-06-13,0.0008069676936617597,-0.01462955397873763,0.007365624068488461,0.0044417308997252635,-0.007554343734654189
2016-06-14,-0.00044803175374398313,-0.016109244659935795,0.0010594292626908233,-0.0007387438292062474,-0.0021988818405433343
2016-06-15,0.0021488153451084584,0.0066543260346257176,0.0073849284570991006,0.0038365587294777177,-0.0014687069391698222
2016-06-16,0.0006258424216331956,0.002148285838893211,-0.01056665171524312,0.00484762077773086,0.003249059143044887
2016-06-17,-0.0007150979294555721,0.009789274557322073,0.01274729826898987,-0.006247964365044679,-0.003721659671340741
2016-06-20,-0.002777286034750384,0.02449392581261562,-0.005988024654369792,-0.010749761076811684,0.006386258946923194
2016-06-21,-0.0007172342423244595,0.008089984493782279,-0.01942288299292089,-0.0046322965404110815,0.002843715895986522
2016-06-22,0.0006280886188625412,-0.0006123251258465419,0.000496444028716167,0.0016465665518903458,-0.0016746729449547816
2016-06-23,-0.0017060973652887382,0.02728524379780938,-0.0065557755937431204,-0.011504622869435394,0.012853568773671931
2016-06-24,0.005377639405651959,-0.08977186645426827,0.047873912303474195,0.026493074073802483,-0.03713547058858339
2016-06-27,0.004013586764766038,-0.019381561627502653,0.0053823171279899626,0.024660376322156126,-0.01781325337824088
2016-06-28,0.0012456652841151968,0.025882844463605965,-0.01079376043064916,0.0020815236862558833,0.018296140776063844
2016-06-29,-0.0007115538776830756,0.018164063750542393,0.004140765999889028,-0.0077023472298374425,0.017071755965416078
2016-06-30,0.0020448185710806076,0.014799108238546617,0.0049939058952932335,0.0036786847410941502,0.013409282177774783
2016-07-01,0.002149764758868912,0.0,0.015223162818061162,0.0137888012156979,0.002078675860202636
2016-07-05,0.0026597387080022957,-0.019537419297690897,0.008220905136956962,0.012442902524706619,-0.00703397651829365
2016-07-06,0.001857463889094861,-0.00182853047486965,0.005852881673551483,0.0016141879321287793,0.005891043050119024
2016-07-07,-0.0007070527225264293,-0.004034481011753973,-0.0037695950478742334,-6.970869410941944e-05,-0.0006759757890793794
2016-07-08,0.001502092250555984,0.015136721684613231,0.005994014334570738,0.007338884578188315,0.015074376085125296
2016-07-11,-0.0026525034171242766,0.01455403435531194,-0.00946861312154938,-0.008813475848308707,0.0034780373231754146
2016-07-12,-0.0030143509813571182,0.013465869440291977,-0.016690387468968386,-0.016575961344467097,0.007021578774094501
2016-07-13,0.001419230386517519,-0.0010566387626092025,0.009159697327218079,0.01171667944462659,-0.0003548177962966879
2016-07-14,-0.000886816816896217,0.008595854434197275,-0.007745045230236175,-0.01464959179858309,0.005815627014240012
2016-07-15,-0.0036462256484406886,-0.005078268276582225,-0.003855735167465888,-0.008633495612058699,-0.0015141904970872222
2016-07-18,0.00017878179439406803,0.002454816299427997,0.0015755839071671933,-0.0009403290033418499,0.002874723385568635
2016-07-19,0.002046048291139344,-0.007912176689108813,0.0013372522657107563,0.005626120074389124,-0.0011083149416150427
2016-07-20,-0.0008887764606090638,0.008962258078818045,-0.01441038163632243,-0.005481203935514513,0.0040250519390071975
2016-07-21,0.0008887764606091798,-0.004031778943031768,0.015117654201499693,0.0020228763751905503,-0.00377316976264032
2016-07-22,0.00017856550584531856,0.00193024295635978,-0.0074907077787214,0.0017306221055775257,0.004625836693034774
2016-07-25,-0.0011561271719984247,-0.0012278562246616103,-0.006989125856947095,-0.0007208264741748634,-0.002410176433572452
2016-07-26,0.0,0.0042039020010925824,0.004215211050825792,0.0015852355514788976,-5.0332297277171153e-05
2016-07-27,0.002931900508969191,0.003663916925521696,0.01598269497210111,0.012376088190645607,-0.0006542787412745781
2016-07-28,-8.880415811654479e-05,-0.0010455025671583693,-0.00289409340924044,-0.0018498317639024675,0.001106363859178074
2016-07-29,0.0026572762817149817,0.01178514969464078,0.010286811942904156,0.008298938273177256,0.0017580653699481013
2016-08-01,-0.0023339875536590093,-0.006568799931270458,0.0018590671194806466,-0.010901009167915744,-0.0011548795027545818
2016-08-02,-0.002936375161378036,-0.005041978771904374,0.008092864929715934,-0.010356173186348369,-0.0062490185008583846
2016-08-03,0.001068910511611074,-0.003492314071905009,-0.004770787598632875,0.0005780428921870136,0.0028775337798539603
2016-08-04,0.0018674646497669554,0.005755661826299836,0.0016954476164976306,0.007485984949783597,0.0009571897337652282
2016-08-05,-0.0033818578748974247,0.004511651029968694,-0.018025444010511534,-0.010452305970815394,0.008025055197508674
2016-08-08,0.0006237289234517597,0.0020754549776061055,-0.0008627837547004024,0.001881573169575974,-0.0004995767553715743
2016-08-09,0.0025810060492308805,0.007915980709231808,0.004072023167431496,0.009788691082360535,0.0006495629709483674
2016-08-10,0.0011542122055109157,0.0034223082159766413,0.004677994512329687,0.003860670086483441,-0.0025505765900483883
2016-08-11,-0.0026664981536327474,0.007148957417073229,-0.006946906948684773,-0.008958042298364223,0.004895724068112604
2016-08-12,0.002400023669469143,-0.002547528980440693,-0.0021170403750345335,0.008386493391838664,-0.0009971808101272494
2016-08-15,-0.0017775299766141157,0.003903579452469361,0.003447698256792746,-0.009467626928182747,0.0028889191118108286
2016-08-16,-0.0006224936928550742,-0.001525718731027373,0.004915970173444719,-0.0026700270411642905,-0.005186278645370704
2016-08-17,0.0018668615805333872,-0.00033942290438075705,0.00023348078990268189,0.005979864292103647,0.0016484921454271565
2016-08-18,0.0014212846477763036,0.005077902723469416,0.004735854578729188,0.0015787750137895148,0.0023928112064677573
2016-08-19,-0.0022204766996945327,-0.007456136045442398,-0.008868887925520175,-0.005248737128510202,-0.001394983471079973
2016-08-22,0.0015098612956390867,0.0010197365738638113,-0.0014858453674488508,0.008399846367277843,-9.990854292326432e-05
2016-08-23,0.0002665174040632099,0.0042392325172424935,-0.0001565049936259337,0.0010714649176319657,0.001843961264058656
2016-08-24,-0.00035495119387786504,-0.0023716446057538546,-0.011176864142998198,-0.0023595403160589245,-0.00484055618696274
2016-08-25,-0.0010664231996229837,-0.004078870794124384,-0.0008709901258544955,-0.0038008165467156426,-0.0008006769385717583
2016-08-26,-0.001600729634246837,-0.005978332069029202,-0.0014269885139346196,-0.005838037233661456,-0.0019042374483401107
2016-08-29,0.0027555866236845237,0.0030789269560665333,0.001981375674593548,0.01328285588150944,0.005053252694600838
2016-08-30,-0.000532706301347667,-0.0013674072295411352,-0.01010635477558835,-0.0038592914509580013,-0.0018981547226766629
2016-08-31,-0.0001779629423731821,-0.0020540525817193305,-0.0020015218438290436,0.0014311420856072245,-0.002452853699159626
2016-09-01,0.0008723565230107759,0.006831776213487483,0.004078880664929754,0.0011027526467115353,-0.00020057801363194893
2016-09-02,-0.0013350639022722164,0.011507828289686986,0.010164454828507231,-0.008189459234507172,0.004451513275976327
2016-09-06,0.0021348148208778944,0.00670804151596293,0.016766351430797802,0.007258535652665156,0.0031393541802425193
2016-09-07,0.0005331725650588667,0.0005013494089247563,-0.0034244132039321193,-0.0007161371864964559,-4.9793923915638605e-05
2016-09-08,-0.003469448133448829,-0.002843937330143921,-0.005315481388614766,-0.012620851087027976,-0.0023412304816199042
2016-09-09,-0.0043758725701470835,-0.019624990443780823,-0.006605326760192751,-0.01661157419844279,-0.02443341185919184
2016-09-12,0.0008048833714525275,0.008167317433705485,-0.0012631537514554386,0.0005171308111913136,0.0142075402308226
2016-09-13,-0.0027761186729539237,-0.020372261923641524,-0.006657679739988439,-0.01142269228705979,-0.014358415153865814
2016-09-14,0.0012549463289101127,-0.0013845058051194536,0.0034136523813896856,0.0014901284694846927,-0.000616063464264177
2016-09-15,0.0006266560303274062,0.008622252530205399,-0.006440074325495675,-0.004329439895377922,0.010221720404639714
2016-09-16,0.0007157496543656278,-0.012961017814455892,-0.002475784418470438,0.008047371511135345,-0.003923115069655027
2016-09-19,-0.0008054814571478309,0.005204405723554368,0.002076861031546589,-0.0032706081734723332,0.0003060536446468169
2016-09-20,0.000358152565014197,0.006038063551956316,0.0009571124160199947,0.003493502525671908,0.00010233236876396062
2016-09-21,0.0025026676265862808,0.017391795871754042,0.014483211562644741,0.008054231094919515,0.01116344682565977
2016-09-22,0.0020506710768551247,0.01009087794832386,0.0023544435304930274,0.00791728684623872,0.005987045494563709
2016-09-23,-0.00026720116700632376,-0.008401934638693497,0.0006269244831308528,-0.0009492122540618036,-0.005381528765003725
2016-09-26,0.0012472614158540378,-0.009324557393804014,-0.0007836871273146296,0.006338193462045463,-0.008000303267235971
2016-09-27,0.0012444451745340782,0.004758064701862428,-0.00731797170627855,0.007308569741998535,0.006082419575063876
2016-09-28,0.00026662645336707127,0.007094528072996047,-0.0031640709801869947,-0.00216527087246684,0.005391561827718387
2016-09-29,0.0,-0.012533981108954604,-0.001189120004834333,0.0025259376887627042,-0.009442303873422453
2016-09-30,-0.0010666618607059987,0.0078097193713414104,-0.0034166360099868506,-0.00897727977176001,0.007983949993537375
2016-10-03,-0.0011324924697620961,-0.0027095458338638467,-0.002550206163687112,-0.003305369674533811,-0.0031759639032986186
2016-10-04,-0.003396036163103234,-0.0001695526229561694,-0.03532787258610445,-0.011764637919795378,-0.004656076522593945
2016-10-05,-0.0013433300187805821,0.004062387685813136,-0.0015718922897908132,-0.004669907829605905,0.004150978949785994
2016-10-06,0.0,-0.0054201055552590225,-0.009316280206747919,-0.005588442304186046,0.001161496954195423
2016-10-07,0.0001789184588209869,-0.0051079887763324965,0.0006682890904551575,0.0006719952012040375,-0.003690274242868569
2016-10-10,-0.0004481280515538871,0.0028977471409183525,0.003501510836135576,-0.005916015419752514,0.004597777939435737
2016-10-11,-0.0015258304466893979,-0.01422860149054768,-0.005089499061391432,-0.0022565581798260374,-0.012223437585849735
2016-10-12,0.0003597204439928061,-0.0022469169245539706,0.0015879882252557648,0.0009787743167549508,0.0012750035850558575
2016-10-13,0.0014353195954294562,-0.0038141509030247406,0.0024189937106391113,0.0037535008842925852,-0.003216171785947937
2016-10-14,-0.001704279350197124,0.0017355489718675124,-0.005597559798283797,-0.014111238261276637,0.00025588296183107076
2016-10-17,0.001704279350197045,-0.002952272498737422,0.0026773752071126027,0.006363168042436423,-0.002969445665415519
2016-10-18,0.0016121059084911711,0.009864238406544722,0.006164100054633751,0.003241581031544816,0.005878586523662259
2016-10-19,0.0005362480903809973,0.0027515700815555675,0.005713611741873303,0.0008277000203369051,0.0027487802819752783
2016-10-20,-0.00035716470320365794,0.0015441301065249303,-0.0030597728971403517,0.0010523773691255437,-0.0016282345105702919
2016-10-21,0.0006259054668572834,-0.0022313131582984173,0.0007451585177257722,0.0015014451119860115,0.0002548800558660455
2016-10-24,-0.0015211897721523872,-0.00017182555628762096,-0.002237080125500534,-0.004359966352143538,0.004063638282226833
2016-10-25,0.0,-0.0006878618981882635,0.007519794693909835,0.002632931091761089,-0.002843048840386918
2016-10-26,-0.001972087900712141,-0.004481831974276181,-0.0056138205649168835,-0.006785425549055355,-0.0022391300984222254
2016-10-27,-0.0025160318082972383,-0.0012102914220537084,0.0018196962666161048,-0.010954482985773966,-0.002652741527903075
2016-10-28,0.0,-0.00034594015562650077,0.004699292917769531,-0.0022200730985015176,-0.00317258567547681
2016-10-31,0.0012584432231713784,0.0005188653658156084,0.0029566431199742503,0.006113730169535565,0.0
2016-11-01,-0.0005402964716988082,-0.004333016268840288,0.006457707460557924,7.630227601662358e-05,-0.0069939580688746185
2016-11-02,0.0011706980010274994,-0.006797166180949103,0.0073872643657927,0.004341016611564973,-0.006627913108107434
2016-11-03,-0.0013510741919505263,-0.0010500721886830973,0.005323910740822675,-0.007704997739801129,-0.003903778297360688
2016-11-04,0.002069865450045221,-0.009675506377933511,0.0007237632468994597,0.008920682119918415,-0.0013567813102061935
2016-11-07,-0.001168764571546037,0.013693811765799384,-0.01817197611952108,-0.008538282541292552,0.021696999977371595
2016-11-08,-0.001621564268991084,0.0027860668749714605,-0.004183952404118774,-0.004065587581644221,0.004589186324899428
2016-11-09,-0.009328665671396785,0.0008692788991401857,-0.0006579098268444278,-0.04335834303117405,0.01062618057448488
2016-11-10,-0.004103402129307428,-0.002783731914902945,-0.015001711673606965,-0.014881048180422978,0.002312251828648487
2016-11-11,-0.0018283511296248156,-0.006116323910521303,-0.022377978717915834,-0.005638419248170527,-0.0018597415476902174
2016-11-14,-0.004035980553239729,-0.00544845778568889,-0.008490234677527317,-0.005999605154078915,0.00015100160293222587
2016-11-15,0.0007349597565661408,0.004396260762691877,0.008661050768427549,0.004933992663369146,0.008065956153473166
2016-11-16,0.002202106972012358,-0.01058413143369722,-0.002992914324639575,0.008982852113491976,-0.001698171086734337
2016-11-17,-0.003764147474089569,0.007596759984777326,-0.00515153957584098,-0.014823826005860576,0.004737467966417681
2016-11-18,-0.0032249751392094115,-0.010971600696430892,-0.008818980245606272,-0.0028923075423935452,-0.001792675887303575
2016-11-21,0.0008308696846698002,0.008504672458041863,0.0037273072140238833,0.0024794299599847002,0.007348510212138405
2016-11-22,0.0009212518552689756,0.002466928238388949,-0.00034614845492716306,-0.0003300910291856709,0.0018290305739244097
2016-11-23,-0.0035066642944847097,-0.0035260877951490675,-0.020019033913875547,-0.0038883452628770063,0.0008881532177013881
2016-11-25,-9.213949215419808e-05,0.0029979981621815525,-0.005667237234161627,0.0014909172897583508,0.003988233576047283
2016-11-28,0.0035065212210826204,-0.005296654259142672,0.01051202138010083,0.00733921592470193,-0.004728527664914614
2016-11-29,0.0011050617050027687,0.006352554793605752,-0.004668228933024833,0.004181841821776032,0.0015788087546032168
2016-11-30,-0.003964636683529792,-0.0010559005344631953,-0.013510086082379656,-0.016332973705782402,-0.0022701561638416934
2016-12-01,-0.003300858800500904,-0.003881443609602251,-0.0018809543242076046,-0.010614517869594525,-0.003911015349699148
2016-12-02,0.00315254189819171,0.0024716289249484226,0.005364806083291903,0.007300417402032559,0.0006944997606356142
2016-12-05,0.0008330166353961459,0.009826501468585986,-0.005364806083291772,-0.0010876139458216821,0.005733284647080921
2016-12-06,-0.00018517930898154857,0.0067865218446709,-0.0009866853717861235,-0.0007532215822407944,0.0034927679688884416
2016-12-07,0.0025866949935955718,0.014805050909480191,0.003583283615967707,0.008507519040926923,0.012590962657919376
2016-12-08,-0.0018469296244713,-0.000855012713761554,-0.0023276835438490475,-0.011863869742159116,0.002615647665930439
2016-12-09,-0.0030549721200688646,0.004266812342503981,-0.010542046205441346,-0.012516699689142883,0.006075984380551894
2016-12-12,-0.0009282786359709917,-0.004437552200596604,0.003797113021044969,0.001870003760237557,-0.001106427906649009
2016-12-13,0.0012983388601048977,0.010718801291515557,-0.003344358449500988,0.003561365884670738,0.006811075691147139
2016-12-14,-0.005483421131089484,-0.014832717642124094,-0.01477585370302796,-0.011235991264016842,-0.008304257625016635
2016-12-15,-0.0012125470258373696,-0.0022353258369288043,-0.013785715901107913,0.005037650412147306,0.0037048149173032935
2016-12-16,0.0006530347238412773,0.0006883655741423716,0.006592778565065687,-0.0023022105987631166,-0.001730378217701783
2016-12-19,0.0026079765368006093,-0.0015496217929601788,0.004985177307786946,0.010699045816312952,0.002258223895628276
2016-12-20,-0.0009305657897999665,0.003440055572016171,-0.007394390217464912,-0.004995678658288592,0.003832816817697143
2016-12-21,0.002138605099692488,0.000277331436759386,0.0005564603998491446,0.004403930342659638,-0.002728984525246946
2016-12-22,-9.279832070725242e-06,-0.002257023280898087,-0.0024136861188265224,-0.0017888771146471459,-0.0012747601191294624
2016-12-23,0.00027938831854028013,0.0026041507213354818,0.003155199096609045,0.0020350269548314987,0.0008690456498350684
2016-12-27,-0.0007450840082831182,-0.0012143736566352509,0.00582012137282036,-0.0032242621847571574,0.0024582311183681286
2016-12-28,0.0015830618163441151,-0.003826257186135933,0.002759665575201272,0.007281849194575417,-0.00792713241853569
2016-12-29,0.003064817923209669,0.00243648012143575,0.01305061000633585,0.003536985892412195,-0.0001941340073558421
2016-12-30,0.0020377886016942452,0.0034704326827587175,-0.006184651823121631,0.001512608867169646,-0.0034522951181779177
2017-01-03,0.001017106544577787,0.00621672838075978,0.00781538513824579,0.004271744012324892,0.00694138472528406
2017-01-04,0.000277187872669996,0.011297502024690912,0.0035241475629946054,0.0038380932862108093,0.005883436961076651
2017-01-05,0.0041507553697916815,0.008474618981235828,0.015395946803090798,0.015531662941032623,-0.0007696627177330652
2017-01-06,-0.0033189087959736552,-0.0033810796572693405,-0.007399862806678017,-0.009224108498047303,0.0038904682167620044
2017-01-09,0.0016608776931921992,-0.0015254856787149079,0.008198942430912352,0.00799363813730032,-0.0031687636055766745
2017-01-10,-0.0002766833416736121,0.00016962292469129272,0.004251209640407789,-0.0006563746762034976,-0.0001444876982202242
2017-01-11,0.0011981614041553785,0.005243235264060337,0.003088451356458922,0.0033616607596938424,0.0028338659735074874
2017-01-12,0.0003680199428621504,0.0015169154500947735,0.0036058581395100996,-0.0022127511641103384,-0.0022083598700983666
2017-01-13,-0.001751112726584054,0.003698801487832351,0.002630155985373185,-0.004770008885045748,0.0019684955665396535
2017-01-17,0.0034072865369899064,-0.0036988014878324114,0.014257386660884261,0.01041482292832109,-0.0035562721985860743
2017-01-18,-0.004329482971653267,-0.002867257245494687,-0.008495159639561354,-0.012890647508868864,0.0021161335527670323
2017-01-19,-0.0025888824523436155,-0.0025370307146367903,-0.0008709816243124942,-0.006882755996343297,-0.003368668598329282
2017-01-20,0.0003704771405023079,0.005741248222370324,0.0024367465635149513,-0.0019984203809075723,0.0032244978143103264
2017-01-23,0.002771565156248599,0.002522439885681998,0.006411370524106662,0.009955226522458739,-0.0023090492327305493
2017-01-24,-0.0015691359147105074,0.0025161781163677735,-0.00450104004040464,-0.006875342082338691,0.006336716727056886
2017-01-25,-0.0026838561746263213,0.010333273733069562,-0.00827564253844338,-0.012630204887086957,0.008292287772316272
2017-01-26,0.000648615728004719,-0.003987429198815473,-0.00931545140516917,0.003360597202781916,-0.0007599521497832711
2017-01-27,0.0008328112050833577,-0.0016659074667825728,0.002028628943019752,0.0036010721814367006,-0.0014255793734308114
2017-01-30,-0.00046300139941802827,-0.007196115183839272,0.004220558088409409,-0.00301365679218411,-0.006058776558393255
2017-01-31,0.002404340173970546,0.001510636507084375,0.013768096552717091,0.00693559019811092,-4.7979690708905736e-05
2017-02-01,-0.0014082677088653418,0.004016621985605324,-0.003033641360264487,-0.0062032809042269575,0.00014367653273086848
2017-02-02,0.0005563255040322037,0.0005007125417467609,0.005540175253055282,-0.0004199266509462922,0.00043056508370060715
2017-02-03,0.00027823275405041326,0.003998891796193758,0.002500332582847749,-0.00041968126937353296,0.00738549019229116
2017-02-06,0.0028654469711496605,-0.007175785343976871,0.013428758731216857,0.006032318905552856,-0.002090769829560199
2017-02-07,0.0010148488785242814,-0.0010051197563356882,-0.002041146037959061,0.007323118752446422,0.00023779426993981027
2017-02-08,0.00285528941656493,0.0016750064247353898,0.006195677380773958,0.013507142096756387,0.0012832989650677445
2017-02-09,-0.002393905359050281,0.004175366814841819,-0.0076440113416854985,-0.011601605828374372,0.005684065074790792
2017-02-10,-0.0001843057799249747,0.002330531860735338,0.0026395141502793757,-0.0005792434710564216,0.004006844774551715
2017-02-13,-0.001476134194957816,0.003982712459698245,-0.00682592596717586,-0.003152155232839134,0.005301606597545173
2017-02-14,-0.0022186203095695338,-0.001491690493360532,0.0011123712399388251,-0.007252968895936586,0.00415596129661887
2017-02-15,-0.0015746187125228062,0.003807572453771957,0.0044372173593291335,-0.0046129170166702965,0.0050666413133982294
2017-02-16,0.0021295728212992007,0.00231053104086897,0.005349691237603948,0.005448943428784804,-0.0007885444222953618
2017-02-17,0.002217019942365169,-0.0026411149567750003,-0.0033932974726115484,0.005918635998179216,0.0015301799776336292
2017-02-21,-9.169441031640362e-05,0.003300514000240697,0.0005946540100771037,-0.0017466157922479291,0.0058667754596568025
2017-02-22,0.0006453907319550511,0.0,0.0013579197505681978,0.0016636796318510528,-0.0004607768700651315
2017-02-23,0.0016589743450370394,0.002139278085866329,0.00869753215772035,0.002987699425238897,0.0005527263261456452
2017-02-24,0.003676417019699196,-0.007259539975673159,0.006369402264058673,0.011043258565623932,0.0011966222551311968
2017-02-27,-0.001836611340605702,0.0006621783508920358,-0.004857175635850916,-0.005918516665702728,0.0014712307591081492
2017-02-28,-0.00027584290058360107,-0.0014903713562725528,0.0009230175401251751,0.003703371671561705,-0.00294405492393751
2017-03-01,-0.004709638617125652,0.010386668956877915,-0.0014268817535848305,-0.016898369503722758,0.014089108825557166
2017-03-02,-0.001852356269079595,-0.006582245859387917,-0.012508578672613836,-0.0036059130478354657,-0.005876824157539976
2017-03-03,0.0007415215247412359,0.005925934242938838,-0.0005955140219629334,0.0026012040721407614,0.0005480554764102223
2017-03-06,-0.0004634910735500696,-0.003123188301514582,-0.006745539852068352,-0.004787677637976744,-0.0031100889958446862
2017-03-07,-0.0012986956836372613,-0.003463393243225554,-0.008086086565359004,-0.0030353910943440405,-0.0030278123619933137
2017-03-08,-0.0024160540530073107,-0.0036412563861388165,-0.006238117890961693,-0.005419313805464444,-0.0021158672071844094
2017-03-09,-0.003075226761031659,0.0038065638030399165,-0.005140919622256575,-0.00801308902644125,0.0010584932152427021
2017-03-10,0.0014916111808017819,0.008388752082306612,0.0021815968976861885,0.003503476988927782,0.003489221879867474
2017-03-13,-0.001678967862145666,0.005228119327651195,0.00017429306368713733,-0.006331238561300299,0.0005959644740677301
2017-03-14,0.0003732748888157353,-0.007688093015399929,-0.005418130142925278,0.004794205873737397,-0.003395453587586983
2017-03-15,0.005769548885622994,0.014184647888365341,0.018492494054676123,0.012141587198328597,0.008285280495005513
2017-03-16,-0.001114353396019294,0.004844868063263756,0.004120559955210867,-0.005076252213596873,-0.0016882483330880077
2017-03-17,0.0021339876479506063,0.0025745593186069686,0.0022248383768926597,0.006256913938675758,-0.002011202994245974
2017-03-20,0.0014821787970638951,-0.0020911814253499754,0.004435011725417898,0.004288811619765279,-0.0008697316074404477
2017-03-21,0.0020342533787543137,-0.004519054136950926,0.008727009558066982,0.008274922161765978,-0.012858886347761767
2017-03-22,0.0013844203634355687,0.00016194019309389082,0.0024434516279076965,0.003987706840160994,0.0020393058773262797
2017-03-23,0.0002767281833599553,0.0022615503131665515,-0.001347399463717088,-0.0014105382386999444,-0.0010235482546670808
2017-03-24,-0.0008305069140303741,0.0027392691507971936,0.0015998188263156232,0.0035638592691892646,-0.000326198217997236
2017-03-27,0.0023966038744967283,0.0025718256757521177,0.005621040603803889,0.004539439408958061,-0.0016311006909041621
2017-03-28,-0.0023045482430394536,0.00480366877547419,-0.0041077969016607725,-0.0066927604394474115,0.0073894370436093666
2017-03-29,0.0022124275952017853,0.0,0.0024332009503229184,0.00595062210030579,0.0014802745573825134
2017-03-30,-0.0018430875502278728,-0.003520557112219592,-0.007233005455458062,-0.00810867317537572,0.002678160974127635
2017-03-31,0.0007375318127961979,-0.0014436673081944188,0.002108015430704589,0.0029036210652053336,-0.002400689402120527
2017-04-03,0.003706406489795456,-0.0014460804998410294,0.005292550298656713,0.010036269081672836,-0.0012486545588024807
2017-04-04,-0.0009206607171134275,-0.0003215719933860713,0.0022597345773738855,-0.005439552072955599,0.0005549952026335566
2017-04-05,0.0011044150318522555,-0.00532120900114052,0.0,0.003052643749275098,-0.0030572382212577767
2017-04-06,-9.214912054048944e-05,0.00016169775299541608,-0.003685116697841802,-0.0014837855899245624,0.002594859313768794
2017-04-07,-0.002210716359016794,-0.0006468659464977384,0.002346621760815808,-0.004050715293312865,-0.0008796676590694198
2017-04-10,0.001290508598480431,-0.0011330027212666006,0.0,0.004628416894141724,0.0006944264902078885
2017-04-11,0.0028510774704283946,0.004685475859007041,0.014378002485395934,0.009438103435535588,-0.001250495821274595
2017-04-12,0.002201497789557091,-0.0008062393533690567,0.006825356086692966,0.005458542441642751,-0.004132849908329252
2017-04-13,0.0012819876740010011,-0.006473505385879931,0.0047420728437496,0.003082520295387242,-0.006676477705248444
2017-04-17,-0.0005494445495765965,0.006150762107769146,-0.0029407031136137306,-0.0030825202953873483,0.008721741524581328
2017-04-18,0.004021202441741371,-0.0045284733548863155,0.004733558474010278,0.012995261074225472,-0.0027434400367167444
2017-04-19,-0.001551487117734758,-0.004060997281006336,-0.008914361418128501,-0.005468813124744393,-0.002191017822720072
2017-04-20,-0.001554630216443069,0.00794367142181003,0.001887609614885789,-0.0038772491745565616,0.008133545342471135
2017-04-21,0.00027455448445339156,0.0006457992140827814,0.002865670925194773,0.0,-0.00292030969342319
2017-04-24,-0.0014644292969297477,0.02501916745732179,-0.006809117727285548,-0.004950082831961,0.010620982938830036
2017-04-25,-0.003302460283745403,0.007057280395526411,-0.010176758825308857,-0.012112091618030682,0.005999360655414868
2017-04-26,0.0012859128726824003,-0.002817097244930912,0.004894417227160271,0.00550136051845308,-0.0007304283135634822
2017-04-27,0.0009168163556290684,0.0009400996686566843,-0.003730858335881937,-0.00032803380794695303,0.0007761584854040816
2017-04-28,0.0017410948838241455,-0.0010966967500500597,0.003151414614046289,0.0022092418248958914,-0.001919469654777767
2017-05-01,-0.002581056933005517,0.004066978190733741,-0.009149943206636764,-0.008347787337723766,0.0024217164042617183
2017-05-02,0.0013781506613231747,0.005138261313133707,-0.00016711217732273407,0.0051073963449527054,0.0003195685019363309
2017-05-03,-0.0010105804477402963,-0.0020211181580730123,-0.014055680078894413,0.0006572920020221386,-0.0010041818285759423
2017-05-04,-0.0008274986370652528,0.009447823096341576,-0.010137688898777003,-0.0049394298735381224,0.0009124710216384606
2017-05-05,0.00018351917073655257,0.011038116763671875,0.0018819613581217375,0.0009077469703141806,0.004007201623510842
2017-05-08,-0.0019335101934692708,-0.00749858248554905,-0.0022245229386793674,-0.005456484569477174,4.5431419668843153e-05
2017-05-09,9.229256344265191e-05,-0.002460761003839386,-0.006013737531638919,-8.296231551177178e-05,-0.0012730219042885768
2017-05-10,0.00027618268602118905,0.0015385097230986731,-8.619187440805963e-05,-0.001161284734249686,0.0018636036170454151
2017-05-11,-9.208308550157657e-05,-0.002462956154937728,0.003956305862795571,0.0,-0.002045734541290537
2017-05-12,0.0036790170043601808,0.0055332035333902916,0.0028286293961141936,0.007524890513852193,-0.0015484033229865338
2017-05-15,-0.0003673390607843369,0.005045714629115466,0.00264989304932151,-0.0027223966910703175,0.005046399423424777
2017-05-16,0.0012852341525417918,0.006384712733855663,0.004344332691827055,0.0037102781167152217,-0.0001815279480846384
2017-05-17,0.005124117336134418,-0.011430427362971052,0.018026089242991115,0.01446146703738253,-0.017893078289686344
2017-05-18,-0.0005483313372681383,0.0016848904087095995,-0.008214659464641129,0.0011353284062165935,0.0036411836847767137
2017-05-19,0.0,0.011562365819076699,0.0049536558166890015,0.002346887338885128,0.006191583618598461
2017-05-22,-0.0006396592689921413,0.0012095156618861,0.004178861021674379,-0.0027523062442846285,0.005562526080208698
2017-05-23,-0.0019199742366119348,0.00015094306706599374,-0.006358807682167539,-0.006750379199583165,0.001953485929703766
2017-05-24,0.001737530254846058,0.000604233302956633,0.003937188086656905,0.005615237880143324,0.002402316743630197
2017-05-25,0.00045732419992783893,0.0,-0.0010874337201151904,0.0003241338393503179,0.004651923787366857
2017-05-26,-0.00036609804831915177,-0.0028723868556300284,0.008832634206008617,0.0017026475691271667,4.505065083781248e-05
2017-05-30,0.0019174711594721863,-0.0010604806652544947,-0.0033239313084347183,0.004927570383152566,-0.0009468099415910334
2017-05-31,0.0010025647366333282,0.0012116668864457006,0.003987406451696997,0.0024948125371150143,-0.00022548696884815836
2017-06-01,-0.0004564304390151258,0.0064880942747550675,0.0008286937780719529,0.00010490155744326062,0.007773952581589578
2017-06-02,0.0032824387360334776,0.010919423361337078,0.007345383440385594,0.011771190625005618,0.0031285400961533743
2017-06-05,-0.0015483472098372,-0.0055196884507292794,0.0009862969865506888,-0.0062291701792838074,-0.0006692670051384708
2017-06-06,0.0020033728983473455,-0.0028461397295723593,0.011191515796581182,0.005432872197135043,-0.002862053767226151
2017-06-07,-0.0011836066438054224,0.00029981135224572936,-0.005294262319270497,-0.004792106336856199,0.001655561691592858
2017-06-08,-0.0010024619228144504,-0.001801208005968402,-0.006554676702975053,-0.0026448007045489596,0.00035767198865162644
2017-06-09,-0.0008207706506004719,-0.0037630776405083504,-0.009166426122606205,-0.0015264549177988048,-0.0011624657835732875
2017-06-12,0.0,-0.0037772151615595665,-0.0014943988172197275,-0.00032171082876822647,-0.0004030763162278004
2017-06-13,0.00027311963800867714,0.007690549176813706,0.0009965350816834196,0.00016074828038762807,0.004866970401139906
2017-06-14,0.0031892632479945506,-0.000751431537508656,-0.005493177805750778,0.015318981364350209,-0.0010695439981299717
2017-06-15,-0.0006376923133694447,-0.010426817149061726,-0.00418165701990386,-0.00158480401461704,-0.002008661670897505
2017-06-16,0.0006376923133694958,0.008470708095607444,0.00016757431865917162,0.0019808492890684253,0.0002682289906047059
2017-06-19,-0.0013658021884394406,0.004058680869939969,-0.00765446009733337,-0.0014255507142065678,0.008141154587584173
2017-06-20,0.0015471099232965693,-0.008081691664703813,-0.0021131828104241023,0.008916694651447,-0.006579064154915811
2017-06-21,0.00018209012333706456,-0.0012303072256569137,0.002872805881766109,0.002039702144750518,-0.00040130729452179855
2017-06-22,0.0004547181294662344,-0.00015360699538497391,0.0033692883509404193,0.0021925705915962247,-0.0005800648677050064
2017-06-23,0.00018161210944584447,0.0024591736256862097,0.004279445503073095,-0.00046996631448857287,0.0017025296777187678
2017-06-26,0.0009082896846786427,0.0016872188671904014,-0.00899959554685728,0.0037499899095504046,0.00031311676714886207
2017-06-27,-0.0030006372606913717,-0.00015337717687458776,0.003794725232620457,-0.010738862423202461,-0.007998227132302197
2017-06-28,0.0003642484726372273,0.008699256794415878,0.000757258608664271,-0.0033153384494501526,0.008803554668634635
2017-06-29,-0.0019132412291335342,-0.009926050004571627,-0.004890000706728738,-0.008417213607914366,-0.00866806430515966
2017-06-30,-0.0012780766261856345,0.0006134317087957335,-0.002538742638049931,-0.0023145942370865406,0.0016672885511409747
2017-07-03,-0.0017855671227492973,-0.0012274697649041206,-0.01648835238074312,-0.0032250780423415722,0.002204410378451901
2017-07-05,0.0005497589362678354,0.0,0.0036971824767883434,0.00024122038153000076,0.0017508542657898739
2017-07-06,-0.0019254800102243973,-0.004463587908486259,-0.0004291636859008885,-0.008308027772299843,-0.009011577829367902
2017-07-07,-0.00036739183838568337,0.00015442404727787325,-0.010269798493159019,-0.006011687569734085,0.0063166846111229885
2017-07-10,0.00045873963688740257,0.002464553947839218,0.0016468254331296226,0.0014654070388267996,0.0010339538188365068
2017-07-11,0.0009175777796091556,0.002304982372846389,0.0012982088742114774,0.001707348842543752,-0.0007639787577498677
2017-07-12,0.003021774213780973,0.007949968748639033,0.0035397924292921755,0.0068804695343785876,0.007480797119246877
2017-07-13,-0.0010977790563447257,0.0028890780487040584,-0.0018115086761426493,-0.006312296181849916,0.0016944095829773966
2017-07-14,0.001006063202176966,0.006960114276269309,0.008168900176639902,0.001217233988814066,0.004534233398056637
2017-07-17,0.00045704141055402745,-0.0019619274135374456,0.004443348999716993,0.0027531352979228555,0.00013280969653959232
2017-07-18,0.0022825322573573584,0.0009058848135963565,0.006966890452323186,0.008694754352546716,0.0007540277653124463
2017-07-19,0.00027400723421831054,0.0043679739196815495,-0.0002540224323477312,0.0004009345531444039,0.005259223023772357
2017-07-20,0.000272844931124225,0.004049453798794335,0.00135406277392805,0.002879849848517181,0.00030837829853831705
2017-07-21,0.00172984887160053,-0.0038989980062940784,0.008589562474350264,0.004225829964771114,-0.0007052490390742997
2017-07-24,-0.0009100403993009505,-0.002708516950479399,0.0004191258176561492,-0.003905246966092197,-0.0003531225051496901
2017-07-25,-0.0035577915035450826,0.001355100421572819,-0.0032741446924645485,-0.013105080900524247,0.0023797044601797917
2017-07-26,0.00191750192154318,0.006150120325936772,0.008040236804836134,0.001616622200515326,0.00030772094449220725
2017-07-27,-0.0014602569931598526,-0.0022457025358374413,-0.0007510021513585564,-0.0049405766660732525,-0.001188778270208939
2017-07-28,0.0020078931717378936,0.0010486818960587037,0.00748507747253413,0.005909521562896991,-0.0011455246293134089
2017-07-31,-0.00045632754122082984,0.002093846743263176,0.0004969976741389874,0.0012109036656885888,-0.0005734494322724368
2017-08-01,0.002738011711725149,0.005513058992359438,-0.0008284878144892227,0.006995792703160473,0.002247779290779958
2017-08-02,-0.0007295183752175355,0.00044546327230229226,-0.002074259170059369,0.000561812800546794,0.0005720846170206368
2017-08-03,0.0020045576824405174,0.0005941114847413582,0.0015767861990997622,0.010290622984531003,-0.0017614148340108343
2017-08-04,-0.0016398676524807206,0.0013349255756147933,-0.007825504639997654,-0.008528349414564148,0.001673208084164973
2017-08-07,-9.100172918614253e-05,0.00044440700916051774,-0.0011707593535363761,0.001120307619970415,0.001626923125878063
2017-08-08,-0.0009121934203691293,-0.0053481928977205,0.0029243323685439523,-0.003605083575066181,-0.001978740464082986
2017-08-09,0.0009121934203690983,-0.0016401521886357823,0.012024832535234332,0.005442049110213928,-0.0005724919195142583
2017-08-10,0.0010027327792616245,-0.014276002924237228,0.007391636301004261,0.008503037416715225,-0.013836852806894763
2017-08-11,0.0008185294705506328,-0.0018181383492135975,0.004734717669981235,0.0004753181348212623,0.001339023166917024
2017-08-14,-0.00045457557555156504,0.007251977330903038,-0.007110509708619983,-0.005154653222817138,0.00976348709261711
2017-08-15,-0.0014584204563759604,-0.0007530387843269964,-0.007739806493235807,-0.004222566426053954,8.814040468222335e-05
2017-08-16,0.001822603163781962,0.005708370242792169,0.007329654945785988,0.003665849682684422,0.0015886236668555102
2017-08-17,0.0014556765123381955,-0.011297826411436146,0.005074451187161252,0.0074497677689588995,-0.015686037699347292
2017-08-18,-0.0006371109530457377,0.002723193221404246,-0.0015523089133794997,-0.0002367482451838355,-0.0018381298025205268
2017-08-21,0.0007276428414773594,-0.00030226970859028056,0.003754179507042542,0.0024449496045417978,0.0012108748185446162
2017-08-22,-0.0009090271289517349,0.004824335041035487,-0.004490378194735464,-0.003867401433511,0.010077250909542604
2017-08-23,0.002271515572484962,0.00015056893818255618,0.003756939159508119,0.0067785346684261305,-0.003422074865658927
2017-08-24,-0.0012716942735385521,-0.0022583616765453245,-0.003102527430184758,-0.003699473775234306,-0.0023175129044151763
2017-08-25,0.0007266873979244883,0.006010452812121478,0.0036729988686282277,0.003856313359810968,0.002183874536004401
2017-08-28,0.0003636411007837634,0.0,0.015762397031869272,-0.0006287526641114975,0.00035640784479243305
2017-08-29,0.0014510851754890677,-0.00405295153104544,-0.002167752218151974,0.0032172547197725065,0.0007563859778668861
2017-08-30,-0.00018149540209007206,-0.001354767630168204,-0.0004823342716563527,-0.0003134365130878545,0.004968681725471159
2017-08-31,0.0013590659054546687,0.00765241381509329,0.011671721617894353,0.002973571587937649,0.005868262367101908
2017-09-01,-0.002270998599022756,0.001344446893247726,0.0019056530015576626,-0.007678516400644079,0.0017143747634300254
2017-09-05,0.004084073486259092,-0.006740008220053814,0.011044617985341777,0.015733528276694282,-0.007405849142908934
2017-09-06,-0.0010876478858914843,0.006142749083836996,-0.005112698708954078,-0.006154378786394759,0.003489453292388307
2017-09-07,0.0024456358284315714,0.008181467180357452,0.010355527635419215,0.010184928653150294,-0.00022068694269523857
2017-09-08,-0.0011767087239935364,0.0001483161519267175,-0.0012495406412696415,-0.002168389318995654,-0.0015446148773977952
2017-09-11,-0.0027207571810689353,0.007819911565390837,-0.014007143976598416,-0.01200948806100547,0.010850822391652979
2017-09-12,-0.0014534008304304348,0.0030815832928695937,0.0029277577169540335,-0.0052707400731112275,0.0036638141784692633
2017-09-13,-0.001001166339639049,-0.005435892178921873,-0.007534611170577271,-0.00395089945812014,0.000608936080645025
2017-09-14,0.0005468208495354107,0.001766342797183585,0.004369098124020519,0.004108904577112435,-0.00034823624836989705
2017-09-15,-0.0001821202914059107,0.000881782896643975,-0.005006207576558888,0.0003936167674460127,0.001391757802492995
2017-09-18,-0.0004550854161049849,0.001321620767431439,-0.009364174007229185,-0.005771060631407506,0.0017371691813119114
2017-09-19,-0.000545997311161414,0.004684279961000638,0.002088539057238403,-0.002460447223791351,0.0012139959459449307
2017-09-20,-0.0008204126328145829,-0.002192876087511646,-0.008056762706663206,0.0007146937705547051,0.000548744887920951
2017-09-21,-0.00018248558960495435,-0.002051275873592511,-0.007633024715442955,-0.0005556278605952411,-0.002833727850178881
2017-09-22,0.000729291675221647,0.003075192179115805,0.0045543146609353605,0.002856751464030218,-0.00013099329304715247
2017-09-25,0.0023657441068922138,-0.00571872384308778,0.01041298453601274,0.0062403485021198584,-0.001485356116615698
2017-09-26,-0.0003634926853934175,-0.002208489945883347,-0.011224726404076811,-0.0018127490172739709,0.00034938713309030456
2017-09-27,-0.0029136106197219357,0.0007366564049441701,-0.009464790137827282,-0.015182819488984691,0.003883001803135359
2017-09-28,9.117330480837674e-05,0.0026476400435233305,0.0018837445698112896,-0.0029678010251335232,0.0011747100426288547
2017-09-29,-0.0008213108537016522,0.0058581651336853105,-0.0051683715774128456,0.0022470373650012444,0.0035598498901005405
2017-10-02,0.0006130443895954549,-0.0008763722846446941,-0.006684614889873803,-0.0018329452096348933,0.004194686099252947
2017-10-03,0.0008218902484312205,0.0033556398210020993,0.0004967317019956395,0.0009650724821344436,0.0020264581719662764
2017-10-04,-0.00027409891732018337,-0.001895421470151641,0.0028098889387879367,8.024179213504664e-05,0.0013769090937566298
2017-10-05,-0.0004570587357612019,-0.0005838460662058675,-0.005378816723625571,-0.00378487450863808,0.005917297749970678
2017-10-06,-0.0014628361261035032,-0.0007305606435723276,0.0047183541150492775,-0.002828093388296951,-0.0009408114816894965
2017-10-09,0.0013721035307535604,0.00029228830680945147,0.008142542011554031,0.003150770352945436,-0.001756024281490717
2017-10-10,9.073259534983013e-05,0.009451210363511018,0.002617800009600174,0.001611824862289407,0.002525831302985144
2017-10-11,0.0001831554493438206,0.0024571937882122826,0.0031812040839063376,0.0019311635497412823,0.0016236627246457185
2017-10-12,0.0011868536060348524,-0.000866445356801616,0.0008140547013934963,0.004250318349697203,-0.001537931635843041
2017-10-13,0.0024606848250596277,0.005187948817577061,0.007539254296557061,0.007176931874000406,0.001110986431990782
2017-10-16,-0.0010018037622959142,-0.0007187516067981848,-0.006888462515220647,-0.0007153954458035666,0.0015789747484276865
2017-10-17,-0.00036474592015679525,-0.002592726955131365,-0.006854404417199568,0.0012715824878533968,0.0006393020853381211
2017-10-18,-0.0015503257283479453,0.002880289593284534,-0.0037735819439878113,-0.0066132064333277825,0.0008947255541821974
2017-10-19,0.0007298591551626814,-0.001583265463101963,0.005900215657301968,0.0017567920689513722,0.0005107951450032254
2017-10-20,-0.002923632559841999,-0.0012970241301825793,-0.006393454395473306,-0.010670011313401872,0.004966459528800676
2017-10-23,0.001097397988865964,-0.0021656205159889604,0.0015611723194451613,0.001772665802356019,-0.003648192592856629
2017-10-24,-0.0021038848899530577,0.0015885369352293555,-0.0038662591759729935,-0.006219006949594884,0.0014014022054615587
2017-10-25,-0.0006412828990950359,-0.0039036698387992365,0.0001647984431062872,-0.00479120292721025,-0.0048073911385779836
2017-10-26,-0.00110050697111962,-0.00014497782320012934,-0.008440935931398883,-0.0033431162458687973,0.000937972296139515
2017-10-27,0.00219935194624808,0.0023156845130098695,0.0047257865747334146,0.006594256492037365,0.008484648448725622
2017-10-30,0.0027426982297329076,0.002310046729749238,0.0019005561122998722,0.009529392240311258,-0.003639546570364966
2017-10-31,-0.0006393235045715802,0.004173657348666274,-0.0038047944426046506,0.0003211942104428596,0.0011438982880383833
2017-11-01,0.0004390713666166975,0.0010047338477981826,0.0036396966611634005,0.004442164978413686,0.0017349970326491228
2017-11-02,0.0005486133266471183,0.003008444194212179,0.0006603535530684753,0.004399636776801484,0.00042246585402332023
2017-11-03,0.0009142877761087397,-0.0015747365039057554,-0.0047144513322975885,0.002709714856086417,0.003333165444198904
2017-11-06,0.0009133626189090642,0.001431797849785401,0.008502950979344039,0.0037335397895880344,0.0015148804293011687
2017-11-07,0.0002744580123918353,-0.0037266032271358936,-0.0036235108435323914,0.004194442498446406,-0.00042042224733417755
2017-11-08,-0.0006394688765301688,0.0032973790430684017,0.003459056119704665,-0.002213538032007692,0.0014712583822488626
2017-11-09,-0.0007306018648570718,-0.005741429606991244,0.004102401645100611,-0.0028529056791506287,-0.0036195498245074967
2017-11-10,-0.004029236447235333,-0.002738741227989208,-0.008221702339946372,-0.01519455897783343,-0.0005901402765104571
2017-11-13,0.0,-0.004194641805095781,0.0014849063034307734,0.0020927430500907837,0.001180672289738731
2017-11-14,0.0010088547335537765,-0.0007250856130604855,0.002058715307154061,0.00673185947735472,-0.002447205940451433
2017-11-15,0.0019225751429739792,-0.00479825821607658,-0.001234670245587114,0.010804438296688965,-0.00512427764792691
2017-11-16,-0.001098110121151015,0.007984377905596961,-8.238652462762423e-05,-0.008729984034707403,0.00849816717844241
2017-11-17,0.0010981101211509753,-0.003621466986826277,0.011954609509226865,0.00738542572250431,-0.0026981410707824327
2017-11-20,-0.0005486335927078545,0.0021742658019532493,-0.012696268046166224,-0.0003954769095995004,0.001307571416252829
2017-11-21,0.001006184443029336,0.007501474107611616,0.001647348843739489,0.0031613104674199353,0.006638582369343364
2017-11-22,0.001735868449381465,0.002726878155331907,0.009175087875408043,0.003229307250092195,-0.000712189005030457
2017-11-24,-0.00018208371049598655,0.008136442991903536,-0.0025311102507151856,-0.0027565931137201825,0.002093490751612108
2017-11-27,0.0,-0.00598880578957731,0.004160741332319787,-0.0014203696234804306,-0.00029277946355707967
2017-11-28,0.0,0.005704655957431903,-0.00016287471547679085,0.00134165125789725,0.009865200951032686
2017-11-29,-0.002468825175675586,-0.003989875160475421,-0.006289558392421287,-0.009907832268168432,-0.0003727036111163719
2017-11-30,-0.0016484626536716457,0.0009991400823518503,-0.007732229391441411,-0.0033507950940926167,0.008335388985309188
2017-12-01,0.0028532191112961335,-0.004001635308766918,0.0040380612309282235,0.013404169881972353,-0.001850899365420953
2017-12-04,-9.166522047239098e-05,-0.003586800928199505,-0.003377653154607993,0.0004741678071112127,-0.0010708257796484995
2017-12-05,0.001007315305423935,-0.0021581427814287043,-0.007122188370048705,0.0049634571674534,-0.003550807162936784
2017-12-06,0.0010057619075124328,-0.0020183046639281475,-0.002079954164184071,0.003452095315810536,-4.1464028780943376e-05
2017-12-07,-0.001280080682777255,0.002594523479243414,-0.013246352701112026,-0.007862899459121591,0.0033035225935616618
2017-12-08,-0.0003661157404447869,0.0053115211094630025,-8.43525069872456e-05,7.854852269177278e-05,0.005426953968265491
2017-12-11,-0.000366880789714158,0.002574189452769468,-0.003974813553107367,-0.002053913365029854,0.003234169882347423
2017-12-12,-0.0004584521824296649,0.0012846496408475622,0.0011856318079057743,-0.0003955572093219577,0.0017150359595805532
2017-12-13,0.0028374027349618307,0.0038436512726711413,0.008596013189973703,0.007489115639638466,-0.0002449377192367837
2017-12-14,0.0002744969801663737,-0.00555671815142292,-0.002015942432484809,0.00423163033905637,-0.003966315967147121
2017-12-15,0.000273522916170681,-0.0002856421973465616,0.00209987057429634,0.0037468921629874663,0.00836404453836142
2017-12-18,-0.0012796305216084699,0.01179220927237873,0.004604277886820867,-0.009157576889385947,0.006197134943146191
2017-12-19,-0.002930904290017301,-0.0036751134083804443,0.0007513783425439744,-0.013058975741651898,-0.0036407793415659914
2017-12-20,-0.0022960493902555797,-0.0017206731644004707,0.0026671102328525206,-0.011134196448119098,-0.0007702368244987801
2017-12-21,0.0008823224948227797,0.003581412494276234,0.0014140004111240193,0.00581138744139282,0.0020257864601443136
2017-12-22,0.0004593891578567744,0.0025706894319770805,0.005222850279184247,0.0013633238310899604,-0.0002022661347363183
2017-12-26,0.0008265315176259039,-0.0002854703632988173,0.006839416919106556,0.002961438356851836,-0.001164073946019084
2017-12-27,0.0031156717519073025,0.0018530478805465814,0.003770551302149118,0.012940589349195062,0.0005699738344814773
2017-12-28,-0.0007323747017896595,0.0005693811679247891,0.0050595432932777126,-0.000867658722237058,0.001870618937013557
2017-12-29,0.0010063372368549412,0.0007116569999980896,0.006490919761210391,0.0015777189949990609,-0.003459557912405343
2018-01-02,-0.0014641637703912518,0.007368562885559841,0.012058023762451863,-0.01085784295146057,0.007311612477387776
2018-01-03,9.143794462157078e-05,0.0047887766311642856,-0.0026403330092135157,0.004769352076088621,0.005931886874675697
2018-01-04,-0.00064114266340442,0.010899820513015804,0.005114278310262769,-0.0001581402953639376,0.004375668879926259
2018-01-05,-0.0006421853782961195,0.005544053407236393,-0.001036702137934486,-0.0028597862738588887,0.00638821376568718
2018-01-08,-0.0002749619306010651,-0.00027628962657039294,-0.0001596255390370604,-0.0006369673636475015,0.0020677414049229048
2018-01-09,-0.002755775932072279,0.0011055870028335785,-0.004639219643041588,-0.013462431831281364,0.0021027422731404915
2018-01-10,0.0,-0.0019356655222011348,0.002402270692406848,-0.001210966330755293,-0.0017058562137088386
2018-01-11,0.0004595825459608042,0.006894820558708043,0.003273877321212141,0.004111063836971848,0.007357575456314803
2018-01-12,-0.00018368104737724158,0.009981410780164686,0.012044492942167013,0.001687663750256182,0.006599526038724184
2018-01-16,0.0002756445537546239,-0.0009527095272907858,0.001652690627169873,0.004167779661721995,-0.0036477887567188455
2018-01-17,-0.0011035775194802948,0.005161663247628405,-0.008132363237354055,-0.001360692077153442,0.009620342774765206
2018-01-18,-0.0022116319238550727,-0.0012198539153656387,-0.002222213448585594,-0.00933351192959871,-0.0013632335831928063
2018-01-19,-0.002124068975839285,0.005546084600956535,0.0044394996120163946,-0.005267498108313017,0.004238955263091573
2018-01-22,-0.0003690932002221489,0.005112979674994393,0.0018177059354296304,0.0009745224691038411,0.008001292652340048
2018-01-23,0.002401074732844983,0.0032158602958832013,0.004961985943158681,0.004292975639208983,0.0022688416247185162
2018-01-24,-0.0010150659447967676,0.001737560970128495,0.012104345577545294,-0.005430329882398784,-0.0004994597681248333
2018-01-25,0.00258220860513613,-0.003880494814737795,-0.006697849027902464,0.008175489936103118,0.0004609350578071624
2018-01-26,-0.0018438189047574446,0.008809762979952436,0.0007811756386790387,-0.0037156646485973044,0.011572168282253806
2018-01-29,-0.0017553052882048734,-0.009211809996406126,-0.005637857183470335,-0.006982477121072068,-0.00693504859137895
2018-01-30,-0.0015721602011738263,-0.008350152562286163,-0.004328123373076199,-0.005884112750889415,-0.010724712646094816
2018-01-31,0.0008332006434756462,-0.0013535382964927403,0.00668108957049156,0.005884112750889379,0.0009270582071827777
2018-02-01,-0.003138721200637992,0.002839977466984469,0.0032848909860550284,-0.014598926399368361,-0.0010041774066939521
2018-02-02,-0.002980612063984567,-0.02046458233282191,-0.013204686797240324,-0.009322639235183679,-0.021645051507882648
2018-02-05,0.004002844194747948,-0.042805300867988096,0.0025286437555192493,0.009405626642358837,-0.04194330597689559
2018-02-06,-0.0028845647955749584,0.019517692609888077,-0.01055189964568088,-0.0062323079901248305,0.01832440419619671
2018-02-07,-0.002238727182540644,-0.010637654115367651,-0.004716772083453344,-0.00954917280965031,-0.005474398864522916
2018-02-08,-0.0016824323920646622,-0.026440870187614676,0.001521419504394612,-0.001094325030207954,-0.03787321741880252
2018-02-09,-0.0013100791145320707,0.004236891092653777,-0.0016817358427458674,-0.00633921069347378,0.015296883664610622
2018-02-12,0.00028049506275480246,0.01519243589331683,0.0047973715177869495,0.004399681797873363,0.013631429823698396
2018-02-13,0.0002816106734079525,-0.0030200926795749578,0.005647253596785453,0.004463938008056183,0.003358640717346172
2018-02-14,-0.003376369700311075,0.017560865721366885,0.0169088525197643,-0.011155615629845838,0.01299994039343838
2018-02-15,0.0012204194016007136,0.00620756331556615,0.0011691607653979673,0.003393856739235729,0.012873071485197663
2018-02-16,0.0019682492896039927,0.004490410161726343,-0.0032769459911664296,0.00540571564674017,-0.0001198243297389323
2018-02-20,-0.0010303643977491214,-0.009425465878460954,-0.013532867750937797,-0.004389568654252794,-0.006075444904953001
2018-02-21,-0.0031916843092276185,-0.004817134016042095,-0.004604964057785746,-0.012344644050028367,-0.005266300083031824
2018-02-22,9.365227213477189e-05,0.0052411063585816745,0.005080177401414419,0.002993692120467295,0.0012084360572692052
2018-02-23,0.0025355171002960134,0.007880572356009868,-0.0012676571223934087,0.00884255160826681,0.016291099351697112
2018-02-26,0.0007497656988549033,0.009348084638080189,0.0024545525850455277,0.00033863081757921427,0.011459401183802209
2018-02-27,-0.002157346791177556,-0.014970501991848942,-0.010493774054732095,-0.0014394342132514094,-0.012846608492758314
2018-02-28,0.002719348340464654,-0.00948968381046191,-0.0010394376248337527,0.006335501548190295,-0.01116706383176381
2018-03-01,0.0008916773457647727,-0.01693483004925819,-0.0022425027652310265,0.006803348560881929,-0.0132826086877409
2018-03-02,-0.0015957692168202455,0.004765103554957282,0.005357640797750738,-0.008162505756128785,0.005310132450433794
2018-03-05,-0.0005634097885176434,0.005315650836625702,-0.0016761714003699012,-0.002707806896928252,0.01141574273144469
2018-03-06,0.00018743982967210922,0.005857482265663286,0.010726720619181963,0.0009316513858338868,0.0025146642637662174
2018-03-07,-0.00018743982967211328,-0.0002848230076352108,-0.006422202914569186,-0.0011007293318318395,-0.0004383242317053465
2018-03-08,0.0015959327891211872,0.0021348996476850055,-0.002389131123572836,0.005745846286932383,0.00465552445185746
2018-03-09,-0.0018784011298558446,0.0063780455601832415,0.000956349666608725,-0.00659390278118834,0.017160901790052186
2018-03-12,0.0005638449125903956,0.0011298542324003139,0.0,0.005750871970191686,-0.0009760155229055049
2018-03-13,0.0013145562172654514,-0.0066550041033652686,0.001909899228192024,0.005046409367988355,-0.00662335956698039
2018-03-14,0.0016881457310468468,0.002412116857232206,-0.0006362480921955626,0.008771210951603362,-0.005283086188158282
2018-03-15,9.364631755539001e-05,-0.00056709956412192,-0.0063846619697597,0.0,-0.0009490609853434488
2018-03-16,-0.0005622847974240811,-0.0007091168655538379,-0.002404835241203122,-0.0035829216512164664,0.0010279360964535868
2018-03-19,-0.0010317232606447636,-0.008121524891602606,0.0021646240154515875,-0.003176703661843118,-0.013450221033217096
2018-03-20,-0.0015962769499825332,-0.00014315382736525972,-0.0044947919586221805,-0.004027061605874376,0.0017613981092247165
2018-03-21,-9.348547917845286e-05,0.0015725788677048052,0.017305793278474,0.0010919536572446711,-0.002322185410735578
2018-03-22,0.0018777866983480831,-0.018745979283392347,-0.0039610286020946425,0.00986091947181007,-0.025166924234513083
2018-03-23,0.0,-0.01112404285305693,0.01285555168848731,-0.0007487467418380356,-0.02152293105861231
2018-03-26,-0.0003758082597205023,0.017797751807531632,0.005236622780197456,-0.003835344974033936,0.027154518185439517
2018-03-27,0.002904406296379042,-0.007401762414787237,-0.006177451915059315,0.010635466386447485,-0.017480336205189337
2018-03-28,0.0005615215907698519,0.005809782734362997,-0.013901136089334824,0.002642051444972993,-0.002803794333134875
2018-03-29,0.0028946456778354574,0.009082609863500148,0.0004770798243684067,0.0048512114761631205,0.014312325572539699
2018-04-02,-0.001000109831453078,-0.013873021880402774,0.01161839746199109,0.001971390025107424,-0.023404694726419366
2018-04-03,-0.00112315255265913,0.006382391697327128,-0.0075722010717776825,-0.007742554721475963,0.012606362228285551
2018-04-04,0.00037458533635941046,0.0034640561334075754,0.0011868954626521053,-0.0020692978989248307,0.011459122705134307
2018-04-05,-0.001405487783026935,0.006606404140946577,-0.005153580456720969,-0.00748506403672477,0.007198317344034384
2018-04-06,0.0022473580645190326,-0.006606404140946531,0.004678991304775993,0.010876845772502667,-0.0222552537829816
2018-04-09,0.0008417099493308228,0.008179939813772087,0.0033963960355940744,0.0016497447241373673,0.004057012875067368
2018-04-10,-0.0007477759904999788,0.01066170856139863,0.002362787969159084,-0.0018153924669819044,0.016351861701213926
2018-04-11,0.0008409005665993753,-0.003825276079301905,0.007757730797944395,0.0035455629200588415,-0.005310796840415881
2018-04-12,-0.0022454387782438493,0.003825276079301793,-0.011698777825105413,-0.007351574217508885,0.008344813220041093
2018-04-13,0.0002813216316598669,0.0009890598323739363,0.00653361006986455,0.0023185429177995883,-0.0027875116645455183
2018-04-16,0.00018741233966167983,0.0015528797879631696,0.0014113245973425364,0.00033063228564154083,0.008095158043537018
2018-04-17,0.0002803669368636059,0.004503118576711663,0.000939797609092718,0.002724839779658247,0.010692767299325041
2018-04-18,-0.0028114305760297002,0.005181859848480277,0.0007824607184664891,-0.008030713307258517,0.0005637064615202633
2018-04-19,-0.0024429035032520695,-0.003778701574177117,-0.001957330849889553,-0.008179899686542617,-0.005490850264250833
2018-04-20,-0.0027320663584955063,-0.003792825909820002,-0.007630932179694891,-0.007233448165667181,-0.008130210871799734
2018-04-23,-0.00047217644530629774,-0.0012675484010065692,-0.008007927882251619,0.00025317405999922315,-0.0004489860379560279
2018-04-24,-0.0013222103522587496,-0.004095371879073762,0.004844167468111617,-0.004567465035449609,-0.013732809260048336
2018-04-25,-0.0013238684552962512,-0.0016993329238742193,-0.006517267321502421,-0.006720749354469708,0.002563524321674712
2018-04-26,0.0017021640765080943,0.004948802262759867,-0.0035146807713917604,0.006975183204570833,0.010229546740302678
2018-04-27,0.001227044551924849,0.0009868283478526544,0.0042320403061771,0.007683449616278942,0.0010623186807272233
2018-04-30,0.00018904662442868387,-0.003246049704545968,-0.00727744165435215,0.001765047310562612,-0.008199611924688372
2018-05-01,-0.0008515909710125848,-0.003540261468526808,-0.007088207443339079,-0.0036081519805933582,0.0021381325348878827
2018-05-02,0.0,-0.0004258570068771541,-0.00048510316641562344,-0.0010988088300746145,-0.006841790793111864
2018-05-03,0.001135139983649228,0.0031176539434650714,0.005082068394914099,0.004470889343377308,-0.0023604763658365505
2018-05-04,0.0006612404785797945,0.003530761399093935,0.0020898820929316714,0.0015139674153654755,0.013179184164806918
2018-05-07,-0.0004721910465655296,0.00014105498645281518,0.00024084765259023235,-0.0015981576105660023,0.003104607518048185
2018-05-08,-0.0011348330593029998,0.00014075679937556267,0.0001605124693187213,-0.0009261503745044853,-4.0722239428016944e-05
2018-05-09,-0.0011362146987536194,0.0023933790143432373,-0.002088981225264128,-0.0059998639962779545,0.009661092302411252
2018-05-10,0.0022710477580565854,0.006447006870330186,0.006813368242228766,0.00801977081085057,0.009328586476681605
2018-05-11,0.0004721910465654379,0.0026508615425750786,-0.0014389666321499815,0.002519139069878099,0.002438303029202512
2018-05-14,-0.0009446973270295389,0.0018097792569795681,-0.0040883630684626394,-0.005297615335996033,0.001117323165953751
2018-05-15,-0.004453876362267056,-0.007258644750497638,-0.016277595476396185,-0.011448056182460106,-0.006883369648073393
2018-05-16,-0.0011404406715650513,0.0014001532221137065,-0.0015524980696371136,-0.003845440199459653,0.004247724450221347
2018-05-17,-0.0013325312419575812,0.001537555973057348,0.0005722435830601718,-0.005064123568940929,-0.0008398612784933946
2018-05-18,0.0025673945534015422,-0.003638487052650648,0.00040857173330558584,0.008567863562973045,-0.0024844681331840546
2018-05-21,9.524674769400558e-05,0.006288910003293116,0.0005716827532715196,0.0005122161418409182,0.0073149242623480985
2018-05-22,0.0,-0.001254511780459713,-0.0005716827532715781,-0.0015359404545921313,-0.0028715748893529615
2018-05-23,0.0027499094523343536,-0.011080889595374573,0.0010614187645907496,0.007232765588503985,0.0031104606011996935
2018-05-24,0.002742736387610455,-0.0031076858886322765,0.00853209120176816,0.0079383488925305,-0.0019128242378638953
2018-05-25,0.002169588890915438,-0.006529648613706411,-0.0030793967645780895,0.006205623185157999,-0.002516416890857158
2018-05-29,0.006574292681723115,-0.020574655696747234,-0.00016231041385129715,0.021666568842313556,-0.011625508564560946
2018-05-30,-0.00253081538213552,0.015148384912618103,0.001460093554237964,-0.006731089295365015,0.013103848461269996
2018-05-31,-0.0008449083929914819,-0.006319982709040208,-0.0021909715513725716,-0.0016484175471215272,-0.006490190999640302
2018-06-01,-0.0012344169502407848,0.008608214195510023,-0.004967644235411557,-0.00529748296622488,0.010475904513542827
2018-06-04,-0.002359559138110649,0.00299588940900974,-0.0009801121170807511,-0.00725852645246457,0.004405502991768538
2018-06-05,0.0007564104072921077,-0.001568152623581607,0.003914822104047846,0.0023419299057707674,0.0013847344181040504
2018-06-06,-0.0022691093179026517,0.008947101412129151,0.0005696358194504353,-0.008136205168800726,0.00795685369213321
2018-06-07,0.0021746237360429745,-0.005671534463068975,-0.0004882216623280107,0.009638880955367071,-0.0004708838557706421
2018-06-08,-0.001417804333806425,0.001136939201601393,0.0012201695433653895,-0.003007288159698077,0.0031352270152408875
2018-06-11,-0.0010409470115904744,0.006370960590982104,0.0017868849442266759,-0.0018426018243686006,0.0012903311844339523
2018-06-12,0.00028412760935402786,-0.006370960590982063,-0.003332688774722517,0.0002518632073954159,0.0016789079920374519
2018-06-13,-0.0009467613447677914,0.0014193586476499457,0.003008032375587246,-0.0005030574289220118,-0.003987334976029982
2018-06-14,0.0025538246389671376,-0.0021297941541397387,0.0015411027282310494,0.00826531328603185,0.0028944838421649725
2018-06-15,0.0003784706469081829,-0.005129807429599991,-0.016672509186741995,0.0009138069089276155,-0.0008595996564777764
2018-06-18,0.00018908979493527056,-0.007168285028412331,-0.0018972637609840908,-0.0009138069089276582,-0.0023874282677392084
2018-06-19,0.001037566466239676,-0.009228597219994972,-0.0025629178089953803,0.005803590017425471,-0.003807809590604517
2018-06-20,-0.001887787251019515,0.0007402151848916468,-0.0044802273887545,-0.008801444167162657,0.0018074583523088829
2018-06-21,0.00028266034293616114,-0.0071291466504756085,-0.0017477352868705306,0.005240260989193386,-0.006261732657053347
2018-06-22,0.0009449902539969391,0.010527382570859115,0.0024126912728642744,-8.262841475077171e-05,0.0017762168391425026
2018-06-25,-0.0005665196070886941,-0.013961499031873168,-0.003746388732216758,0.0022378154457902495,-0.013939057808030248
2018-06-26,0.001604153227843935,0.0017933256008386264,-0.0052686490212925504,0.0014059961469296996,0.0021970814110942372
2018-06-27,0.0017898856249808702,-0.009450404856659473,-0.005718147886604777,0.00937983417864549,-0.008334361045668745
2018-06-28,-9.400904699833964e-05,0.003760799462282375,-0.003040547998821346,0.00024592960400999424,0.006073773078683794
2018-06-29,0.0008471354008929426,0.00554023016304906,0.0036306900201949913,-0.0034451011967794316,0.002527893559448021
2018-07-02,-0.0009527802603252079,-0.009150331610955829,-0.010080153442110952,-0.0007822593091742895,0.0011615882270048059
2018-07-03,0.0020733218647571243,0.003009273726971506,0.010080153442110855,0.0053421079485080954,-0.004051608813925433
2018-07-05,0.000941589000659837,0.009867248998529829,0.0033656028250155126,0.0028645661033178172,0.008525288366422487
2018-07-06,0.0010335304383495452,0.005341170556621435,-0.0015972634935638506,0.0032640777438833826,0.008294625484467771
2018-07-09,-0.0009390643399030944,0.009572210759058989,0.002436881277559937,-0.006456806862601551,0.00881460071821023
2018-07-10,-0.000753147351864015,-0.0004399798181192698,-0.0018481290459546572,-8.172004741450565e-05,0.003480787063755738
2018-07-11,0.00037605111889157434,-0.016856667693006776,-0.010905978807671088,0.0038459834361947802,-0.006855788343850439
2018-07-12,0.001222786238658129,0.007724436752066983,0.0041565812124297165,-8.133387560399575e-05,0.008533014488403993
2018-07-13,0.0009393641452988169,0.0031025471051697585,-0.004411618657356192,0.0025296439685786993,0.0008572454861812708
2018-07-16,-0.0011276894970970966,-0.00044269334090312585,-0.0005102701051305093,-0.00416492405780078,-0.0006235378237161993
2018-07-17,-0.00037575347839598883,0.00176924219644526,-0.010862735754725461,-0.0018835941552245723,0.004277295273032129
2018-07-18,-0.00028161117549158234,0.0001475867641734823,0.00025795416772476286,-0.004025288803724481,0.001821985233889621
2018-07-19,0.001502863671268573,-0.002064484595515828,-0.004308123245285948,0.006318131992694489,-0.003802893098959774
2018-07-20,-0.0019739137720479446,0.004712280036162239,0.006455244826308788,-0.012344823199393352,-0.000933484095414997
2018-07-23,-0.003487186417091803,0.0,-0.004815949835095058,-0.012415805038104785,0.0019050300929873171
2018-07-24,0.0014147623737700214,0.005858993663521638,0.00034477603659500224,0.003431344363802919,0.004688568326733945
2018-07-25,9.460622817970414e-05,0.0074210856868934996,0.00550018047205447,-0.001587989379681573,0.009120193002237667
2018-07-26,-0.0005660323549151189,-0.004504270736916476,-0.00782971239395345,-0.0019265934020206502,-0.0029538281194335567
2018-07-27,0.0007542117527356108,0.0018914514502408365,0.0005181795313150905,0.0016754526070212699,-0.006514502781993589
2018-07-30,-0.0010369360633519717,-0.00014556416110829984,-0.001555212880989931,-0.0034379971482480383,-0.005778643216941552
2018-07-31,0.0008487566655316179,0.001307347774265826,0.0029355602050311473,0.005444955149775367,0.005043815710276152
2018-08-01,-0.0010307203138726533,-0.00509403417154645,-0.007355188129705078,-0.00818001866819252,-0.0012392179664498493
2018-08-02,0.00037826776616663106,-0.006587976883609009,-0.0053993230298752665,0.001433922710026264,0.0050631545823450076
2018-08-03,0.002173249286532536,0.0005872038767537647,0.003486767260953241,0.004960693136275774,0.004884104502926148
2018-08-06,0.0006600745298303612,-0.0042663809566399705,-0.005147198608389075,0.0005874145570498117,0.003752865280701572
2018-08-07,-0.001793481686421221,0.007783372849446411,0.002271488910587502,-0.005210672616138442,0.002786019592565271
2018-08-08,0.0,-0.0008781244699467041,0.002788736658924094,0.0010104836803147828,-0.0005336876417206492
2018-08-09,0.0014161017079262306,-0.002932639478750964,-0.0014805645831976347,0.00838281004701444,-0.0012593138474060607
2018-08-10,0.0021672863321613237,-0.02017258448150016,-0.00043582289228197795,0.007236728130884614,-0.006819635573996373
2018-08-13,0.0005647459911492868,-0.003602514712362628,-0.015199092023381782,-0.0020741646711938096,-0.0037745030312384678
2018-08-14,-0.0009414509718512289,-0.00015045351718938707,0.000973327608104041,-0.0022449663522281027,0.00642372319145468
2018-08-15,0.001411571189874067,-0.01454368530960599,-0.016766621575930757,0.0058093807533444635,-0.00738867065189898
2018-08-16,0.0005645259531300224,0.0069953017370914345,-0.0008097887609237462,-8.237351531392176e-05,0.008078503501628004
2018-08-17,0.0005632071959973795,0.005892482480574406,0.009228205066865915,0.0012402427004486664,0.003327808604131615
2018-08-20,0.00197081827468696,0.005408869321492299,0.0049818196508907165,0.006673017658387061,0.002212776364353489
2018-08-21,-0.0008443554751343279,0.006124545246485465,0.0029240568705197916,-0.0033716650285451396,0.002169384925485251
2018-08-22,0.0008443554751342051,0.0038644278592939447,0.0022095550764809732,0.0039466081846638735,-0.0003042155736738657
2018-08-23,-0.0005627336238493409,-0.00714627242795936,-0.009491353686729823,0.0015578551283845028,-0.0014462397148483496
2018-08-24,0.0011247879503302658,0.005810109270023763,0.017318039357996126,0.0019645374050368423,0.0062645476810142715
2018-08-27,-0.0013122243028881595,0.013280546148960392,0.0037595032326643405,-0.005740775592952365,0.007504274805074038
2018-08-28,-0.0018782091642021036,-0.0008799272578291906,-0.007973022006627225,-0.006021760769488232,0.0005631911016168095
2018-08-29,-0.0001882790089346526,0.0054137007052715855,0.0045637840256251986,0.0013228251316991088,0.0054668293436435506
2018-08-30,0.0004704946235357942,-0.009530391710170349,-0.004915718883921124,0.00214611468452833,-0.004078672015071186
2018-08-31,-9.460886836024954e-05,-0.00798696820554587,-0.0011445940280617694,-0.00231158180809775,3.7647163904068697e-05
2018-09-04,-0.0011116876662972714,-0.008500457055782935,-0.005122797149079999,-0.005798303591239741,-0.0013883650244868023
2018-09-05,-0.00047188272239890466,-0.00917779393406799,0.003447511831347845,-0.002669219495253574,-0.00281967883941928
2018-09-06,0.001696827064513598,-0.0030274217053893123,0.0019395335367870974,0.0036691453107585937,-0.0029410682912366986
2018-09-07,-0.003584488155868216,-0.00806772077147841,-0.0027340278330774677,-0.00852663541986818,-0.0024197135006569534
2018-09-10,0.0009448687830472326,0.006094749773959604,-0.000706792407982718,0.0036871398867545243,0.0018910300236227276
2018-09-11,-0.001701498495584524,0.0009110574683418914,0.0006184538252070439,-0.00763962797707089,0.0037709096250661037
2018-09-12,0.0006616828658106047,0.004240392852142327,0.008355710260063364,0.0023566838063944513,0.00011278865330729501
2018-09-13,0.0006616102871337296,0.00737814795465751,-0.0035975648169408914,0.0015125170694529264,0.005666811662693051
2018-09-14,-0.0018911642229105618,0.0014988157679671462,-0.006526220333750846,-0.004796937333881104,0.0005239186396295588
2018-09-17,0.0,0.0008983717047478211,0.005206771454576303,0.0,-0.005663704830351869
2018-09-18,-0.0021787931480848773,0.010421466075656471,-0.0014974516487718237,-0.01051403717733507,0.005439248142815086
2018-09-19,-0.001898517051641137,0.0035481178783462928,0.0038711539862427546,-0.005985605947700712,0.0011215858859225639
2018-09-20,0.0013290836417258359,0.01232051879080982,0.0034188014897895418,0.00462028406705748,0.00800253094373832
2018-09-21,0.0007588672003951445,0.000437273776075268,-0.0068493312914384265,-0.00042692214810234114,-0.0007044155433721563
2018-09-24,-0.0009483531335110155,-0.00452729401585701,-0.00017621292914007548,-0.0025648721905297905,-0.0033445830487604166
2018-09-25,-0.00047501852823516157,0.0049642356808031595,0.0015850681638403528,-0.0010282895307110753,-0.0012292843545085059
2018-09-26,0.0023711923015633314,0.0004368917550904131,-0.005293338005935142,0.007003446423095884,-0.002935497011070075
2018-09-27,0.0006628397353378281,-0.002040204321768334,-0.008884998236125718,0.0006804503440916141,0.002774640103459633
2018-09-28,-0.0010418418860737432,-0.008202840525853494,0.0063164577082286105,-0.0026399756483679263,-0.00011273785109138904
2018-10-01,-0.00026559760050772483,0.0011760432619658237,-0.0016864375351172442,-0.007368444879085688,0.003700666634136618
2018-10-02,0.0011395299290786441,-0.005155163384013762,0.011482223287117932,0.0060942060556274935,-0.00011194822949426171
2018-10-03,-0.004757244641170419,-0.001773354260906466,-0.003959744500981412,-0.01752407099703752,0.0008580353241331579
2018-10-04,-0.0028646027514638603,-0.011755278772992369,0.0005289130805079614,-0.007078724836354247,-0.008235531854035288
2018-10-05,-0.002202502009744036,-0.006005152536611268,0.0028159089867124108,-0.008631903702161827,-0.005654353098787469
2018-10-08,-0.00038338684589880515,-0.0048303542764474286,-0.011133826368821452,-0.0033677359147066812,-0.00026460184857677644
2018-10-09,0.0014372663431172655,-0.002575672721788072,0.0005329800140063239,0.010068442679131059,-0.0012864109056290316
2018-10-10,-0.0002872695985859891,-0.021466297273746954,0.0024835810584159217,-0.0027278937786934273,-0.0328275419942561
2018-10-11,0.0029642351264772986,-0.014047513266426583,0.025366544894876334,0.012086365365869784,-0.021273388370542733
2018-10-12,0.0002866034352318322,0.0036087676360061845,-0.0047616679491750925,-0.0034882036891395523,0.013417659880851578
2018-10-15,-0.0006678258697910646,-0.0023519177975998024,0.006660030947980057,-0.0004370398893464875,-0.005496005983739668
2018-10-16,0.0005723311856352768,0.01696657433159879,-0.0017255996137757622,0.0022698701721903624,0.021068085057313862
2018-10-17,-0.0020067602944989172,-0.005727103099351417,-8.637796161615032e-05,-0.005947249194937165,0.000349469240463496
2018-10-18,-0.0006700620044203994,-0.016275841941690183,0.001122068685606197,-0.00035112585150049656,-0.014148517646697766
2018-10-19,-0.0008619838897910138,0.005664013911670325,0.0007761304849288288,-0.0021957267594749415,-0.0007874369640416354
2018-10-22,-0.00019113988219524622,-0.004402560334698459,-0.0025893597255193914,-0.0013204655981411057,-0.004144946461829961
2018-10-23,0.0012448003420679468,-0.009499803270015525,0.005859562733875961,0.003164774273969932,-0.006031136103465384
2018-10-24,0.0025806404129933027,-0.028725478584886187,0.0023171370069294235,0.007521533853341181,-0.030301500241414637
2018-10-25,-0.0008595044072427621,0.012527704904045442,-0.002231204310531111,-0.004190646900730815,0.017767150403109916
2018-10-26,0.0022908314400585726,-0.006813801879232304,0.0031736109331066205,0.006018364054998281,-0.01784923198935406
2018-10-29,-0.0010490716256304634,-0.0027714093310982303,-0.003947139978932357,-0.00226374408485295,-0.005182353528002834
2018-10-30,-0.0014327383710816973,0.012007470406389094,-0.004394427867848015,-0.004980365355069847,0.015183096395412713
2018-10-31,-0.00047769815617533236,0.007391879620448061,-0.005628951974666804,-0.005093888510374447,0.010424307236977985
2018-11-01,0.0025233405240084124,0.0127267772869145,0.01277086763550321,0.0009266396331041873,0.01031682974636738
2018-11-02,-0.002975457176698341,0.001421703877755453,0.0001715043948444399,-0.012510732845316582,-0.0062253185218028835
2018-11-05,0.000672847824669054,0.0,-0.0024032178261358607,0.003920991769809427,0.005668375509298345
2018-11-06,9.643943673027849e-05,0.004095911528338399,-0.002839826579174042,-0.0006225958605528552,0.00630851857454926
2018-11-07,0.0008642237211719329,0.013274139388851459,-8.61993040877103e-05,0.0013340252099113725,0.020901970382869704
2018-11-08,-0.0018256256708370922,-0.009821604469411065,-0.002156939731312277,-8.913557223627982e-05,-0.001705591088745189
2018-11-09,0.001249283280449456,-0.006601587432101168,-0.011291663536045476,0.007438322281124991,-0.00927795711206271
2018-11-12,0.0016304993967928183,-0.016537316592815907,-0.007188596482678694,0.006507342843348349,-0.019496390338705774
2018-11-13,0.0003836392521951529,0.004319629033179363,0.00035180582721631255,-0.0006141780916514883,-0.0016785196051055462
2018-11-14,9.602464854424615e-05,0.0007978590922209051,0.008233404279793029,0.0006141780916514765,-0.006864002712140999
2018-11-15,0.0012446371746034697,0.003185239695358391,0.0011333182475063862,-0.0004390328357359373,0.010298203425233889
2018-11-16,0.0016262340804170396,0.0011124643406749575,0.0073788789662288,0.005771269594103268,0.0025479913010093788
2018-11-19,-9.584098686535296e-05,-0.008773936401535523,0.0004323180677422659,0.002785918376110559,-0.01672016255266348
2018-11-20,-0.0003818058472939712,-0.017456502631511186,0.0,0.00034738192096300574,-0.01856845640996068
2018-11-21,0.0006685684216678152,0.013925041127169446,0.001641277459165227,-0.0003473819209631543,0.0033307754521695087
2018-11-23,-0.00028676257437376017,-0.0066143971410480475,-0.0007771357154266267,0.0010426174760524117,-0.006466356153568067
2018-11-26,-0.00019079305362221667,0.014941133672566106,-0.0011235233509469095,-0.002260407884096849,0.015539203092872102
2018-11-27,0.0002866340404876247,-0.003834394179976452,-0.005984687209490868,0.001130842622387688,0.0031275684699132553
2018-11-28,0.0019088578181643086,0.014146384053582567,0.00373378036345705,-0.004881265141599939,0.023091887092569752
2018-11-29,0.00047659996159935095,-0.005063541983554927,0.003115272664463216,0.003924423738662074,-0.0020628253681797947
2018-11-30,-0.0002860424339545725,-0.0042920843958178835,-0.001729479411524255,0.0037355108727495433,0.006610105526963628
2018-12-03,0.0016330620978923143,0.013136109095694974,0.007501675441848404,0.007074922033975026,0.012272462316527863
2018-12-04,0.00266830703964373,-0.026285726651616013,0.006080599945141696,0.01660302966983517,-0.031511447162380087
2018-12-06,0.0024711535684528076,-0.00940655507319917,0.00017072178718187972,0.003135681561451955,-0.0025363419317938007
2018-12-07,0.001328340281600744,-0.010153831307446128,0.008077219150826301,0.001859476473402503,-0.023498268946143555
2018-12-10,0.0006632824636880638,-0.007766931339824661,-0.003477935715567025,0.004129952274668548,0.00119677837574157
2018-12-11,0.000284362278731972,0.0031470246266745864,-0.0011903699128753065,-0.00016840203621834782,0.0002882270769044768
2018-12-12,-0.0007579351281439594,0.014610864614714605,0.00212467676965701,-0.0044685286025143035,0.005508063005508434
2018-12-13,0.0002842250107495081,-0.0017943877631087341,-0.0022097759847801487,-0.0023687628075331497,-0.0003279830625656712
2018-12-14,0.00028414424984661763,-0.012981934677267897,-0.004007006751401848,0.003466514120740906,-0.01862418420077943
2018-12-17,0.001703533962866427,-0.007970631471276286,0.0068957425332182515,0.005807143874303395,-0.020627880213078126
2018-12-18,0.0029334929473655057,0.0008084748735731374,0.0023726710074086807,0.005971071372490341,-0.00038585560724122095
2018-12-19,0.0009443506465827226,-0.009643990216977618,-0.0061126025718981495,0.013124240926426157,-0.016084957386150324
2018-12-20,-0.0009443506465827538,-0.004088325341757526,0.015295836918707156,-0.0036378062138148464,-0.01656902836067289
2018-12-21,-0.0004725099582745745,-0.01756555035567675,-0.004370461193212718,-0.0001656804700063576,-0.02009882826528432
2018-12-24,0.0006613792953489315,-0.011708363139635426,0.01089057789030817,0.00495811842426696,-0.02792269857035301
2018-12-26,-0.0018910233777515615,0.022937503959050098,-0.003003949025405859,-0.010773580189580315,0.04934995542520246
2018-12-27,0.0016078864186171544,0.002916192418529262,0.0075760760319352385,0.00016672628131465456,0.009251116319583003
2018-12-28,0.003678047570642985,0.005295876750440958,0.004055775698519239,0.008378722522075685,-0.0012723094905150428
2018-12-31,0.002538707976821702,0.001532573597178776,0.0015682595209626012,0.0037929011753681002,0.008960229264121145
2019-01-02,0.0007509239365112559,-0.0020436273281108247,0.000659591337713554,0.005253054835071777,0.0007829619361633351
2019-01-03,0.004120433828897103,-0.00907642514747981,0.00902531942317299,0.011315729702297286,-0.024159872779548397
2019-01-04,-0.002994969926349553,0.030161730136799826,-0.008119106827353268,-0.011642979303742551,0.03247356823635103
2019-01-07,-0.00168885048455534,0.003831744627706743,0.0034525160778516237,-0.002952743168795998,0.0074749019002167865
2019-01-08,-0.0007510781633049783,0.006463868859868328,-0.0027117139907279018,-0.0026312745910458775,0.009668412776311586
2019-01-09,0.0008449232815522572,0.011171498627688164,0.006397649700215412,-0.0015661948296378644,0.004609761091366821
2019-01-10,-0.001126992281051985,0.003913162840325383,-0.005904086348646452,-0.006454511454828605,0.004168298102930898
2019-01-11,0.0014084748059242393,-0.006858156139285449,0.0017256811414607263,0.0038940710009802335,-0.00046242325662486643
2019-01-14,-0.001408474805924132,-0.004598426983631359,0.002378067354322114,-0.003727874391753823,-0.0055218413830392075
2019-01-15,0.00018814455209463773,0.005253532741298375,-0.0017215161032263467,-0.00365890149598806,0.01164056181328556
2019-01-16,0.0008450026107102214,0.0027798124918386384,0.0031947551186356582,0.0009994563713413385,0.0022120171628946697
2019-01-17,-0.0007510781633049783,0.0035860129358440862,-0.0013094038577051105,0.000249032536119802,0.007434080754928961
2019-01-18,-0.0007515529343569187,0.010037415334840021,-0.008966489387798326,-0.005255374825111001,0.013358375101256774
2019-01-22,0.0008451994741723345,-0.015584883268648046,0.0035468368649853345,0.006752236999712006,-0.013399656849906301
2019-01-23,0.0010327592666089988,0.004570809933749983,-0.0014007184915951448,-0.0004153674587293007,0.0014884700562902947
2019-01-24,0.001687859458522647,0.0011394065547190551,-0.0015678713054947328,0.006544264602197276,0.0009910839368000128
2019-01-25,-0.0004681216579043943,0.01132330341607121,0.014511460180241248,-0.004800530779045387,0.008467441434194638
2019-01-28,-0.0005628950283184091,-0.005483785039333035,0.0034938106026215594,-0.0009960696435646716,-0.007765852482273973
2019-01-29,0.0026228865287645934,0.002261694957116054,0.005580978043920208,0.005053022427545327,-0.0012382805545173956
2019-01-30,0.0022423694288209745,0.010913239620305154,0.005710387238117351,-0.0007438943427235397,0.01569412681436225
2019-01-31,0.002982410592396397,0.0004786667846216691,0.00048105804332541224,0.008563730496029397,0.008300162100417672
2019-02-01,-0.0020726597812258823,-0.0003190857304061394,-0.002006018726865743,-0.0060584436374725775,0.0008464530483899334
2019-02-04,-0.0008419407564638537,0.0036638099757553997,-0.0043467903708823,-0.004474249655042531,0.0071055246340687595
2019-02-05,0.002149715188756151,0.007761199366813487,0.0025781491687657575,0.004557057693804287,0.004430340638767756
2019-02-06,-0.0005606593229960919,-0.00506157266587639,-0.006781846869660092,0.000495916809565644,-0.0012355517751715195
2019-02-07,0.00046694152730517854,-0.013410206583885679,0.0024273450059934865,0.006588309209525047,-0.009857406466896304
2019-02-08,0.002238378012168343,-0.00321965093718569,0.003791101346321012,0.004258774176373888,0.0012876997702513143
2019-02-11,-0.0010249053951588243,-0.0009678351442162562,-0.004923141507008373,-0.0039308081902255715,0.000522898063576263
2019-02-12,0.00018631157049639946,0.011553341719001369,0.0021013677593768472,-0.0025469259923309503,0.012860171272473166
2019-02-13,-0.00177314205758065,0.00015958107747584248,-0.003963908091330168,-0.003791509997234115,0.003011345190776122
2019-02-14,0.0014931287575616061,0.0003189330555549243,0.005577307519395154,0.0056819268841849305,-0.0022181172187484646
2019-02-15,0.0007459066820716865,0.014406922037389296,0.005947180522781207,0.001559209160495198,0.010962587746318914
2019-02-19,0.0005591759975092344,0.003765356597809798,0.015109582852092095,0.0025380104361305915,0.0017244274741253065
2019-02-20,9.340213283857759e-05,0.0028146675175615274,-0.0017378437981698566,-0.0028663838901893213,0.002307163920261373
2019-02-21,-0.0022380176130586916,-0.0020318997020354252,-0.011370537714508392,-0.00897932723049039,-0.0036392651876941697
2019-02-22,0.0025170189426523596,0.003280382649739558,0.0035920768439101198,0.005940473964438717,0.005980063409611974
2019-02-25,-0.00027900132959359484,0.0029588311251499007,-0.0010363715360959395,-0.0029657078890801924,0.0014797899008067302
2019-02-26,0.0011164245508506507,0.004808940260387549,0.0016736332310033522,0.0049382843519792975,-0.0007395211025636873
2019-02-27,-0.002141664505562152,-0.004031647644507574,-0.00711234367844341,-0.011393961860161924,-0.0005064299518164064
2019-02-28,-0.001772887660487795,-0.0013996812257320163,-0.005629776625606553,-0.0034108776270163903,-0.002340250275439184
2019-03-01,-0.0016214537819475886,0.005431328870239507,-0.017163968380321165,-0.009285685499181037,0.006849688657646875
2019-03-04,0.0012185390366453049,-0.0037211377064387406,-0.0026289836177433583,0.007806928529691545,-0.003847225145849553
2019-03-05,0.000656021237518854,0.00093162053051236,0.0013153870929190252,0.002088679142944222,-0.0011686325172460862
2019-03-06,0.0014960745391375129,-0.002486029231132477,-0.0009041270457165541,0.0036648674621580263,-0.006413538914524339
2019-03-07,0.0028001505573265173,-0.012838768918437198,-0.0008226265106168819,0.006463869156618601,-0.008074695543208448
2019-03-08,0.0013038108556384666,0.00015746889050510227,0.010886084259377201,0.004203566245019766,-0.002019154758576602
2019-03-11,9.319695813293206e-05,0.00862820896477228,-0.004896357818091546,-0.002965410999163488,0.014478139278975226
2019-03-12,0.0018599994037720924,-0.0006249843312021718,0.006035459879402026,0.0069878439546166606,0.003548005913876052
2019-03-13,-0.00046520538288010864,0.008559798785400703,0.006968612448215201,-0.0018858429829623606,0.006788209097352201
2019-03-14,-0.0014879909790249497,-0.00015495622851516636,-0.011614284265949192,-0.007249295526787886,-0.00034808582642050255
2019-03-15,0.00251018705264456,0.010790829821744636,0.00456433710702197,0.00659239334504068,0.004860824785448317
2019-03-18,-0.0001855996877655879,0.003520398243603083,0.0005690800870331783,-0.0005751045231232668,0.003572711254798124
2019-03-19,-0.0005573589168516457,0.001984137786629604,0.0027594883221057557,-0.002221005588965363,0.0003065911703085793
2019-03-20,0.0040800737255134965,0.0004575046889712039,0.006463126873942885,0.010405650960489508,-0.0035714162629884214
2019-03-21,0.0001847712946261265,-0.0006099067171990352,-0.004034541087699915,0.002198813198905837,0.011367386079801521
2019-03-22,0.004984359375480335,-0.01940312483960178,0.0023420233902432335,0.01541532274487802,-0.019193545306442135
2019-03-25,0.0018393748464755153,0.0013985878895689651,0.007633907060241407,0.0016001379483847635,-0.0008973441908899426
2019-03-26,0.00018348096968881787,0.004956588628775905,-0.0049754946888428755,-0.0007196082519628182,0.00719395564917527
2019-03-27,0.002111011783147809,0.00046321276377987415,-0.005243016760484571,0.009160102687836723,-0.004660458829054371
2019-03-28,9.179570254493539e-05,-0.0024741127065065678,-0.014253957303041619,0.0034823213218906955,0.00388535465152866
2019-03-29,-9.17957025449656e-05,0.004171784356346315,0.0009019770912032663,-0.0009482142826505548,0.00641659636953399
2019-04-01,-0.004587000024867279,0.01271552344053014,-0.003941890257643701,-0.014305851558940793,0.011454309134349486
2019-04-02,0.0011071879360506087,0.00030444277132006493,0.003695988550420936,0.0018471138217477365,0.00034276117308545246
2019-04-03,-0.0018456737900849984,0.0077313795812546954,-0.0014767440573913667,-0.008705339364438071,0.0018642370567889378
2019-04-04,0.0007384858540344923,-0.0021164582136961904,0.0025419025120261784,0.0028297188881151463,0.0023913284303826604
2019-04-05,0.0007387277880146965,0.0025692530583421415,-0.001065158454634802,0.0012910570096036304,0.004804098237527699
2019-04-08,-0.0004624500366593889,0.0006037929740105051,0.004335552354601057,-0.00355386867777974,0.0008674344506467426
2019-04-09,0.0005543373849334839,-0.006356046948155357,0.005210460213684454,0.003150415381515052,-0.005330214540292742
2019-04-10,0.0019351904775732225,0.003788201866200289,0.0030808947099307334,0.0024169836762310136,0.003443232496243065
2019-04-11,-0.0011972505269371243,-0.002119589963287097,-0.012872932029622242,-0.005891482250740737,-0.00018866879731633296
2019-04-12,-0.0019382112557676371,0.006947552441958384,-0.0009844542413608548,-0.00714810037970804,0.006739623568001816
2019-04-15,-0.00018435406537170037,0.00045151200721814193,-0.0018896884121835308,0.002524253644275473,-0.0006757689368082183
2019-04-16,-0.0017567441539847015,0.0007516833472822793,-0.009004202217837268,-0.006280883106302425,0.0007133799997869641
2019-04-17,-9.296583652535932e-05,0.002852302760898884,-0.0019104067944000637,0.00040906249836503676,-0.0024419595537933845
2019-04-18,0.0012950422821360842,-0.0005997032252007477,0.0007480072379889946,0.005220641422660249,0.0018790530064307016
2019-04-22,-0.0012020764456107764,-0.0016513284716128008,0.0,-0.004811823776097218,0.0009757037260209669
2019-04-23,0.0017567441539846822,0.0019513686467867082,-0.0020790892290242957,0.0021233475910132464,0.008589928054065329
2019-04-24,0.0023067032217293864,-0.006921561783614197,0.002909503431152912,0.00812517284613424,-0.0019728010452715523
2019-04-25,-9.215206389803928e-05,-0.0007551928908891265,0.0008297251865102907,-0.0014572090164064668,-0.0003729032178321269
2019-04-26,0.0020256478658859287,0.0040713982222093745,0.006613259149985578,0.0033979812587677013,0.004574986874449258
2019-04-29,-0.0017491298184830067,0.004055032673614808,-0.004459139554905491,-0.006401321911158848,0.001260385944769326
2019-04-30,0.0006443588597164155,0.0005993256492484262,0.003057434262503009,0.00510812259241731,0.0006298502750927928
2019-05-01,0.0006465603863846203,-0.005708400861394557,-0.0066225029075604345,0.004116833908378023,-0.0073226654636028374
2019-05-02,-0.0022164107834721867,-0.0015074675401472268,-0.003827907452540267,-0.004773545716040879,-0.0019793277730145763
2019-05-03,0.00166200490675467,0.010655055558485064,0.005902166622599615,0.0028346518064060362,0.009450146804405236
2019-05-06,0.0012920610517231838,-0.011409750811126563,0.0013252386046357174,0.0027459190985374147,-0.003970100950576723
2019-05-07,0.0011973453586105753,-0.01766998525872752,0.0033055276063594123,0.00763173940670898,-0.016342049519709044
2019-05-08,-0.00018420745014525468,0.0012286592268258075,-0.002478073455137969,-0.004331426005348895,-0.0019672412741382622
2019-05-09,0.0005526075990087273,-0.0046153136972650315,0.002395550981643927,0.0040909921924657845,-0.003071491656489855
2019-05-10,0.0001843666885505185,0.007374399819109574,0.0018959191232165698,-0.0013616788119189566,0.004660286488040276
2019-05-13,0.0016546456212700737,-0.02354143287923926,0.010159840539079522,0.00782527826651053,-0.024840583245227085
2019-05-14,0.0008265142044920449,0.009979784945420823,-0.0017133695443152437,-0.0029473736672073355,0.008643722421476617
2019-05-15,0.00174238254810849,0.0035623826669345287,-0.0005717761663673002,0.006123669241804973,0.005899354987840153
2019-05-16,-0.0011918969074129133,0.008007306910896001,-0.007216080906090217,-0.003335835016656459,0.009125243094596877
2019-05-17,0.00027525929095852,-0.006616861885111351,-0.007102776783024275,0.0022253765210715993,-0.006074320352135294
2019-05-20,-0.001376620604372279,-0.00402207006885725,-8.290551782707826e-05,-0.002065837079012915,-0.006839283795957262
2019-05-21,-9.195790765687555e-05,0.006643366836106038,-0.0023236423674714048,-0.0015920145757299248,0.008437280385300807
2019-05-22,0.001651782535885803,-0.00401174179303345,-0.0009975291545631813,0.005719129810434944,-0.002740904625301993
2019-05-23,0.0029304258926436655,-0.009163775010431339,0.007704775453647589,0.01118471111374791,-0.011772825226267991
2019-05-24,0.00036584058807348816,0.010708578226921001,0.0010723379767872785,0.0008612459667473415,0.0017345451881674487
2019-05-28,0.0014607311683107805,-0.009772818821302185,-0.0038822269155751525,0.007174324127116434,-0.009012889134414764
2019-05-29,0.0002741726611301368,-0.006411676965289763,0.0003309964016131658,0.003025278983664774,-0.006901257272176577
2019-05-30,0.002642366566560206,0.003758130983809569,0.006761236816409685,0.008562245483583489,0.002774095180475264
2019-05-31,0.0046302933757031844,-0.009106556655379934,0.013386857013473643,0.012441275228880807,-0.01347314123011217
2019-06-03,0.002358093944800076,0.005818833742151146,0.014329650783140814,0.006667085134524361,-0.00297050989389781
2019-06-04,-0.0009062618024348776,0.011382580960176575,0.00031967486235552026,-0.011467426217306965,0.021774589429072025
2019-06-05,-0.0005439975691900741,-0.0003101548946711463,0.002553665830468566,-0.005667581818967314,0.008424870871001439
2019-06-06,-0.00018199731709008727,0.004023937944863967,0.0032623544765036684,0.0032206471439242524,0.006482556821609024
2019-06-07,0.0028088377077235423,0.012586520901880678,0.005624438342681366,0.008614426239177686,0.009930009974752893
2019-06-10,-0.0026268403906333795,0.0027417821841113875,-0.010003215486538885,-0.009456942529385755,0.004683559229745952
2019-06-11,-0.00018199731709008727,0.005007509578298302,-0.0011975692988471266,0.0006127568726344489,-0.00018859205679947123
2019-06-12,0.0012700385408214606,-0.0074442453525681495,0.005179100221238763,0.0007657800523724976,-0.0018862702935385427
2019-06-13,0.0021721962577913394,0.0009145813067339899,0.0061006935016299476,0.0034376546877350075,0.004445478407475211
2019-06-14,-0.00027139458602179695,-0.007339517553437242,-0.0003160129284807664,0.0025135914706163566,-0.0015041664622533093
2019-06-17,-0.00027129761044858327,0.0007209663700207331,-0.0006322652864021801,0.001747746333570878,0.0009026302996281329
2019-06-18,0.002710010054268678,0.013228734305557033,0.005047324392238259,0.004999155339677867,0.009918698283384141
2019-06-19,0.0034228427694372185,0.006165238644240173,0.006038970838080658,0.0014344371566902896,0.002640218565934979
2019-06-20,0.0017064876584260884,0.008720237935026708,0.024866155493817887,0.0026370923498702232,0.009280133231168107
2019-06-21,-0.002606234504672385,-0.0042740998716769936,0.00661369341666817,-0.011046848552184518,-0.0011786334440263737
2019-06-24,0.0017983459661125955,0.0021393692019647578,0.014741593126273352,0.007428641737325775,-0.001289815059207754
2019-06-25,0.00017960602450271622,-0.0059710256264610155,0.0019392450876947497,0.0030918140011396817,-0.009936451649651352
2019-06-26,-0.0022478217242914746,0.0012276159929272596,-0.009207653748305768,-0.006420413466473745,-0.0009690387500683323
2019-06-27,0.0027865309955263638,0.0024511503972847485,-0.0009781791081800058,0.007022683581299903,0.003502969317814712
2019-06-28,-0.0004492571729010192,0.005644915336353006,0.0027063662544696662,-0.0006776950221444476,0.005513943897665532
2019-07-01,0.0007382671515133904,0.004705251556590237,-0.019559428102497136,-0.002341354932088448,0.008472274320069112
2019-07-02,0.00179736751959767,0.00287286304265648,0.02113481354805423,0.007683285660042333,0.002905975065940874
2019-07-03,0.0016138947851281023,0.006771462655834465,0.0016477026920105947,0.007103936812639388,0.007647964199935152
2019-07-05,-0.004221361569036314,-0.0076777987003072605,-0.011212861349998495,-0.013351909002195518,-0.0012766404673533337
2019-07-08,-0.0005401767259092036,-0.005759378187249681,-0.006453396174434407,0.001358647847478925,-0.005012749281458212
2019-07-09,-0.0002701554342615488,-0.004265056467628328,0.0034976216131429347,-0.00037746609015702976,0.0012463344539521703
2019-07-10,0.0007202806075020842,0.0035046855798541144,0.015664164068756106,-0.005521597384707888,0.004642034597225349
2019-07-11,-0.0036980077761269072,-0.0003040107513285954,-0.008479433149487648,-0.013440857900443234,0.002003620678866181
2019-07-12,0.001084083172973752,0.0012164149567775093,0.006235244213343071,0.0011526867517072084,0.004901465846299388
2019-07-15,0.00144277032807846,0.0009114301367548082,0.0,0.005743155195668329,0.00025373670728051206
2019-07-16,-0.001082094824051793,-0.004107993359530978,-0.008498565150237166,-0.002982549373169705,-0.003264122846035173
2019-07-17,0.002613491352170589,-0.0013731613975058018,0.01633123396202252,0.010740121774871068,-0.006779351743659037
2019-07-18,0.0016183446689300304,0.003048635690652082,0.01401922107283276,7.567345898534931e-05,0.00365044511748828
2019-07-19,-0.0011688379820298004,-0.002896000855673044,-0.01483691752503857,-0.0023512658117734986,-0.005371110913137271
2019-07-22,0.001258457914103823,0.001067934969127027,-0.0001487748968767623,0.0018969246752471346,0.002414921431858534
2019-07-23,-0.0009888000808352566,0.006232481401585092,-0.005668654760058427,-0.005472137564118647,0.006847791158596536
2019-07-24,0.0014380468857748297,0.0007574912859821661,0.005073447292028362,0.004334414612306305,0.004599226348822671
2019-07-25,-0.0015275015782387135,-0.010197276858658883,-0.007095118991376651,-0.00479138509152536,-0.004889986795938418
2019-07-26,0.00018000143491204111,0.0019867343669857686,0.00164757936404381,0.0023604675106076393,0.007127497777776093
2019-07-29,0.00044973501417162854,0.0021351275928157753,0.006637600502192369,0.00030435839953356315,-0.0018039882432677812
2019-07-30,-8.999849444682164e-05,-0.011645868081853738,0.0033393742390960437,0.002430393362104163,-0.0024229562843008827
2019-07-31,0.00044889688658830343,-0.0066497397786229335,-0.013199706898717264,0.008008001726323162,-0.011396605295509126
2019-08-01,0.007804375113789111,-0.00279689006839581,0.0237382025873749,0.019665985964569272,-0.00842067913944579
2019-08-02,0.00035740673404758427,-0.008908168271463483,-0.003819352910475418,0.009199089161335657,-0.007338929268986861
2019-08-05,0.004367625645329516,-0.025277694744192617,0.013885007839557597,0.017140207917240084,-0.02994456434237758
2019-08-06,0.002664796041401296,0.0067395982230995365,0.008095529492025941,0.007961486895954425,0.012797238561353633
2019-08-07,-0.0005325247324395308,0.0038307750181567875,0.01507548681526026,0.000356750950676394,0.0006809790129979911
2019-08-08,0.0009754545270670956,0.009671061637607954,0.005022054446004403,0.0021405203223686334,0.019326614053857456
2019-08-09,-0.0013306286265257483,-0.006966348176140571,-0.003321683939870917,-0.0019974791731923046,-0.006997998451794322
2019-08-12,0.003633446914163958,-0.0079758209412533,0.009651773675578623,0.02063533333467686,-0.011799100509522589
2019-08-13,-0.001416632005815894,0.009404645062239203,-0.005977346952418699,-0.0034329764211273464,0.01537838829063208
2019-08-14,0.0030957722983558185,-0.027831029589204255,0.00681829671908825,0.022279416665722432,-0.03057517408345169
2019-08-15,0.004581692996118045,0.003420041188971384,0.006632923311853109,0.011058443004363814,0.003142241528165836
2019-08-16,-0.0007914385687635788,0.011958686100049373,-0.00642279632319684,-0.008043233364224373,0.014545635120796416
2019-08-19,-0.0026429652008137074,0.0060858299445368785,-0.011765243129746363,-0.014405304022535093,0.012217006101649608
2019-08-20,0.0027308419943021275,-0.003358778830603079,0.007765153200510364,0.010291026049012652,-0.00777773596643446
2019-08-21,-0.0005277071569199967,0.007024404744809295,-0.0031694374885161206,-0.006687422306974779,0.008075937231509553
2019-08-22,-0.0026443780005404776,-0.0019107362563612995,-0.002542737809443374,-0.006663416357461612,-0.0003725443982087895
2019-08-23,0.004051006228908946,-0.012510221266129844,0.0194004358255685,0.01630151551578098,-0.02600009136459851
2019-08-26,-0.00043899249329620724,0.008197500265511712,0.00013874512727632068,-0.004050695449075089,0.011025797713074584
2019-08-27,0.0031601725218632967,-0.0008009474878298612,0.009525229640210546,0.015291671194930462,-0.00393995065624974
2019-08-28,8.780016687681496e-05,0.0,-0.002820513317677276,0.0012862693857835757,0.0069230372421766806
2019-08-29,-0.0006137751093417863,0.008614012471693116,-0.007190355573252848,-0.0037959485745120394,0.012921708445526045
2019-08-30,0.0008764712727118659,0.0039627027310779,-0.0025705723222454796,0.00027135277193221947,-0.0004092684850145398
2019-09-03,-0.00023702409410275037,-0.00190007229753748,0.013817145553141903,0.0012912562945328737,-0.005562658314718413
2019-09-04,0.001755327059671155,0.01400829893138431,0.006224182405113975,0.001493823649823925,0.010650183474055433
2019-09-05,-0.004306168736342377,0.005300235761858035,-0.02429383958928248,-0.018276728382148395,0.013137201117514782
2019-09-06,0.0010564861550673844,0.0032595764828792584,-0.008559662387184017,0.007090337370395596,0.0007306248115014502
2019-09-09,-0.0042319133689262284,0.0029399891509017157,-0.0037414803722944866,-0.01792480978455332,0.00025574745149921954
2019-09-10,-0.005403994934594417,0.0016979778146688207,-0.008594766463448816,-0.01768330484184403,0.0002192750451337297
2019-09-11,0.00017828630139958082,0.005537717248739509,0.0060453662250154515,-0.001778860076342611,0.00716687828714374
2019-09-12,-0.0015999730340496682,0.00581230480502737,0.0020542492696135994,-0.006572390871006059,0.002932510757355391
2019-09-13,-0.005977999145666047,0.0056269584786110115,-0.008313640257218174,-0.021590378693591164,-0.000252815160055167
2019-09-16,0.00268082581878657,-0.008987880864985118,0.008313640257218249,0.012663211225119944,-0.0032956868715101908
2019-09-17,0.0015164457971324741,0.003360922386374093,0.001979350045407386,0.0054086823653262195,0.002716926241434402
2019-09-18,0.0011572124054329328,-0.0012207559472236134,-0.006305141849164153,0.004234765160817063,0.0006148109276020119
2019-09-19,0.001423155599411966,0.003353606508895995,0.004042645700960864,0.0030040074200396584,-0.00021705714862686355
2019-09-20,0.003637815293460337,-0.0022854887049394783,0.011751169204553406,0.013123732345171743,-0.005366270654186187
2019-09-23,0.0004426976564291212,-0.002596412280576001,0.005580782257567522,-0.00021147896364848465,0.0006906358962532875
2019-09-24,0.0027403101868572277,-0.0038304104720530492,0.00527299162043293,0.011982176989802803,-0.008318284994848478
2019-09-25,-0.004157915402015191,-0.0029212940600975832,-0.018719501081169466,-0.014735016153305275,0.0060996658433940055
2019-09-26,0.0016829805613726664,0.0036884501509664015,-0.0002821278180384957,0.006411740697403439,-0.0019742531547100465
2019-09-27,0.0012385642441258857,-0.0033803306810138924,-0.005161727926224835,0.0024553766799467534,-0.005624537837503888
2019-09-30,0.00026472828544538124,0.0036871002876921717,-0.015647105922203676,0.002448837175165457,0.004927965443592733
2019-10-01,0.0018139607473878514,-0.009862881728532493,0.005457893373498284,0.0030061825306849457,-0.012105245525751627
2019-10-02,0.0007068807105111526,-0.020654956162463715,0.011606023170116823,0.0024403648093269227,-0.01779449762208891
2019-10-03,0.003879554099231089,0.006618600938042056,0.004520416059329575,0.009080568424082084,0.007905886729664715
2019-10-04,0.0015826952785812924,0.007822269421425741,0.0,0.007356104674116426,0.013779584129169808
2019-10-07,-0.002727395172509514,-0.0012475521844988037,-0.00856363541098911,-0.00832294767119658,-0.004299511119962579
2019-10-08,0.00035249422128765505,-0.009405845475138492,0.00870459991703739,0.0026903344184159594,-0.01564891772215831
2019-10-09,-0.0005287055884307299,0.00721917026970961,0.0009156241246349503,-0.0056641944710983825,0.009276847818779412
2019-10-10,-0.003442507753168818,0.0070121854409353115,-0.008767683192965708,-0.01500672062223607,0.0067806077865959335
2019-10-11,-0.003276554268178755,0.01769953112892699,-0.005554769940672898,-0.012454286876757282,0.010379519259346501
2019-10-14,0.0016841061170706911,-0.004127604419313876,0.003991150393420187,0.007236703152245533,-0.0009188544965824664
2019-10-15,-0.0032821999294327386,0.011574991074489829,-0.0069950016712766044,-0.012161689324982565,0.009626438882652433
2019-10-16,0.001775824593637524,0.0015127672608513567,0.005713914835703777,0.0012159077306304823,-0.0015677602850026145
2019-10-17,-0.0002663592842683437,0.002416427095925707,0.0014233647353723328,-0.002433295692878266,0.002696587566598582
2019-10-18,0.0007093881503780509,-0.0004526576316386349,-0.001067306413452129,0.0,-0.004119912724210445
2019-10-21,-0.0027516763367414483,0.005417570792619483,-0.004781550075213642,-0.007550986853416183,0.006954208336788168
2019-10-22,0.001509854415759999,-0.0024040219602474515,0.0029287043785159624,0.005830242001548124,-0.0035256594045950202
2019-10-23,0.0007987930548716939,0.00540124305913805,0.002351027592914482,0.0010042341167471897,0.002944835139729779
2019-10-24,0.00026562541660157113,0.001793974103275879,0.007090719694468963,-0.0020096125072652177,0.001632579156302905
2019-10-25,-0.0014196148610160445,0.0010449772541911546,0.0023289599557340403,-0.004897251211790243,0.004159441501332234
2019-10-28,-0.0021334160642414875,0.004466385442227178,-0.008637230479381003,-0.009138144530471789,0.00579506790348461
2019-10-29,8.914611170014148e-05,-0.0002970138362382715,-0.002776885194246242,0.0006560475289390255,-0.0006462809399738411
2019-10-30,0.0028431808350994256,0.004151782653203773,0.005475210184932403,0.014527702287515269,0.003512879994815831
2019-10-31,0.0038963864389077608,-0.0023706042973441403,0.009948844935468628,0.013400991920698794,-0.0032257069010639622
2019-11-01,0.00027410000048156194,0.008860127462923867,0.0009123470738276627,-0.0030834816375708766,0.009468554069307642
2019-11-04,-0.002482108474372104,0.005132671198651862,-0.0028801514371747305,-0.013248757544359726,0.003975132595902298
2019-11-05,-0.003735500497451792,-0.0019034625841698198,-0.016312331868591004,-0.01131020532759864,-0.0012764604870746593
2019-11-06,0.0015137289159913006,-0.00043964873743362003,0.004281068530555171,0.006033519694493555,0.0005321014301752755
2019-11-07,-0.004726944718899016,0.003074106357879541,-0.015643205521891117,-0.018284831784642023,0.0035382776074763117
2019-11-08,-0.0005361241935428106,-0.0005848355345925341,-0.0063847338065501705,-0.004216070919209246,0.00243420330444028
2019-11-11,0.00017896236567632823,-0.0013170975317569988,-0.0024048241483873045,0.000666863676699594,-0.0019395953051596204
2019-11-12,0.0010722691711004472,0.00043920241822642645,0.002695874927586959,0.004582242919876947,0.001974799926673761
2019-11-13,0.0017855342717933108,-0.0035189635493951665,0.003994072881030811,0.006467565064440784,0.0004228343447763866
2019-11-14,0.0028486647324763603,-0.0027947556467934967,0.004194711040663475,0.010276816793523345,0.0013373618142683234
2019-11-15,-0.0005336779739685655,0.0063137191961887065,-0.0025291110010524226,-0.0010885335863084938,0.007429460917863671
2019-11-18,0.001866586783468856,0.001170355634901504,0.002962025072169786,0.0018128185749267975,0.0006280317596302527
2019-11-19,0.0007101809786570762,-0.001316849376089747,0.0005049030061831341,0.008298686741457742,-0.0004887492645751018
2019-11-20,0.002392937685735923,-0.0063147161659769,0.0005045382424530197,0.01029430685294308,-0.003531881697593971
2019-11-21,-0.0014177162690936895,-0.0013265984057664294,-0.005492097356825017,-0.006278307453534828,-0.001542393881921776
2019-11-22,0.0005319514566244413,0.002798734732500137,-0.0018857951599790925,0.001287011377447336,0.002208009764584636
2019-11-25,0.0009747438580452586,0.007912056370187142,-0.004803179633254922,0.00292657334136498,0.007567965372220992
2019-11-26,0.0014147591164160728,-0.0005837765512189666,0.004803179633255016,0.005827510491982889,0.00201299835101261
2019-11-27,-0.001238557747589496,0.002625031731114533,-0.005314014225370608,-0.0029096766244317003,0.0047045568954955635
2019-11-29,-0.001239597925274882,-0.007015593295261819,0.006184806112979683,-0.0021334438156511,-0.0038377865887514484
2019-12-02,-0.0011013365378542653,-0.005146667131887001,-0.0005079436043828876,-0.013423226695273125,-0.008175026568732402
2019-12-03,0.004523091274720759,-0.003692436294887436,0.009534253178573626,0.02075087160737426,-0.007045115515263242
2019-12-04,-0.001683019401407815,0.009132284306318334,-0.0013667767637935283,-0.010035251478430022,0.0063817190248610794
2019-12-05,-0.001152517548722579,-0.0019078681589992541,0.0005757184354598549,-0.004876291660462674,0.0018503966116270411
2019-12-06,-0.00142116141000923,0.009067116705936074,-0.009977704836757457,-0.005550033857071226,0.008857055283806498
2019-12-09,0.0005326556780705091,-0.005254807617759531,-0.0002906488870483782,0.002166068436003329,-0.0030476411343917167
2019-12-10,-0.0003551273783986335,0.0004390825508689115,0.002830699660654389,7.21372695694828e-05,-0.0009372817292519725
2019-12-11,0.002662035550942151,0.005252438666570925,0.006861935627691577,0.007830256760812017,0.0026003683535442985
2019-12-12,-0.004262747835122385,0.006671576473583684,-0.0035334849047766476,-0.016595302023121077,0.008756764309192276
2019-12-13,0.003996862943240081,0.006914463821642752,0.004468872836715887,0.011501874774970814,0.0003775245405379246
2019-12-16,-0.002041023280661229,0.010627709996391153,-7.198939739749056e-05,-0.009031099547649569,0.007044013809353001
2019-12-17,8.892742783935774e-05,-0.005762015224462081,-0.00021577975709612248,-0.0013796890044347639,0.00020434439472607934
2019-12-18,-0.0019554999635331247,-0.0013010835966444144,7.200493236905694e-05,-0.008246081617781231,6.772227179411257e-05
2019-12-19,0.0010781115415233946,0.0,0.0025862126377012157,0.0015987526580471256,0.004146912901308925
2019-12-20,0.00017773911509469089,0.0007231523159304477,0.0010039397404910592,0.0013178570832831852,0.005075761997000737
2019-12-23,-0.000712304717164828,0.0015887756044452976,0.003077203372165587,-0.00146428651538187,0.000979565219950999
2019-12-24,0.0012466550954686453,-0.0010108443237313621,0.009387789011397068,0.002853934772309459,0.0
2019-12-26,0.0008898123033693621,0.0043246043362534185,0.00782659080315549,0.002408825960916338,0.005102265309063857
2019-12-27,0.0013320810337570047,0.0017247251660699506,-0.0003512560225688557,0.0010927214482973739,0.0
2019-12-30,0.0,-0.00749491856714187,0.0021055808220621446,-0.003647921955473586,-0.00550898207173653
2019-12-31,-0.0023108354664430385,0.0046191223156638005,0.001891143454574884,-0.009841965930041094,0.0025722885775441864
2020-01-02,0.002754688279342581,0.010029972372738588,0.007320953634035891,0.011229820626586758,0.008818666600178134
2020-01-03,0.0029245144667335633,-0.012481493984606571,0.013181265882528811,0.015282709910258376,-0.007332232798432664
2020-01-06,-0.000796874151148106,0.003890320201317182,0.010434868967011986,-0.005695095430932323,0.0037402815158105655
2020-01-07,-0.0010633778240695204,-0.002736024377772208,0.003927428056507489,-0.004927266633897019,-0.0027613889416755397
2020-01-08,-0.0011528853853734788,0.0028799237367152695,-0.007529802584635164,-0.00663323254605333,0.005145810503880062
2020-01-09,0.0010639449841951913,0.0022977162301467,-0.0056676844863565315,0.0035043769671856922,0.006887903040774726
2020-01-10,0.0016838300500411324,-0.003736774837986488,0.006008107616788398,0.008851461846587647,-0.002869434387247384
2020-01-13,-0.0006197818165128334,0.005170270694469501,-0.007447144703816297,-0.003038144326541553,0.00659434567761657
2020-01-14,0.0008851441428674593,0.001002239094604415,-0.0008919411826434922,0.005130735251489369,-0.0013285258711188547
2020-01-15,0.0015031298454149244,0.0,0.005817289492435278,0.006609502631647951,0.002224557061546434
2020-01-16,0.0,0.004141371284111409,-0.0015707412123407796,-0.0031555087898601404,0.008323067934775934
2020-01-17,-0.0011490942468402976,0.0029883874791814856,0.0018437252860089575,-0.008584729093277153,0.003382142433935868
2020-01-21,0.002826716389652456,-0.007988721394496195,0.0010909837309721073,0.010451043954235566,-0.00206732587163431
2020-01-22,0.0005286654066004116,0.0020030554576057524,0.0003405975107135845,0.0035071841702701413,0.00026280011576777047
2020-01-23,0.001321587014754983,-0.00243294644695417,0.002245598875511729,0.0069769532165795435,0.0009847204847457868
2020-01-24,0.0018468353088801311,-0.004307570743023981,0.0058285535187767275,0.008056383743265276,-0.009162365588347189
2020-01-27,0.0030715845421839917,-0.020940220888549008,0.006802125843070944,0.015435180718463178,-0.016020027269221897
2020-01-28,-0.0008765401992751393,0.009360783335459288,-0.00896686803661793,-0.007862477212278254,0.010775008321823078
2020-01-29,0.0022772783367736287,0.00014554496307362728,0.005403248480831511,0.009731838349772167,-0.0009991294803283408
2020-01-30,8.735912990343739e-05,-0.000873655227862537,6.731894098032181e-05,0.00013847333908435802,0.003126947879644489
2020-01-31,0.0029699727645553114,-0.01704414362228254,0.005775708477189364,0.009087955868585941,-0.01809757649565786
2020-02-03,-0.0003234832496785326,0.0023681855569163087,-0.006516877595597702,-0.0008106095773840041,0.0072449968835487585
2020-02-04,-0.0033278492562462017,0.016567970136741116,-0.013094308186782415,-0.01355831100759781,0.015293408561848163
2020-02-05,-0.0014926141090613044,0.00955141663022012,0.0012285555646719122,-0.010994804268915092,0.011244968890995757
2020-02-06,0.0006146649976306259,0.0027328763238496675,0.005373934234125879,0.004496831317885796,0.0033942308350818243
2020-02-07,0.002893451471957333,-0.00952515766529461,0.002642363450658169,0.012400443511958669,-0.005096171428030369
2020-02-10,0.0011377586022719565,0.0020281443783508506,0.0025679490647931946,0.0027656618379099224,0.007147161713653427
2020-02-11,-0.0012250824147682707,0.0067785661115748195,-0.0034478924308700464,-0.005053218289011816,0.001819480815068989
2020-02-12,-0.0010514870243647516,0.003443875236774164,-0.000813078481224605,-0.005078948037348182,0.006406268453637657
2020-02-13,0.0007012224330246778,-0.007043940932628687,0.005677303718111386,0.00382952819243974,-0.0009682558013811646
2020-02-14,0.0010501826247666431,-0.0017324932262527681,0.0041697222765956264,0.004367736109159111,0.001677404334139147
2020-02-18,0.0013118677182144228,-0.006378548843920536,0.012737350951843347,0.006825080633519518,-0.0027433199842565132
2020-02-19,-0.00026189562600514643,0.0033392596717903063,0.005814285510176441,-6.869555435869148e-05,0.004803580221357949
2020-02-20,0.002269480552412818,-0.00596063169098938,0.0040763395182913265,0.007803341641180822,-0.003931146277303006
2020-02-21,0.0020038046194110356,-0.004676912124203942,0.014913455926308593,0.009297326999887737,-0.010418943776942406
2020-02-24,0.0032151767089678485,-0.04081600469475039,0.008945002656717951,0.01481764127428669,-0.034015474506507846
2020-02-25,0.0017334110417271452,-0.01661834783341375,-0.01803593472393269,0.005310547736712282,-0.030503800993843682
2020-02-26,-0.0010396056603408147,0.0012405682300297759,0.004360980385151266,-0.005310547736712337,-0.004429615896813087
2020-02-27,0.00017323555691866493,-0.030045464189557322,0.00019481624361363943,0.010790538998592872,-0.04533715081316642
2020-02-28,0.007340410330012714,-0.006086786339390127,-0.03717601874476565,0.02233231153056697,-0.006053597706402121
2020-03-02,-0.00035346080652413523,0.012771500467801412,0.005511083646655957,-0.007384556527543925,0.043670470152747075
2020-03-03,0.0067907704428085275,-0.008122953324739985,0.030950390194086085,0.015405929520220749,-0.027970338120987353
2020-03-04,-0.0007711048303349569,0.02946717769536409,0.001752990351755443,-0.010675178982798215,0.04060748974953714
2020-03-05,0.0030816487242277327,-0.02691168706667028,0.021370951204574475,0.024587122602120294,-0.03407191020067957
2020-03-06,0.007323362971044219,-0.015107948272603037,0.0003808885074389379,0.05073481126083762,-0.016913519055584848
2020-03-09,-0.0012732772064541716,-0.08074463281263139,0.0016488747161249012,0.02674226857533145,-0.08030236603003349
2020-03-10,-0.011363652673703109,0.03620460061413894,-0.02132715182628954,-0.05261830830364351,0.05004729356279979
2020-03-11,-0.014366064474972153,-0.0523097887023,-0.0035667044227174947,-0.03749235626330673,-0.05085252729202965
2020-03-12,-0.040832947167760425,-0.11642358365775952,-0.04070560424243849,0.006178149913992286,-0.10172000345140329
2020-03-13,0.015586796207102101,0.05877163602173082,-0.03099155256530076,-0.02286243832275381,0.0893195032074772
2020-03-16,0.016578838569988017,-0.10891557600227038,-0.011512126298224866,0.0627547230469419,-0.12486992564754304
2020-03-17,-0.026190358719966732,0.047534808274963244,0.01346442633870517,-0.0690100904826374,0.06341696816053022
2020-03-18,-0.03883489402847051,-0.058980474797045136,-0.02012310684271081,-0.05806667519381815,-0.05621426116715848
2020-03-19,0.022087046746380096,0.015441852898853444,-0.019086492837834465,0.026861415788667877,0.0008627881661733722
2020-03-20,0.009863856484474479,-0.012462194935326588,0.014884383146683595,0.07250264957365393,-0.04454643921354363
2020-03-23,0.023444328309082926,-0.011758333627943533,0.043231496146295734,0.040382879124478945,-0.031182504602417938
2020-03-24,0.008222188676741987,0.08133209810938857,0.047389520259250466,-0.01878999048135156,0.09108655597613426
2020-03-25,0.01016238553184186,0.03199655159669934,-0.013784208180364264,-0.0022739387892525362,0.01274516269945465
2020-03-26,0.003045742637071763,0.04376696897702638,0.012740714714697083,0.0049097162251019325,0.05836373127960984
2020-03-27,0.004248787096019111,-0.02890097910439943,-0.006481449089244015,0.02634291886206765,-0.031200963165921462
2020-03-30,0.0009513773487705293,0.02003997316550527,0.004390990264267052,-0.008262791638555663,0.03182529852558193
2020-03-31,-0.002683330882470945,-0.008753186098079166,-0.032364821693651916,-0.008150360500747127,-0.014962095133240632
2020-04-01,-0.003402293181604957,-0.04534479112493886,0.009411793149400162,0.01391384532128348,-0.04610202946502536
2020-04-02,0.0014803381610355403,0.019384062683506544,0.01626050111056189,0.006325631698907411,0.0231222378984558
2020-04-03,0.0006962405062136924,-0.023110073532742078,0.004925309776577716,0.0023764998577615205,-0.01488736289180395
2020-04-06,0.004858959274666907,0.051685864867298245,0.02733353381543522,-0.0026147261069436574,0.06580684063291334
2020-04-07,0.0013836523374609925,0.005581705372746368,-0.005368871400719198,-0.010527366485625255,0.0005335074576361515
2020-04-08,0.0009501715664373564,0.008130041827064925,-0.008947881947437637,-0.007302955168264664,0.03337764995980221
2020-04-09,0.012357603669563996,0.02238284441174147,0.025788169295063085,0.0018158875031114635,0.014736129001175352
2020-04-13,-0.004701868775906271,-0.009583087469059046,0.01699510551392902,-0.009172114906934722,-0.00974736005812333
2020-04-14,0.0005141332591329796,0.01764842280839863,0.007837301543346824,-0.0002442480946844285,0.03007376997774603
2020-04-15,0.004102396782170534,-0.03173722118401465,-0.005115017933585634,0.026144863792078993,-0.022009618232141707
2020-04-16,0.0012786879378243756,0.0005526254159279223,-0.0008653689753940822,0.011292467125221691,0.005041279470671459
2020-04-17,-0.0011933492032215618,0.026174081343566233,-0.019608466717140425,-0.013495212532024703,0.027225050099193307
2020-04-20,-0.0014508038252351156,-0.015002703323613571,0.007100853720992193,0.008012884328307558,-0.01818317258861461
2020-04-21,0.0005121497348323777,-0.019678855251916143,-0.006848673348053854,0.012512681038125376,-0.031033888627912988
2020-04-22,0.0,0.016760757675171392,0.019479888950845802,-0.010268971423052475,0.02175810023683415
2020-04-23,0.0023872775243539107,-0.0031098055168333177,0.009905643795524405,0.005294575813871815,-0.00019484801443949446
2020-04-24,-0.0005106922916375573,0.011476385230033031,-0.004294729942651925,0.00234401950614296,0.014403291600291922
2020-04-27,-0.0046119556214643176,0.013135577940359014,-0.00666258998355511,-0.01878879650889289,0.014350252699268184
2020-04-28,0.003929603484069668,0.007479982613912646,-0.004466516323334757,0.01144518434070754,-0.004633770883645515
2020-04-29,0.0006823521373946848,0.024709971821176967,0.005518192454017435,-0.005202453116901945,0.025446133506764092
2020-04-30,-0.0022179104202213087,-0.020990693849059796,-0.018282683683788697,-0.011745896275038414,-0.008759254140080127
2020-05-01,5.099733486818628e-05,-0.021982877993805456,0.0061522933833428935,0.00852726112503217,-0.027634229732014026
2020-05-04,0.0008557680800014603,-0.00036165424916324715,0.003498676361159418,-0.004714683736465919,0.003151048696291709
2020-05-05,-0.0007699376343290724,0.001806128341643682,0.004232069630406605,-0.006421868464373784,0.009165873263240594
2020-05-06,-0.004029592187360414,-0.006516880767946834,-0.012938939248234135,-0.016267314164862292,-0.006751705916073707
2020-05-07,0.0030881284493299915,0.014961969560476806,0.015234124108560072,0.016568145385122746,0.011757312709328267
2020-05-08,-0.0026588575474076562,0.01685477441408826,-0.006028427741239837,-0.013086514895374393,0.016581461465516208
2020-05-11,-0.0030096459565912862,-0.0008800550547304022,-0.006253147010599243,-0.00783615692155911,0.00014895000690037352
2020-05-12,0.002580375054668818,-0.012759278378600228,0.0038815245238018456,0.010212019557392288,-0.02033049416862691
2020-05-13,0.0016311348366296627,-0.0076985761240816976,0.009576645345897673,0.006972161983761443,-0.017887961409737144
2020-05-14,0.0030823155666231936,-0.009571140401093742,0.008811127536123346,0.009739296242730547,0.011986326327614018
2020-05-15,0.000598386107583167,0.000906786822140062,0.005627947839551041,-0.0025758413221649047,0.004496110985079005
2020-05-18,-0.0014534396265215798,0.039632013469999706,-0.007592898231851983,-0.022199470579318287,0.030107810022746515
2020-05-19,0.001111694782363839,-0.013861210530877442,0.009603940342589153,0.0037348144230013635,-0.009488679759351243
2020-05-20,0.0025613043674802445,0.02063374903295421,0.0023714668825757603,0.002989100203375755,0.016180144944888075
2020-05-21,0.0007669333043092525,-0.011663312466168356,-0.014683616168536867,0.002495198322577533,-0.007208014705523287
2020-05-22,0.0005109884395021484,-0.002805609723750378,0.005899400714775776,0.005997832081921736,0.0022491796780767016
2020-05-26,-0.001618987340660958,0.02821957947960534,-0.014316858429627,-0.013500478927702833,0.012769849279179993
2020-05-27,0.0014483730712225966,0.012047676600148712,0.001800809585778032,-0.0018384763125748307,0.014474360451774974
2020-05-28,-0.0006812567515609804,0.009400491742713037,0.0033447448656947374,-0.0036867810582607696,-0.001972726861709689
2020-05-29,0.0026383162703828202,-0.0035149339263594193,0.007331471236597383,0.007115488367731578,0.004478338302288349
2020-06-01,-0.0005618580025506803,0.022055500528001357,0.004593203918142176,-0.006755117116339875,0.0043514594856759
2020-06-02,0.0008512788430984931,0.009305580072094394,-0.006497892824854574,-0.0036422356303914805,0.008187977448977953
2020-06-03,-0.0024712649701728955,0.023605867857422882,-0.01862251139241922,-0.013386655983912771,0.013116133488038802
2020-06-04,-0.0029917350058265815,-0.004294283953030238,0.010471254055873179,-0.014584166398109588,-0.002546410771915274
2020-06-05,0.0005994567460307251,0.01706758696303582,-0.02048368991541374,-0.007148824948291419,0.025246975220153463
2020-06-08,0.0011107080771162214,0.012921408502407528,0.010764002439043798,0.0038356851568171046,0.012051560386253058
2020-06-09,0.001281570182679619,-0.013078301338893364,0.009595645355064148,0.011294569685479816,-0.007125353917003816
2020-06-10,0.004087334001567056,-0.0021963946099874208,0.014223142854853236,0.014717861919209325,-0.006255197995988564
2020-06-11,-0.0017013913266313756,-0.055044991822330865,-0.007240232329265166,0.018725193277526312,-0.059364024453075606
2020-06-12,0.0010215105676424936,0.017111526550287304,0.0014153150353447643,-0.009688439423700256,0.01197934638051619
2020-06-15,0.003311396119156262,0.004094510451309541,-0.0017848491512042477,0.0005542273963869403,0.009077085268622706
2020-06-16,-0.00195139367451327,0.012282237094557894,-0.0004929560183834836,-0.01545229695548296,0.019372197403939327
2020-06-17,-0.000849481879278086,0.0037364812987555895,0.0019087937874243815,0.004119568567363584,-0.004598672088920611
2020-06-18,0.0010193229275971508,-0.005365477714321942,-0.0019703951105462295,0.010532282123156914,0.0009075950382995737
2020-06-19,0.0003395955831813089,-0.004902747174779252,0.010972576221366465,0.0008004462649624748,-0.005912972310558974
2020-06-22,-0.00025480298691395295,0.011888511425028636,0.006441427074830093,0.00012415961190511064,0.006610203619397943
2020-06-23,-0.00017021708575570724,0.005489021746243083,0.008384398864595731,-0.0068585534442056895,0.004521584796875181
2020-06-24,-0.00016923074981062763,-0.025932988123553997,-0.0034899960158010397,0.010668159959110274,-0.02590879118582156
2020-06-25,0.0011881487206358364,0.014110163839417126,-0.0006028992986150158,0.002879137440020762,0.01052169120851079
2020-06-26,0.0011869724458740739,-0.014606063687027942,0.0044532193863769335,0.010645930220927805,-0.023714260579802682
2020-06-29,0.0008470535451591574,0.00806791431979428,0.0005403343600226875,-0.0031515306536204764,0.014487718906234346
2020-06-30,0.0008464922206101712,-0.0018054899796803995,0.004431086497931087,-0.0048685950271061176,0.013247525320778827
2020-07-01,0.00053337799243976,0.0037714047348277897,-0.004491160110102202,-0.001944239620425964,0.006821220616057263
2020-07-02,0.0011856473126721206,0.010906037149980036,0.0021582779375089872,0.0010402044212614206,0.0050335997642895975
2020-07-06,-8.487546084297414e-05,0.016218659572177246,0.005970880083946397,-0.0041042646173176265,0.015396584894950105
2020-07-07,0.0015222374929849047,-0.014762709450764886,0.0062904343270385864,0.013958046489449797,-0.010423390392229708
2020-07-08,-0.00033843677278783043,0.00837082816032823,0.006192353605402356,-0.004002290020691456,0.007397228944900331
2020-07-09,0.002616567380641722,-0.011447064817668171,-0.002708063902871328,0.015796570166708716,-0.005109594887880828
2020-07-10,-0.0011807054477728219,0.01064520845533561,-0.0025972650920347735,-0.0050376519807832,0.009987716048402403
2020-07-13,-8.411836062458068e-05,-0.00643810366594512,0.0012403879870823364,0.003301207951177357,-0.009088251098020637
2020-07-14,0.0016024536816303895,0.014587098496170452,0.004652728164010819,0.0014378680002520349,0.013294764846780778
2020-07-15,8.421566779089072e-05,0.011235200098746173,0.0008809438623464781,-0.004678869610592692,0.008833644873934322
2020-07-16,0.0006739338082279975,-0.006472554200375142,-0.009496639325154646,0.0047379052506917145,-0.0029133183927732265
2020-07-17,0.0010096638782342046,0.00584278962474485,0.008204262794308569,-0.002096404052452776,0.0026429184270438696
2020-07-20,0.0010930903579954858,0.004869509718805204,0.004808590336846309,0.0024560806353275387,0.008288874956544836
2020-07-21,0.0005879858708963191,0.0020348252254034738,0.011978962477666387,0.0005973663263374964,0.002078402115125873
2020-07-22,0.0008394795442797544,0.002654786263359692,0.015087942737564556,0.0029843590079858483,0.005676514955960269
2020-07-23,0.001173796402927047,-0.00798559647549335,0.008786586410813348,0.01161353595430287,-0.012025601458083115
2020-07-24,-0.0003352518158691446,-0.0055175168362128066,0.008542281441677423,-5.877875096412681e-05,-0.006491639118723762
2020-07-27,-0.0006707640091642411,0.013034990832166634,0.019561196964697856,-0.0037184723116243878,0.007266440576104885
2020-07-28,0.0006707640091641403,-0.006417772299644096,0.008306536040413818,0.006894548574947251,-0.006215285945844291
2020-07-29,0.0011729668128199844,0.01046634094483018,0.007482169283186,-0.0017040494600641264,0.01202377673488692
2020-07-30,0.0007535436167912371,-0.014872927079230748,-0.007427778888433271,0.006566605273034291,-0.0036557581022472756
2020-07-31,0.0004179721960395884,-0.021523387317674357,0.00904688435302792,-0.0006431297426656233,0.008331604955352762
2020-08-03,0.0003940114305078515,0.019312754919552345,0.0011318982444248418,-0.0050472605833144476,0.006278445134460354
2020-08-04,0.0019243102870849516,0.005517516836212771,0.021054515412853636,0.009486730378100026,0.00419659540531226
2020-08-05,-0.001924310287084947,0.003295984986730277,0.009240417270834574,-0.008781092105663893,0.006212788244289386
2020-08-06,0.001422873068374698,0.0010961565800640606,0.013186741026147062,0.005570491774314748,0.006695682951387272
2020-08-07,-0.0011717660345046477,-0.004077776616241865,-0.016012829047696152,-0.006687909871810794,0.0005206590253544896
2020-08-10,-0.0009218020403970869,0.003294879121435985,-0.0034649534714480275,-0.004483621962605748,0.003183431571127063
2020-08-11,-0.002769129520390974,0.003596121594736965,-0.0551897267189793,-0.011957101454249528,-0.008108263328774262
2020-08-12,-0.002018914972309686,0.0219212564303017,-0.004679132411383586,-0.009137101350456183,0.013606723401582829
2020-08-13,-0.0037124929573752897,-0.004438108453878119,0.023343474417206588,-0.010746875433181535,-0.001711208292281025
2020-08-14,-0.0009299126061915901,-0.006153694657469252,-0.004318527254207777,-0.003913858156741683,0.0
2020-08-17,0.001352863328983006,0.007533384259885272,0.02146194877539166,0.0025092193429387803,0.0032259478634348664
2020-08-18,0.0014349799336029984,-0.000612975950820018,0.008967673573403242,0.007126441892267862,0.002090705994153954
2020-08-19,-0.001519741555139719,-0.00445425779144047,-0.03207438281593019,-0.006271067013701112,-0.004251059336644501
2020-08-20,0.0017728460570791804,-0.003238049429296417,0.006890137653281628,0.008998255746288283,0.003157991342413399
2020-08-21,0.0010118550707763452,-0.005109601950747507,-0.008043165542872153,0.005974675107243549,0.003564745889226221
2020-08-24,-0.00042181008107546904,0.013108374091948842,-0.005674470685927035,-0.0016261832728233837,0.010111118225436345
2020-08-25,-0.0021092468647061786,0.0006127182020204509,0.0012147382641175607,-0.0076830083714826405,0.0034849600051364707
2020-08-26,-0.00016888256053717112,0.005801513843232753,0.011739667325137685,-0.003833317522461779,0.010163536580400106
2020-08-27,-0.003470256943690447,-0.01025181070100398,-0.011629286747359606,-0.017154910531436782,0.0020014153895074912
2020-08-28,0.0013554186912204528,0.00705001196068158,0.01723092629924,-0.0007446396416290172,0.006477383296559004
2020-08-31,0.0021989735056280107,-0.007665252853570112,0.00238341719432408,0.006619292587889099,-0.0035139376145412694
2020-09-01,0.002071116149298269,0.001076739451596686,0.001189581722410416,0.011372462878862915,0.009302002197981515
2020-09-02,0.0020245185143499067,0.01328533469714627,-0.013218610873058246,0.009474897806396687,0.014461766390387404
2020-09-03,0.00025310438363315506,-0.02286233928005546,-0.008137254873336977,0.0028375212006669743,-0.035230114436567206
2020-09-04,-0.00498368224212817,0.0013958122447458817,0.0027564932922231992,-0.019171162352538924,-0.008035683584042743
2020-09-08,0.0011004616787112654,-0.012319854178901168,-0.0019287808618004912,0.0061262771444670835,-0.027860870820304244
2020-09-09,-8.463767421345328e-05,0.018500313016561305,0.009661434230238847,-0.0026910251882204844,0.019535432626478083
2020-09-10,8.463767421342834e-05,-0.011775649480347181,-0.0032283485242562797,0.0050702565476829255,-0.017642585826212677
2020-09-11,0.0011832486360876182,0.009925589848363737,-5.4861557792618405e-05,0.002129943735849558,0.0007493105701888577
2020-09-14,8.445317175165172e-05,0.005386673310444677,0.00786160327773618,-6.108780081891832e-05,0.012913816193790645
2020-09-15,8.475507006686664e-05,0.006426008503172177,-0.0023956152677241513,-0.002434531939701827,0.005132152020224359
2020-09-16,-0.0005073241603723626,0.0,0.0028305733071044767,-0.0029912004502393222,-0.004039290260757337
2020-09-17,0.0002539647222182565,0.0013718397384081809,-0.005505121062685115,0.003052549711886448,-0.008775872937722346
2020-09-18,-0.0011837351139657034,-0.008104877724645755,0.001310849171618332,-0.003113409046843594,-0.011701391017359146
2020-09-21,0.00016919082998207683,-0.025660319395465998,-0.020291789448272826,0.005060670121055912,-0.01091196593304875
2020-09-22,0.0007605795617653312,-0.0003152519539434884,-0.004858095828927072,-0.0007907721488003332,0.01005901586128431
2020-09-23,-0.0021147534746511496,-0.008386674744505343,-0.021843335368817322,0.0013384164888372088,-0.023439979377520917
2020-09-24,8.489293116540093e-05,-0.000953744970603869,0.0037119030895910897,0.003822674893831157,0.002750617124596239
2020-09-25,0.0003384931172280525,0.0033345700637056326,-0.0028540460781505306,0.0,0.01588693551220054
2020-09-28,0.0008462347087239036,0.014947814809092125,0.010010290107421884,-0.002850547771424344,0.016611260115264304
2020-09-29,0.00016917651188101486,-0.0010937587181926295,0.008397048385655496,0.001153272905088236,-0.005718874607776441
2020-09-30,-0.0016079074935938958,-0.004858538600874438,-0.006022969047958764,-0.009631130524355115,0.0076678390119685694
2020-10-01,0.0013732031708394462,0.005796037709791411,0.008880963695329078,0.0016476168506521862,0.006318351733902212
2020-10-02,-0.0010170437154639782,-0.00203245544526807,-0.0008957769408936138,-0.003740550943765879,-0.009345694668813144
2020-10-05,-0.003228347073926621,0.015068170307405756,0.004861081696310086,-0.019732693963679798,0.01732418254133314
2020-10-06,0.0008506454580124593,-0.0106950928754814,-0.011830479550692698,0.0053748442912679465,-0.014069065454057495
2020-10-07,-0.0006806604447186578,0.00853427556889232,-0.00045132478533539146,-0.007319593016607501,0.017012746850278912
2020-10-08,0.001275674259073656,0.006929073233062718,0.0035486272055745486,0.005385394289642085,0.008811083576407157
2020-10-09,0.0002546759680988803,0.007795045876994692,0.017998399966815504,-0.00018691821472165943,0.00885940858933349
2020-10-12,0.0019517831903423666,0.00576892639868672,-0.002875813691634357,0.003180565039294994,0.01600526882519989
2020-10-13,0.0002546564802357267,-0.011264956274006602,-0.01585383405158326,0.007134983779667954,-0.006414914640812818
2020-10-14,0.0005929666470631045,-0.0016854981679616597,0.0030899939936110464,0.0022846667981638413,-0.006268558702962981
2020-10-15,-0.0008476231272988635,-0.01187835464675923,0.003639489400711449,-0.0017282869724272996,-0.0011897205207905422
2020-10-16,-0.0005088879730871303,0.004644808374556509,-0.0034712263457632483,-0.0027845426031253263,-0.0008460548219282237
2020-10-19,-0.0011882065479576983,-0.003714147499929226,0.0005046193567768562,-0.0037870980327694356,-0.015225535736848591
2020-10-20,-0.0008494733117195232,0.004949019933503227,0.004809318137998378,-0.009561325472108006,0.003939013279057323
2020-10-21,-0.0011907870501911028,-0.004793923112638329,0.00750319529892231,-0.00345970626930354,-0.0018083907889843672
2020-10-22,-0.001788687820778508,0.0007746987293598688,-0.009849030639627157,-0.010451521249551567,0.005479526698652036
2020-10-23,0.0014486020935160731,0.006484685254090218,-0.0010630400237792174,0.006093932593029856,0.0034059352331979134
2020-10-26,0.0013607362409206196,-0.018169733090674815,-0.0005039129828936211,0.00926019228849812,-0.01858813716639232
2020-10-27,0.002292933012415405,-0.007866511537472505,0.002628864176270774,0.006687665416197637,-0.003309006840010656
2020-10-28,-0.0014430049925301608,-0.030307993880760123,-0.01627516884164325,0.0009328290844264171,-0.03503729908027903
2020-10-29,-0.0017853420813964346,0.0047105283026853476,-0.004153341326592121,-0.009754839966931226,0.010475749368074331
2020-10-30,-0.0027266577987398936,-0.005199011027996422,0.004550651041840146,-0.009914046337842819,-0.01130921056248996
2020-11-02,0.001810354367322172,0.01294719551155098,0.00965812884851217,0.007461964230004353,0.011573063901754443
2020-11-03,-0.00042680137446781774,0.025872638042827727,0.0056609432999779495,-0.005817570407530598,0.017484850911336697
2020-11-04,0.0066349572137095695,0.010908434793272874,-0.0005590140649358909,0.021459637771179332,0.022267066672121777
2020-11-05,0.0009322552869852004,0.023739485632028264,0.022723771699055755,0.0017368586940531658,0.01939186847855047
2020-11-06,-0.0022049639811886077,0.0021168505664228236,0.0014203529597109255,-0.012158481473160539,-0.0001244445479943479
2020-11-09,-0.004679702521872624,0.02873262642322352,-0.045280856143465276,-0.02123861879512094,0.012386318136517967
2020-11-10,-0.0016218859445921523,0.008912747406110581,0.0033073065556014952,-0.00578360911634346,-0.0012902241735488684
2020-11-11,0.0005981256495159234,0.008400735263251656,-0.00433598220930235,0.003602414530084342,0.007014259450768177
2020-11-12,0.004174334686037025,-0.014674956590292006,0.006042387508780373,0.016874481117293245,-0.009291317146728649
2020-11-13,0.0001700272497174583,0.015251672298390459,0.006796565090032186,-0.0013264122730889275,0.013494417362399813
2020-11-16,-8.501001120056176e-05,0.010325713446487413,-5.650286865533134e-05,-0.0024061189044959036,0.012054175964230541
2020-11-17,0.002038325690169346,-0.0009992100313945002,-0.0036759204841880807,0.006507176953414126,-0.004997130052842995
2020-11-18,0.000678493896429065,-0.005298057710229719,-0.005738783845972931,0.0028919530800922714,-0.012206702193842069
2020-11-19,0.001863487998824996,0.007010443569229853,-0.0018822296869570197,0.005135950589594963,0.004176540956770008
2020-11-20,0.0010151403733028614,0.002989653803240279,0.003021229432643738,0.008830244420746352,-0.006716103026078262
2020-11-23,-0.00025388120838921346,-0.0012802602469548915,-0.019890324232127853,-0.004591762171411898,0.005894331271480866
2020-11-24,-0.0013538105743556338,0.014833977633736615,-0.015447030279527764,-0.010002059861106135,0.016068844923633346
2020-11-25,-0.0003386813023978555,-0.0012631424820037983,-0.0004718480371509017,-0.0030836578752415143,-0.0016492399432801845
2020-11-27,0.0016924918767534307,0.006856688359554096,-0.010198732236165305,0.009658778218733219,0.002847341492591553
2020-11-30,0.0013520572283893437,-0.02199442109763115,-0.006697358920117144,-0.0012488888240752272,-0.0044994054904003
2020-12-01,-0.0031686400110410035,0.023248873988106857,0.02084085881536413,-0.014854846661629095,0.010942889852486658
2020-12-02,-0.0011039051442811173,0.0001391380596774827,0.007493385024315116,-0.007967804919455515,0.00210888994223078
2020-12-03,0.001697734065820556,0.0016696733689338385,0.007842668530553789,0.008031279916027013,-0.00029674257180595617
2020-12-04,-0.0027178061672735137,0.00844473076975779,-0.00283945502654119,-0.014774252525607778,0.008570666352396677
2020-12-07,0.0015294864031283127,-0.008166659189597171,0.014803945459514797,0.008980407164600475,-0.0018556463869428567
2020-12-08,8.51475808208114e-05,0.0034685316680657086,0.003481841534737405,0.004714456120987933,0.002885345551535378
2020-12-09,-0.0014447044400742286,0.0013840131353395884,-0.017241806434506103,-0.003310452259447707,-0.008918057966370989
2020-12-10,0.002462745742722157,0.0013822265431564108,-0.0019148863181888906,0.008824621665440858,-0.00047450970473616577
2020-12-11,0.0011017419002589794,-0.0030434749338207044,0.001856945469586849,0.003533207649393211,-0.0012767614366876855
2020-12-14,-0.000592993920506419,0.000615397450513894,-0.005522859199322822,-0.002774840755319144,-0.004586336220291533
2020-12-15,0.0005929939205064796,0.010154070434619656,0.013893989774039692,-0.0033530725174702944,0.013725736292030692
2020-12-16,-0.00042305738942464906,0.0038671533411215923,0.005503920929853093,-0.0026653299528574584,0.0015299290360556565
2020-12-17,-4.280925104714977e-05,0.0070063839887303985,0.01046541004295572,-0.0026500483560402566,0.005423795829085719
2020-12-18,-0.000508760466352286,-0.005215766165628577,-0.0016988680965652808,-0.0030013999254185192,-0.004013747827805658
2020-12-21,0.0,-0.01288026739662448,-0.0031789169989821435,0.003957993750795501,-0.0030874322215157014
2020-12-22,0.0014417410242815668,-0.002512242312982828,-0.007934507183398202,0.005147684961212057,-0.0019740129929439717
2020-12-23,-0.0006785431241597057,0.01070275770837539,0.006625879072275585,-0.006932877978654101,0.0007995444829783121
2020-12-24,0.0009329744453342587,0.00041481995219331516,0.003977347328631379,0.003949303162273703,0.003988647645983862
2020-12-28,0.00016955924689921652,0.008120495738894723,-0.003635744312567208,0.00044460347346553394,0.008660224179940806
2020-12-29,0.00016929944807081025,0.006421926310613889,0.003635744312567162,-0.0012717901298244694,-0.0021069211233094923
2020-12-30,0.0005930152039415891,0.001361252596897798,0.007626026694655132,0.002160988392982936,0.0013463780039096266
2020-12-31,0.0007617339710172489,-0.007646309894541801,0.0037072651943418997,0.0014594862205768273,0.005368321338241927
2021-01-04,-0.0012698021530075702,0.005194966351056329,0.02201425891234798,-0.0012052911986165137,-0.013651655139397523
2021-01-05,-0.0010172968682923944,0.010309236410684474,0.0029572490918935946,-0.0074544740290889,0.006556389454276933
2021-01-06,-0.004930763520981188,0.011405787195650587,-0.016374384156319522,-0.020741657747372896,0.0060474431337009405
2021-01-07,-0.0010233689493760808,0.0010668078982529455,-0.0023373497260989994,-0.008853702273004022,0.014830981852546516
2021-01-08,-0.0011945956353071735,0.00928660891601109,-0.03480879472366203,-0.0032329908343157,0.005609075858589737
2021-01-11,-0.0016245949808624753,-0.013159078113503834,-0.001963368081678198,-0.0016529603979767195,-0.006556510634455966
2021-01-12,0.0008551704104707505,0.004538812456941378,0.006453094143516468,-0.0007943633024338267,8.621921363566009e-05
2021-01-13,0.0031577326874192946,-0.001332768618269677,-0.004316677807613859,0.011198666559873996,0.002495805900610033
2021-01-14,-0.001961674829341346,0.007970276789146429,-0.0005192346256867747,-0.009412235669972232,-0.0033866855336840878
2021-01-15,0.001024464878112715,-0.015735767029764865,-0.012485246085867416,0.003959547893850747,-0.007154990061479705
2021-01-19,0.0013635999845298472,0.007231872958949309,0.008437377567923208,0.0032221798813043506,0.007873802867391092
2021-01-20,8.493103887341865e-05,0.00678209851533279,0.016151154600027997,0.000985021085721343,0.013496142244474651
2021-01-21,-0.0014485310234033048,0.000795121656848335,-0.0006273739671711188,-0.0070435333515278175,0.0009349135063734848
2021-01-22,0.0,-0.004778976088524071,-0.007904302060517928,0.0032322860557078234,-0.00357420315521002
2021-01-25,0.0025551492496344464,-0.0011983663298629986,0.0008622455288576803,0.011715928097657063,0.004055475875897939
2021-01-26,-0.0003403198977978429,0.0014643144723860398,-0.002473656951145883,-0.0018885642801033176,-0.0015012642202593227
2021-01-27,8.501348095361207e-05,-0.023147288950486004,-0.006355778295441206,0.002539641588333617,-0.02456232466602848
2021-01-28,-0.0006810069400366906,0.006378533458876683,0.000926931727635592,-0.005543356063182939,0.008360424241965331
2021-01-29,-0.0011075004462255725,-0.020915158866489134,-0.0004054103376829626,-0.006034692613323552,-0.020224485374049403
2021-02-01,0.0009559305323000648,0.011810035297390796,0.00934152297824149,0.0011584894713170875,0.016298974494654533
2021-02-02,-0.0015372005923190493,0.010051843010532793,-0.012242430084677477,-0.00646764620134549,0.014271362048789512
2021-02-03,-0.0011961581000198879,0.002429773290776458,-0.0015117720158050482,-0.008912392172059184,0.0009974181788579123
2021-02-04,-0.0004279789930128567,0.0010778987119953825,-0.021765636924135134,-0.002676432396473499,0.011131774151998907
2021-02-05,-0.001284181698433953,0.006176137349169632,0.009823748692690917,-0.008408692799932048,0.003991773628634842
2021-02-08,0.0010273995731597653,0.006936248695879088,0.01001975221091292,0.004381800547029267,0.007351335337123447
2021-02-09,0.0004281665292237301,0.005435134979652125,0.0032595928083516256,0.0007393128914405754,-0.0008078076375768609
2021-02-10,0.000940266528293307,-0.00344328205356902,0.003654430629279855,0.006630867524696226,-0.00039072039119991464
2021-02-11,-0.0011972376478698243,0.006743241244745272,-0.008723013798522866,-0.005488666328704638,0.001616144813360405
2021-02-12,-0.0023133810123670776,0.005518911798763472,-0.003041852351548402,-0.012497356024738357,0.005081625571716979
2021-02-16,-0.0047292273805085855,0.007181305079716064,-0.014457496034195686,-0.015344197586223886,-0.0009424554067587011
2021-02-17,0.001980372895327229,-0.005871868467770628,-0.011417786234196115,0.006330761012960565,0.00022200623135033547
2021-02-18,-0.0005163598859615301,-0.004985602635022511,-6.0090224343136566e-05,-0.00405503575521242,-0.004277802508447684
2021-02-19,-0.0031025958721862153,0.002889442793765322,0.004139970385631239,-0.013381409196404915,-0.0018386847637641797
2021-02-22,-0.003112487708860577,-0.0024949250847556563,0.014858231751961605,-0.007637423090001723,-0.00789529756543519
2021-02-23,0.00025978359214326615,0.0009199761262352347,-0.0023033964742125187,-0.002887335474480267,0.0012642142375110144
2021-02-24,-0.0003463931222480264,0.0031475398919337282,-0.0007097783269727351,-0.006581557039373713,0.010999721783414736
2021-02-25,-0.00922238174552932,-0.017168947192328934,-0.018995808065307287,-0.0164656073346638,-0.024281635541624564
2021-02-26,0.00809593208151162,-0.014220622852736961,-0.024480114534154506,0.032524899149804144,-0.005505701716425021
2021-03-01,-0.0005211880529327929,0.018606986257871327,-0.0017319159550744983,-0.013295997397598538,0.02410712180217679
2021-03-02,0.00017357587239770923,-0.0010613895985052072,0.005433148366520264,7.063166105515759e-05,-0.007764781956987996
2021-03-03,-0.003655306395330265,-0.006126385473165694,-0.011082728374520621,-0.010905048928182432,-0.013286052158089399
2021-03-04,-0.0028811915704637057,-0.009529455889268372,-0.00988559566723337,-0.006470487383981781,-0.012396356828209948
2021-03-05,-0.000699753846616126,0.0064524946088214165,0.0006286134207733884,0.0019454668037188136,0.018168444810480206
2021-03-08,-0.0039454940412030235,-0.003490023429520232,-0.010422315048141234,-0.007804746437902935,-0.004917291883608881
2021-03-09,0.0037703402727549693,0.01335684816686464,0.02104806019448947,0.013762335254955016,0.013893392100224824
2021-03-10,0.0016614171993528557,0.004236727943311134,0.005085327698430273,0.002002114678173582,0.006163001438277156
2021-03-11,-8.716587755134589e-05,0.005270613566652888,-0.0008663865026826478,-0.007239980306353356,0.010501183790565857
2021-03-12,-0.0056964742980095935,0.0024938239213864737,-0.00018574519969141986,-0.021449666478553682,0.0014085819965689607
2021-03-15,0.001054481448470305,0.0007864140242015839,0.004386867610048303,0.0058624115695204366,0.005778579048920957
2021-03-16,-0.0003513968059049528,0.0017014429754581327,0.0009244132771239594,-0.004027079373360465,-0.0011257925746448755
2021-03-17,-8.800775747112503e-05,0.005867156903788979,0.0071195808075622735,-0.007510807400648855,0.0032636792036521193
2021-03-18,-0.0038719608784131216,-0.009141809316512295,-0.0058269675795917875,-0.010177966957662415,-0.014812008449216112
2021-03-19,0.0007936643026733248,0.0027514944307673347,0.004174394816826358,0.006178548444635994,-0.0017798679857511986
2021-03-22,0.0019358803688713253,0.0009154061036853769,-0.0014713433816878438,0.011143805909384973,0.007874667141932551
2021-03-23,0.002546353672290693,-0.01395323629605763,-0.007327408483150656,0.008986343229300371,-0.007373532417960799
2021-03-24,0.0012276936117167905,-0.0050497489984392884,0.003454859203276189,0.005367766787477671,-0.005552460177678705
2021-03-25,-0.0005261853959521151,0.0074329964942167,-0.0036402714825327686,-0.007916808940026651,0.005607983558749344
2021-03-26,-0.0016660411178109193,0.012876293662270307,0.002839374216722469,-0.003506068267149609,0.016181873927848433
2021-03-29,-0.001669538513564455,-0.003924045055757412,-0.011967328788777756,-0.00852461534871142,-0.0006045508964092406
2021-03-30,0.0007909342830264999,-0.001311325497325626,-0.01723957501602924,0.0052262220131724085,-0.0025594537498531576
2021-03-31,0.00017600548552070949,-0.004340152145214115,0.015053975494509144,-0.005595442342823823,0.003960391548954145
2021-04-01,0.003355129465217591,0.012963880061149893,0.012549018493591777,0.016461026574620324,0.010540026728229117
2021-04-05,-0.0020189443234023864,0.01446713273665548,-0.00037046965366193687,-0.004372589632165611,0.014320001729618266
2021-04-06,0.003508461184472794,-0.010700922702926476,0.007996616729269289,0.006769678232209617,-0.0005625502779092026
2021-04-07,-0.001577181296898466,0.0020716149665232215,-0.0028223021365765604,-0.0069889342377644475,0.0012586531856596643
2021-04-08,0.002452337061467601,0.005675173462442263,0.010694635856861524,0.00822111059359583,0.0048577118294907806
2021-04-09,-0.0011380183042652666,0.003082175269542607,-0.007566026934120144,-0.003629264955875364,0.0071637494264875975
2021-04-12,-0.00026269389129438155,-0.005528908084352922,-0.006082067490100263,-0.0004360463005904602,0.0004495147809582352
2021-04-13,0.0028865555587348638,0.00578528904395248,0.007061488473290135,0.007465456889650187,0.0027181481987846013
2021-04-14,-0.0007859850626341185,0.0007689806432606928,-0.0043537794872208335,-0.003182950062589015,-0.003220672822118765
2021-04-15,0.003926125465589349,0.008291310563317483,0.0160335365383925,0.01659610780765013,0.010677225005853394
2021-04-16,-0.0026157035127364727,0.007214913262033092,0.0060295628147861114,-0.007796660849847958,0.0034990476135170917
2021-04-19,-0.0007862051823579741,-0.0017672572540259456,-0.0027691247303623773,-0.0028763208641222086,-0.0049388852210451905
2021-04-20,0.0015713981190127002,-0.01810362542110772,0.003550241996940974,0.004598242543517064,-0.0073617671822489685
2021-04-21,0.0009593956780234198,0.010239537707121864,0.009862362310853667,0.002005506989704015,0.009350784847860609
2021-04-22,0.0002612643870902069,-0.003316527813446456,-0.00650425423162094,0.004354140603221347,-0.009218947463878382
2021-04-23,-0.0001743000735078105,0.010169252079242403,-0.0038387727937765547,-0.002353105531891229,0.010603580561592623
2021-04-26,-0.0008719563667251286,0.0007585612604363829,0.002640755671589698,-0.0014288459119529782,0.0021644749922588792
2021-04-27,-0.0024450558289072447,-0.0032912243846564123,-0.0025205449092440876,-0.008761792388857393,-0.0003125949853874545
2021-04-28,0.0005247038143692962,0.0025326631242200462,0.002940064461277065,0.0006492124307729258,-0.000469075771276377
2021-04-29,-0.0005247038143693523,0.0003793525571145853,-0.004142547462168167,-0.0029597872465979415,0.006652175312099125
2021-04-30,0.0010488163829173976,-0.01259466887190775,-0.003374702192485256,0.002310574815825003,-0.006626124056080061
2021-05-03,0.0006384280321331434,0.010949843868474909,0.01289485518814097,0.0005996791694750569,0.0022654897731828228
2021-05-04,0.0012227128074003182,-0.014926686254304187,-0.007356686965198023,0.006763302092005531,-0.0061052505708148914
2021-05-05,0.0007857306800399755,0.013532883300042386,0.00413361336698124,0.0016471253056270741,0.0001832132302623184
2021-05-06,0.00017423408854803422,0.00820847588719075,0.016542002735280385,0.0016455282928665,0.0081046887148007
2021-05-07,-0.000261244292677436,0.01125581881845259,0.00895658735382193,-0.004943284912351573,0.007112229144847833
2021-05-10,-0.0015719003546707955,-0.005362064198868457,0.0030259218728549953,-0.010178925028068143,-0.009841117452486758
2021-05-11,-0.0021872405880270754,-0.01321513408619479,0.0001742848474817966,-0.0056757581658195095,-0.008809612965090365
2021-05-12,-0.0035096297928997474,-0.016092195498713883,-0.009983483413452903,-0.010563305408100996,-0.02157745135097707
2021-05-13,0.0022828500952527613,0.007439477504337184,0.004098917859921596,0.001547602109242701,0.011815107373986004
2021-05-14,0.002277097342686261,0.01660273662136828,0.009074563611959028,0.009307665743107808,0.015235039840772102
2021-05-17,-0.0008750166941523913,-0.001887104286321694,0.011572105937362132,-0.0021179592737604904,-0.002405257300373675
2021-05-18,-0.001226960514367793,0.0021385403459207547,0.0019442812059788442,-0.0025617553137569984,-0.008675692712617132
2021-05-19,-0.0014035652856583453,-0.008835113048692483,0.0006853819629941132,-0.002421592749271679,-0.0026439587717948495
2021-05-20,0.0034181305975692997,0.013098295837522419,0.004556871795741219,0.008194907941813627,0.010612417028582585
2021-05-21,0.0004375361168463143,0.001375442777174699,0.00045446916842239933,0.0032014116790285195,-0.000759605298463939
2021-05-24,0.0009614009919344567,0.006104072272350982,0.001759487487714246,0.0036972888036869264,0.010041808875596046
2021-05-25,0.002443676911373596,0.0002484386877903954,0.009031903514378268,0.009221050975756375,-0.002104288640881346
2021-05-26,-0.0003489338397867898,-0.0006209875430312376,-0.0017435678186662285,-0.0017225854485495827,0.00181881867612455
2021-05-27,-0.0012211635638698422,0.0018619192108199718,0.0003940189892895408,-0.004030657322140034,0.00044139463332755426
2021-05-28,0.0,0.0023532785213069025,0.0037630876338542248,-0.001587864395636684,0.0019441154896135137
2021-06-01,-0.0004636365992495508,0.003581226495340504,-0.0026945732480542135,-0.00022398429018006324,-0.0007774142032925756
2021-06-02,0.0013109255049292559,0.0033228860676614287,0.004878526963101577,0.002312506279337214,0.0016831664724274939
2021-06-03,-0.0023608572682014737,-0.004926496510904577,-0.019772420864664846,-0.0037610560532731923,-0.0038106239858869116
2021-06-04,0.00410637735341092,0.008483459236622963,0.010725633264657355,0.013601912043865298,0.009023757869221622
2021-06-07,-0.0006974331690277256,0.003300141125137064,0.003999619209610979,-0.0030781659128505954,-0.0008495549066133677
2021-06-08,0.0018305113154975785,-0.0004883868447873895,-0.003096867753862795,0.007002004634541298,0.00015435658798614013
2021-06-09,0.0020014043191657334,-0.0026895130137292718,-0.0019193434836643904,0.008789847661886396,-0.0015724526005271593
2021-06-10,0.002083870867078568,0.002750850702536638,0.004285131517665339,0.005981139665838495,0.004607154895088441
2021-06-11,-0.0004335697974019889,0.0023485564574307846,-0.011316177890912231,-0.0016147312326694411,0.001744639275001956
2021-06-14,-0.002519988131692696,0.0017268767988521025,-0.005878166410042197,-0.007688865982842174,0.002509191131623059
2021-06-15,0.0004348204123714975,0.0012318643543827437,-0.0037848631237422004,-0.0012048026166780422,-0.0020988374243096544
2021-06-16,-0.00322280247676834,-0.006173668096814873,-0.01703600368035545,-0.0008510262720935304,-0.005498771047949284
2021-06-17,0.0031359633469078127,-0.0069599009381462636,-0.03122282591641038,0.014861311316557716,-0.00036076565892081297
2021-06-18,0.002692659242368283,-0.020920914527070233,-0.005562705142465907,0.01863062482499767,-0.01336303785267829
2021-06-21,-0.00260582011250771,0.013032460052331479,0.012173251058176099,-0.01688474837548467,0.013904095207791869
2021-06-22,0.0010432057103880242,0.00012572934261019796,-0.00420166857422807,0.0024393083449339398,0.005292874028004166
2021-06-23,-0.0005213884192904551,-0.006430742593126435,-0.0006618767987564016,-0.0025784965121623156,-0.0010768592620428806
2021-06-24,0.0003475702336150597,0.009567954359042714,-0.0006021199876096117,0.00160442928674369,0.005704212856741592
2021-06-25,-0.0020002983933590404,0.00212785682584602,0.003306999189259349,-0.010438496921196727,0.0036917064655126305
2021-06-28,0.0028691656574016838,-0.006396977407409168,-5.999643961855651e-05,0.010228771465946489,0.002081770893961783
2021-06-29,0.0005205982033485378,0.0002515836213344115,-0.010561034647227364,0.0016717421074053786,0.00043994800172618724
2021-06-30,0.0006935792639898239,-0.0077035607465620725,0.004841763592293601,0.004443393494002012,0.0009152781285373154
2021-07-01,-0.0005557639726524777,0.0024059504911334833,0.0034354496150826534,5.5311666700275695e-05,0.005625557750938118
2021-07-02,0.0021694362321073427,0.003408907076364448,0.0065369291506959725,0.006016114192913416,0.007577333785404044
2021-07-06,0.0032021965840483167,-0.006575752111700999,0.004949187883217545,0.011652991794871352,-0.0018826609414529603
2021-07-07,0.001726680229359268,0.00544081557340269,0.0037995736126820853,0.008820196491661873,0.0034361145269587983
2021-07-08,0.0011206717405834814,-0.012954364132604798,-0.0006520293887520076,0.003909953094888167,-0.007994233049580399
2021-07-09,-0.0032791962698104763,0.016858329044279703,0.0033150614410246745,-0.014162082654945313,0.010495090958037858
2021-07-12,-0.0006056902350776818,0.004264301342784232,-0.0012418718351821449,-0.0012978145642999668,0.0036150770186881643
2021-07-13,-0.002164662049102732,-0.005270241889570414,0.0013009357869861221,-0.007682659969245456,-0.0033902596511723826
2021-07-14,0.003375131129610119,0.0022619168631532356,0.010697757313475486,0.011298079186819396,0.0013725144850320096
2021-07-15,0.002157453862213822,-0.009586170695574353,0.00017546425482688882,0.01096936230345734,-0.003222132815309284
2021-07-16,-0.000862407528281002,-0.00737840860663849,-0.009751038308664077,-0.0018870293266750142,-0.007810763757468179
2021-07-19,0.0052496875223121,-0.018297022658580818,0.001179853512608669,0.021691228834920803,-0.015064538753461823
2021-07-20,-0.0009446038394321848,0.007255801922915086,-0.0012979424872485647,-0.009685976559885618,0.014030396089778732
2021-07-21,-0.0032702217502499683,0.015118652532112574,-0.003726190289074976,-0.012747311947650102,0.008369463022297144
2021-07-22,0.0023243374895688634,0.0003816175304246733,0.0019535411866020086,0.009408208883897382,0.0021251992923984435
2021-07-23,-0.0006880060915727914,0.006966764680959982,-0.003139340880551927,-0.006711412190615955,0.009941026191845392
2021-07-26,-0.000860925937011186,0.0013877951861993938,-0.0023758261058627853,-0.0029672157103951932,0.0025439304263890445
2021-07-27,0.0023223831740022925,-0.004042007033876733,0.0016636888817755746,0.010614842641441613,-0.004450107825710566
2021-07-28,0.0009449213120432626,0.004293809457091801,0.0050335632022407,6.700443448098287e-05,-0.0005450001326300523
2021-07-29,-0.0016320080195414764,0.006907492711383934,0.011044023020098688,-0.005561866396823115,0.004304082056494674
2021-07-30,0.0013742430814076242,-0.005144626537096867,-0.007918108309762988,0.0046921669134574765,-0.004899269471786137
2021-08-02,0.002122087172343026,0.005019432234257698,-0.0012374082182159806,0.008879988842997368,-0.0020359151118594172
2021-08-03,0.00034317488809038657,0.0071096235766691445,-0.0007077270423842932,0.0005309347614621639,0.008045249264181313
2021-08-04,-8.580197264922768e-05,-0.002987355492699382,0.00023593466942563418,0.002054208548310885,-0.004794478825257329
2021-08-05,-0.002232588572600867,0.004849903240771628,-0.003959922253451811,-0.0051104096399960455,0.0062237219031914814
2021-08-06,-0.004481273936102857,-0.003728793460662557,-0.025308704477345147,-0.01684197366030496,0.0017218521844238755
2021-08-09,-0.0018152377144023328,-0.0004982023829114335,-0.017894816057729707,-0.003592819234768276,-0.0009593974270541712
2021-08-10,-0.001298329300087693,0.00224023622052028,0.00030914743149373187,-0.004628102841296232,0.0012542010366128557
2021-08-11,0.0009520290061712762,0.006813034272222032,0.01369082807188368,-0.0006150688194069069,0.0024050914997687015
2021-08-12,8.664470038216903e-05,-0.00086455797719218,0.00024383177142714218,-0.0016396468001730821,0.0029127473103072368
2021-08-13,0.003628514358214168,0.006036487103903218,0.014224167163591615,0.015672497751489028,0.001977722123286162
2021-08-16,0.000517208555597718,-0.005171929126711093,0.004975891262677384,0.002420371257295546,0.0023877094288584475
2021-08-17,-0.0007759131822564372,-0.009426946107490291,-0.001496155150116038,-0.00040256007201031806,-0.006616419338272117
2021-08-18,8.56475631231178e-05,-0.003870928400956499,0.0007783092556947036,0.0033532444997100013,-0.010811884279268054
2021-08-19,0.0017236485802219511,-0.009932614834713388,-0.0029367165231408677,0.007338752431565127,0.0014105287621709731
2021-08-20,8.626710546922265e-05,0.003909268175372549,0.0005400158455303154,0.0006640341884641888,0.00788140195297823
2021-08-23,0.0,0.009270912042945872,0.012104007439095057,-0.0006640341884642412,0.00881747285210443
2021-08-24,-0.0014646845431890846,0.002117895208319702,-0.0004742535717267673,-0.007807088349387646,0.0015794779290652407
2021-08-25,-0.001898499717310603,0.00037311766572770735,-0.006961609676564189,-0.008342007589563006,0.0018435329336459255
2021-08-26,8.655024705621404e-05,-0.005238145562833167,0.001133835388463418,0.00276581921004167,-0.005857803510105609
2021-08-27,0.002759926900167919,0.009086966524720406,0.014917723322635659,0.006780821769400722,0.008834362695632605
2021-08-30,0.0011186660059564302,-0.00024781094465035273,-0.004947859047149437,0.002606105213524364,0.004580237601516553
2021-08-31,-0.0014633374684253663,-0.0004959169441324696,0.00200564206756742,-0.00682978825910649,-0.0017091923737914518
2021-09-01,0.00031910414301822,0.009011696601454526,5.88968847449306e-05,0.00167336267805577,0.001059500918901101
2021-09-02,0.0010346443350903976,0.004047551069448675,-0.002655242464544409,0.004356257997765289,0.0029800767065430076
2021-09-03,-0.00172505410767805,0.00451853233020541,0.010637446088029513,-0.009136302098783291,-0.000384075563744973
2021-09-07,-0.0026794216455778494,0.0007306650263055011,-0.019778020504279115,-0.008471709234263498,-0.0037038062721543807
2021-09-08,0.0016433004730949188,-0.00794570708630734,-0.002507544166051433,0.006782816247525172,-0.0009640463144534538
2021-09-09,0.0031920322604180804,-0.00171966446839596,0.004413734414974538,0.01202803306658371,-0.004496080399202974
2021-09-10,-0.0019832639522413265,-0.002215367150173943,-0.005071495164425335,-0.008855699353985414,-0.007758338794561575
2021-09-13,0.0012940978364403975,0.007854748614034308,0.0033441618437189445,0.006046701561396661,0.0023411693463449576
2021-09-14,0.002238422443036448,-0.004165374646948694,0.006417907636002404,0.012050217612763234,-0.005201604342383156
2021-09-15,-0.0009465383549670125,0.0029421673812805326,-0.005881528710091136,-0.0035137494360170975,0.00831452910044989
2021-09-16,-0.0017228832648006815,-0.0015926176288789862,-0.022902242747818987,-0.004593046791930895,-0.0017253198750075964
2021-09-17,-0.0008630986597091544,-0.013204334108987303,-0.0015862999324902439,-0.004814823259837477,-0.009851279499808102
2021-09-20,0.0018971538284808522,-0.01868264659489351,0.007118755657039398,0.012325973840345585,-0.016470757745907796
2021-09-21,0.00043039915079642204,0.009823637815521568,0.00664689654260444,-0.0008615936433232636,-0.000974319428578064
2021-09-22,0.00034455708788063723,0.005000606899183109,-0.0037409995549623856,0.005947274941384055,0.00960268605572925
2021-09-23,-0.004918462669249118,0.010790843062797805,-0.011613566243419594,-0.02285670845266463,0.012009939968794639
2021-09-24,-0.0017311583630052374,-0.00941982352984445,-0.0012850982867509395,-0.009821675425094233,0.001661944488812323
2021-09-27,-0.0013876800124171932,-0.0006227856988624472,0.0020798706668898187,-0.003682096498146953,-0.0028368036039873967
2021-09-28,-0.004173770649359878,-0.022048359085187794,-0.009763940911599527,-0.01569987723457249,-0.020187630489537166
2021-09-29,0.0006975301333244342,-0.002295721623762215,-0.0045149330127863515,0.0017337368735871148,0.0015729918898263523
2021-09-30,-0.00017441514461971673,-0.003965783195635255,0.01781698430701417,-0.0001385354172865162,-0.012748055859741704
2021-10-01,0.0030479596947992614,0.0024322927740839852,0.0022505110921036547,0.00838052757155578,0.01189687453777327
2021-10-04,-0.0006956840024962209,-0.01054095681960077,0.004667408258473528,-0.00254915996773359,-0.012378730963738597
2021-10-05,-0.002352197472415527,0.006825876351024891,-0.004667408258473519,-0.00970297837162675,0.009669004574017948
2021-10-06,0.00043629354511936017,-0.006696736764974838,0.002669757352534067,0.005625249017004374,0.004436927308780675
2021-10-07,-0.002793958493532142,0.007722938214940274,-0.005285683868044846,-0.010512718846953869,0.008567165804983339
2021-10-08,-0.002188074845532806,-0.00012814602663787083,0.00042627404378714777,-0.007023744304448831,-0.0018863678216608946
2021-10-11,-0.0015786638741590272,-0.00321106736758869,-0.0018893655741350408,-0.0025403574951897373,-0.007306482972128944
2021-10-12,0.003679392271790365,0.0005143631245903276,0.004504271350483098,0.016955526561323275,-0.0020041881064379384
2021-10-13,0.002270331138771386,0.009852260416363029,0.01763773443447277,0.00967939284696362,0.003205134879297893
2021-10-14,0.0019176983999226274,0.00988236201790567,0.0024434808580754102,0.0037086205333987207,0.016658494463137555
2021-10-15,-0.002441217855462176,0.00828626885313745,-0.0160204917648545,-0.00584391716101028,0.007763062316608856
2021-10-18,-0.0006984525488916133,-0.0042600268060095725,-0.002482990902389477,0.00467777531299559,0.0030446437715183363
2021-10-19,-0.002886048807824038,0.006009018892962462,0.003208519186409284,-0.01389079424695391,0.007752427503767801
2021-10-20,-0.0007014331888822184,0.0034888339182881896,0.008725778175468667,-0.0067732231746391635,0.0038777320396947827
2021-10-21,-0.0021058384813871134,-0.004737817706005792,-0.0008991093021597419,-0.001191894153081495,0.0024490505711756085
2021-10-22,0.0019305212176201612,0.005980568878204806,0.006098334452755203,0.010953074666540961,-0.0010075864380661725
2021-10-25,0.0009637862643273057,-0.0019894773627472623,0.006890365329616705,-0.0015273161194910491,0.005171603807542486
2021-10-26,0.001838000309707017,0.0019894773627472267,-0.007427027125168416,0.00823502907706869,0.0009545627934412709
2021-10-27,0.0033162593524132277,-0.003982920637073309,0.0026206236403640355,0.018031087609989435,-0.004351546299902159
2021-10-28,-0.0007840228605488844,0.009681091143214226,-0.00023791366260843256,-0.003390679932172211,0.00972915410574789
2021-10-29,-0.0002617905180065199,-0.00582243162417609,-0.008544299301700552,0.003051753405465923,0.0017778529748001665
2021-11-01,-0.0006118417585798309,0.009643986294016615,0.005207004497418708,-0.007225635757736566,0.0021061674971948603
2021-11-02,0.0020083862557176155,-0.0020939358940159918,-0.0021513131388870075,0.004428556293231866,0.0038691469700639497
2021-11-03,-0.002008386255717632,0.008105244502807356,-0.0083501482773226,-0.01038804282761301,0.0060098272216654305
2021-11-04,0.003316389763618284,-0.0006118797737923118,0.011277125295739413,0.010455990181584924,0.004670165363837143
2021-11-05,0.003913310243555331,0.0014677738200926935,0.012978359326946427,0.014845256204629084,0.0033954487300746857
2021-11-08,-0.0018242903015393821,-0.00012224132985852066,0.003585184846901929,-0.0018769172928874357,0.0012066699004041218
2021-11-09,0.0027782782092643852,-0.002202574865363841,0.004916006634195484,0.012934134639506054,-0.003507822083413411
2021-11-10,-0.006785742132179135,-0.0122002668569481,0.010800248284572371,-0.01845220611682427,-0.008084424181883564
2021-11-11,-0.001835439844421159,0.0035894210806020287,0.005586453042738802,-0.0014860244617818325,0.0003285586414823153
2021-11-12,-0.0001747222764108552,0.005421161896592778,0.0018934614978916627,-0.004402110566972935,0.007406891127961804
2021-11-15,-0.003680561067271716,-0.0018449085233878907,-0.00154894492430588,-0.012636371234156766,0.00046537345767347214
2021-11-16,-0.0003516116381936034,-0.0022183704736068372,-0.007260156004477963,-0.0025466993520433232,0.0038086872129525703
2021-11-17,0.0023687861788364807,-0.0012347539274711857,0.009095692432078762,0.00789428787402834,-0.0024134855245715194
2021-11-18,0.0008758568619899774,0.0009880132531462072,-0.0032143154449525086,0.003753063499722866,0.0034560360808039902
2021-11-19,0.001924048244791235,-0.008551885447525085,-0.007675708262916443,0.0105025687215232,-0.0018774803332500516
2021-11-22,-0.0048170796474242845,-0.005867161556025745,-0.02267561664312034,-0.01179715987503519,-0.002648109638352469
2021-11-23,-0.003958673016314417,-0.0010023698605989824,-0.008690053468478977,-0.014564732657788274,0.0013018351624623618
2021-11-24,0.002289305376098805,-0.0066643966553234365,-0.0009569597921073518,0.015927586256934027,0.002459157566335193
2021-11-26,0.007097968438333918,-0.02724141214248317,-0.0016168462526691021,0.024955238695635054,-0.02199974654413216
2021-11-29,0.0005237072211823669,0.00504359678527643,-0.0013795005365548109,-0.008070657834785453,0.012008630330225352
2021-11-30,0.0016568591497018077,-0.00881054404283815,-0.006744546424564762,0.015087483627395051,-0.01933154468786299
2021-12-01,0.00019182153089724712,-0.005742502988360394,0.003980006790395922,0.006149847810353432,-0.011568739034759409
2021-12-02,-0.00017426821435565832,0.012357591142571138,-0.005552205835401061,0.0012464633310608163,0.01514179749296312
2021-12-03,0.004005323043747312,-0.004145342028025707,0.008376819081740972,0.011861714323598026,-0.008884866586251627
2021-12-06,-0.0034817517766677648,0.00956055024370908,-0.0024635953850727986,-0.013830500005907805,0.01187650930217464
2021-12-07,-0.001571146420978707,0.020868670563689233,0.0035432060613326127,-0.008112324088635303,0.02034522160299183
2021-12-08,-0.0026237883029512927,0.0018871521319545701,0.0005393685677794685,-0.017436237231169518,0.0028068710415080104
2021-12-09,8.745839223451925e-05,-0.008330194379207283,-0.006130129283900702,0.005577576767028432,-0.006833797406472834
2021-12-10,0.0002626423866596027,0.002152258929466307,0.004211020685246302,-0.0024152692307379785,0.009494174885373472
2021-12-13,0.00349553089231185,-0.009411400818754669,0.002518126917516811,0.014671410281961226,-0.008911240946523688
2021-12-14,-0.0019208109255023545,-0.005339639374817001,-0.009385206339641532,-0.0023864145368443905,-0.006829437404053047
2021-12-15,-0.0007871282275300312,0.01348941829812601,0.004282351988516796,-0.009668626026217804,0.015509523522209977
2021-12-16,0.0013738657882996703,0.00012868756903762656,0.012024970840539904,0.0003894488327919801,-0.009076310218097157
2021-12-17,0.0012233065752800447,-0.012704157261128007,-0.002143116686188639,0.01126727050935031,-0.010431100174846981
2021-12-20,-0.0014857724357198736,-0.002220613861988927,-0.004240244730917084,-0.007519754393030259,-0.0108743586902051
2021-12-21,-0.0007875766046288359,0.011052835473020927,-0.00041897618344674124,-0.003814923883845781,0.017591370566195922
2021-12-22,0.0008753853522333997,0.0092676495354869,0.00935611880010715,0.004616208255477571,0.010050497104207022
2021-12-23,-0.0012252535999882751,0.005876281193932308,0.002251481491211197,-0.00871456255168755,0.006144028605488084
2021-12-27,0.0005249909983051327,0.007739699485896675,0.002364450476828884,0.002420502318452389,0.014160353231781877
2021-12-28,-0.0004376297707188167,0.00037925076189630763,-0.004319380340024978,-0.003970635002812144,-0.0007519598385495095
2021-12-29,-0.002981317528764874,-0.0003792507618963229,-0.0002965516280151311,-0.010984557924673836,0.0012077997785840512
2021-12-30,0.0021934610240368743,-0.0026251960768375704,0.007151581744182501,0.008350767535302821,-0.002828448316838965
2021-12-31,-0.0003508623640998922,-0.0008890686382018076,0.006808358432551388,0.0019594308175188823,-0.002744884833710781
2022-01-03,-0.006860861151105882,0.006460958471601499,-0.015503300973700684,-0.026600722278980728,0.0061198447485568555
2022-01-04,-8.837828339256747e-05,0.005666526868017567,0.007339514803169255,-0.004166683177098068,-0.0004098742185053814
2022-01-05,-0.003094216651426243,-0.00882847807331852,-0.003012197052209778,-0.005442710319773489,-0.01933989723754597
2022-01-06,-0.0010630142730688307,-0.005080077064050468,-0.012319703780209438,0.0025853218060375585,-0.0013475627556530155
2022-01-07,-0.002929486577766274,0.002924171800885322,0.004540812572282988,-0.0072146974092091466,-0.0034706493313177724
2022-01-10,-0.000889470753673463,-0.009310691789967759,0.0030355936239956378,0.002457407852442302,-0.0013073319078751497
2022-01-11,0.00186699945867064,0.010832872039376506,0.01199245713664559,0.006639717491091478,0.008722715455303051
2022-01-12,0.0,0.00971317792547054,0.0026391371424113854,-0.0038385717629056655,0.0029833223647628294
2022-01-13,0.001774599729522645,-0.007307510923711206,-0.003402771341298051,0.008841312494686351,-0.013881214103908822
2022-01-14,-0.005600634931463399,-0.0010120904208855946,-0.002883829150556528,-0.015224778967018252,0.00030448070472643415
2022-01-18,-0.0060805629222750795,-0.014792611116895959,-0.0016516182679313014,-0.01417447035036532,-0.017687280848828518
2022-01-19,0.0021503806423731685,-0.0008995797239045984,0.015755750605134237,0.006899646868694433,-0.010561912763104706
2022-01-20,0.0005366736648300469,-0.004898137288616012,-0.0025020112544038944,0.006148260899589866,-0.011064404507618137
2022-01-21,0.003927998169585583,-0.013660863331859893,-0.003267771913809988,0.011836199925535772,-0.019841877945359954
2022-01-24,-0.0011587406994554269,-0.010004918366515694,0.005479160681096094,-0.00824953054294547,0.004163084970642826
2022-01-25,-0.0009816515507848887,-0.006104993766698698,0.003192034576976311,-0.0016160487982926168,-0.012216531252590718
2022-01-26,-0.005641577204254764,-0.003867924451100488,-0.01629856790431354,-0.012167721729407508,-0.0022555876711833063
2022-01-27,0.003317297620079307,-0.004688160366677198,-0.01298211532059733,0.018196540832274916,-0.005081178644249753
2022-01-28,0.0007155541586369416,0.0033509774503442916,-0.002987752337666492,0.00034946859233000576,0.02421639508367229
2022-01-31,-8.931640758726191e-05,0.014480339767996914,0.005907056331230696,-0.005183401968814809,0.018123591230092835
2022-02-01,-0.00034935330041912187,0.009451428084825342,0.0008325368758188378,-0.003324842670295528,0.0065053540934833605
2022-02-02,0.0010743592560929513,0.0074194870643826145,0.00361943388995412,0.0033808765544642307,0.009489231615209082
2022-02-03,-0.004036135296738267,-0.015948094514000692,-0.0014224174555621005,-0.00783635166502268,-0.023516228059069697
2022-02-04,-0.006310750539256909,0.0023690314207972314,0.0015408910869810946,-0.014852640206837884,0.00468946481889022
2022-02-07,0.0009040928897350996,0.0017075729023194295,0.007375317353577323,0.0006477261472084021,-0.003302350332951995
2022-02-08,-0.0030772404239738983,0.005104950149384007,0.0030522079460774463,-0.0067087316289500655,0.008066470540072085
2022-02-09,0.0006345616823901174,0.016060583903719623,0.003393414275398407,0.001880414530282824,0.014562078132450286
2022-02-10,-0.009282213572581945,-0.012801772608109269,-0.0038037857675304026,-0.016020461975821583,-0.0177276826972988
2022-02-11,0.0065613977467755364,-0.0152111549045565,0.018875607865561438,0.014719098780133269,-0.020144510244834084
2022-02-14,-0.005829897977485759,-0.006496081081334416,0.005336451777182292,-0.012519231259005004,-0.003264724190778188
2022-02-15,-0.001645933846365626,0.018187274158851234,-0.009545260370239185,-0.011417438534940788,0.015927059647422987
2022-02-16,0.0011890333823235681,0.0037803088263752365,0.01023173130733765,0.005909102075665906,0.0011941943270276157
2022-02-17,0.0020997229149458045,-0.016264700493729706,0.013575508168976262,0.007410853764698287,-0.021491459442638444
2022-02-18,0.0020958103912373923,-0.004240663472331157,-0.000733724019731723,0.0104721297630682,-0.0064158972552333755
2022-02-22,-0.0010931903314002009,-0.011755234807643095,0.002086858856896338,0.0026009538506845684,-0.011004618596478473
2022-02-23,-0.004474461517235347,-0.008230816270543138,0.004497100140272996,-0.01387718152022647,-0.018167675061785203
2022-02-24,0.0018290190064943672,-0.013503439494652214,-0.006471023453826176,0.0006579704169220768,0.01525125134303408
2022-02-25,0.0010041863111679677,0.024685809999803302,-0.0033362372759372606,0.000731150862060399,0.021605006906359282
2022-02-28,0.0071839585787472635,-0.019207845301440447,0.010311993951243732,0.021682273702872405,-0.00251310375506507
2022-03-01,0.005619524920199664,-0.022094180963965298,0.01800043176575384,0.011494675754362702,-0.015112810393434336
2022-03-02,-0.01207382121508132,0.012487763302608057,-0.010460864384517259,-0.034780217811605604,0.018197692929503847
2022-03-03,0.0033735052957654514,-0.019915778295458365,0.005935763844875876,0.010133470864556467,-0.005030304893506878
2022-03-04,0.003996938971845912,-0.029405382853267128,0.015803608419049087,0.01711686188424854,-0.00812117616239805
2022-03-07,-0.005818987128860378,-0.03223946831279137,0.014753495270293054,-0.007659310198339276,-0.029965889810120928
2022-03-08,-0.0035628768109981362,0.00863992571766315,0.026991429368426304,-0.010110175709107709,-0.007574935398720832
2022-03-09,-0.00210719380131401,0.04097623110431083,-0.030161495266205762,-0.009847504801882212,0.026303811999860104
2022-03-10,-0.005610076934076142,-0.012030800075073815,0.003116366878477797,-0.014471238693929139,-0.004464012127203863
2022-03-11,-0.00018416920355257777,-0.010865837941700842,-0.007052696024243029,0.0033404314632011507,-0.012839430405991498
2022-03-14,-0.009732922803866539,0.009135140015366616,-0.01518847505814139,-0.02362566341853124,-0.00732942539390141
2022-03-15,0.0022330060831412444,0.009481514349468412,-0.018882610033681094,-0.0017470682020473058,0.021701594075858772
2022-03-16,0.000743338943154547,0.03525879192373233,0.006241285995487705,0.009759910415310411,0.022114840869408268
2022-03-17,0.001670164813899711,0.008384315951794964,0.004876733952655098,-0.007481656599788744,0.012160144104985306
2022-03-18,0.0022225835738057392,0.00967107287573817,-0.008828710707897394,0.012138952544723644,0.01098985430465082
2022-03-21,-0.009854073909338101,-0.0062551357613791336,0.00761175501954624,-0.023428784444400184,4.881012232431529e-05
2022-03-22,-0.002712801705749059,0.009368210421962325,-0.007277189924242526,-0.012894811898648675,0.0115455706910946
2022-03-23,0.0041133934258193615,-0.013057977628649643,0.013567209576051467,0.02167865663394468,-0.012961555542699949
2022-03-24,-0.0022418060415852776,0.009266868467577221,0.007234137513108609,-0.007864292085434819,0.014754952936596597
2022-03-25,-0.007979349095526413,0.0005425356313888405,-0.004103860537691329,-0.013969707527763537,0.005059480456987517
2022-03-28,0.0024478342796625534,-0.0032591611637105976,-0.018371517706821095,0.008513658932276551,0.006873329179955987
2022-03-29,0.004689758945495928,0.021928561889059707,0.00044668806848975184,0.00752394179228774,0.012570169377908854
2022-03-30,0.0027098469578715227,-0.004133564640487538,0.008006283379257595,0.0077712004395403865,-0.006241611163610561
2022-03-31,-0.00046640465713742414,-0.016707270835844033,0.00038752078804877134,0.0024258989214573415,-0.01548739584662853
2022-04-01,-0.0017782396073340832,0.009331231622745365,-0.00638621587890147,0.0037991281133089036,0.002766064725946551
2022-04-04,0.0008427795401402247,0.0040301118688130235,0.004835061682683925,-0.006973730040249157,0.008443345745820553
2022-04-05,-0.010160033387941457,-0.013633223721183918,-0.006284549046099261,-0.022851552422525918,-0.012438765386481048
2022-04-06,-0.0025560933392873475,-0.012032047139334251,0.0023404756196963713,-0.008126978296801207,-0.010180354888200616
2022-04-07,-0.0021825593698004647,0.002198708243237886,0.0037777415804506904,-0.007561112594076571,0.0050303949787554895
2022-04-08,-0.00504817673943848,0.00041158118373654334,0.006246419748615932,-0.010889617851297675,-0.002426902122254745
2022-04-11,-0.004306072702861673,-0.010620141286694298,0.004947206140849894,-0.015951460471550737,-0.01747735256967526
2022-04-12,0.0031600348378755514,-0.007515648250323695,0.007647435301758943,-0.0013814490113685783,-0.0036664001408678397
2022-04-13,0.002004726375314736,0.010699650504151515,0.004777109287769396,0.0020310594198963863,0.01122913979342412
2022-04-14,-0.008142003666094397,-0.004571405743226378,-0.0033090194372706765,-0.020249245680197474,-0.012222470758787227
2022-04-18,-0.003082821496969624,-0.005848891395457884,0.0030924062818564585,-0.004981353846727442,0.00017373100998441945
2022-04-19,-0.006096580739720243,0.004737349658215193,-0.015228268112133887,-0.007518716852515657,0.015845431982472485
2022-04-20,0.005710848634934227,0.006650066977974048,0.0048830061930919995,0.01992603047194374,-0.0007583447924935154
2022-04-21,-0.0055164710323532965,-0.010828760495726194,-0.003563943502360224,-0.007425959772700592,-0.014938026363504045
2022-04-22,-0.0009710566162143714,-0.01646663696076603,-0.009769661352400816,-0.006313550587395624,-0.027673540181271175
2022-04-25,0.00668062683357671,-0.004836534651186427,-0.018134432520229594,0.00995112485296056,0.005448914155897643
2022-04-26,0.003083243393600935,-0.02834585880643276,0.0015238553873300224,0.01001612557389315,-0.029009866462000572
2022-04-27,-0.0040487688218061,0.004537154490114629,-0.007585723242633687,-0.012908617423365137,0.0025847964013785384
2022-04-28,-0.0003863510480717767,0.014065203350751131,0.0053838047894630165,0.0014885759728172716,0.024747929976382695
2022-04-29,-0.006008947743597438,-0.011731671436440667,-0.00011298334784093811,-0.013058380017935647,-0.03742138768561905
2022-05-02,-0.005458299635175854,-0.002479626587756337,-0.01871452290294498,-0.017485237715966856,0.006264751594636936
2022-05-03,0.002249409944648953,0.007420827482396104,0.0026457593569150124,0.00671920183243337,0.004320293022835314
2022-05-04,0.006426645223654983,0.01738930029781936,0.009774616775434711,0.005494393867620509,0.029883891100182525
2022-05-05,-0.00995016799217707,-0.032728074274320354,-0.0038184194446891804,-0.027780561461799715,-0.035753530852451906
2022-05-06,-0.004224194376197718,-0.00976350582020088,0.0016545049194706565,-0.014844891053557295,-0.006301250287705085
2022-05-09,0.00491028958711628,-0.030641507797134752,-0.014585347642546313,0.0087585381821562,-0.032798661065611724
2022-05-10,0.0030328008193605503,0.0074827902152553635,-0.00848106565352078,0.00902878850576947,0.0025657300622348167
2022-05-11,0.0037047715180489812,-0.00595131246617398,0.008133958004822058,0.019089111291709277,-0.016241632862824398
2022-05-12,0.001846992754321326,-0.002451598984666551,-0.015452706170676834,-0.0018670604662350656,-0.0007761771791801982
2022-05-13,-0.004282464539891559,0.027390643424137048,-0.008142627698810948,-0.014891133578146275,0.023322330981684052
2022-05-16,0.002240475449665453,0.0008954676488702906,0.009493279652076629,-0.0010353529541557373,-0.003582100736604222
2022-05-17,-0.005465227610087165,0.01847105159450911,-0.006299094085683991,-0.012157002306150865,0.019811089097580982
2022-05-18,0.0040040944957384726,-0.024154666486615874,0.000531343704844183,0.021093467093639434,-0.04041132633004593
2022-05-19,0.0025312870139539683,0.00955360748391639,0.014590277160260899,0.002392501046716792,-0.006710405740476871
2022-05-20,0.0030098351628717124,0.0068108869616595735,0.000697767757192036,0.011286080574728559,0.00025115950821245913
2022-05-23,-0.0033011814675645373,0.016826833444542465,0.004639589893868967,-0.0165912517273515,0.018788212826910674
2022-05-24,0.0076537150068696335,-0.0015974319322411587,0.007493711725538028,0.0195398406549463,-0.007235664897214105
2022-05-25,0.004141622903517062,0.0002907245955471342,-0.006048248796558386,0.003946721391828744,0.008303919591959504
2022-05-26,-0.0007689886207316996,0.010981151237330863,-0.001850609639927292,-0.004535804684289687,0.019684542892061438
2022-05-27,0.0016336396645147003,0.011998275085210595,0.0005208853826908474,0.002438858421190854,0.02476703825603128
2022-05-31,-0.006358090048643837,-0.005981080262964552,-0.009942270255165302,-0.021389615783676263,-0.005567795273499595
2022-06-01,-0.004113569668799464,-0.010626351589778519,0.0063488366174163004,-0.0011438626061901873,-0.008410684207753694
2022-06-02,0.0012629171617373094,0.02057516051400246,0.012234040087981134,0.0005161791985393789,0.01881247066546769
2022-06-03,-0.0016521264784983552,-0.01438671399532142,-0.010203900438868029,-0.002152364653534105,-0.016319058763798376
2022-06-06,-0.006146232625536701,0.0040092638733800826,-0.004413447852864014,-0.018615456853869353,0.002725054214754977
2022-06-07,0.003808999562829192,0.0029963875310566406,0.006497267812168451,0.010742208634473109,0.009728835517121517
2022-06-08,-0.004102221036425757,-0.014060475282222743,-0.0009256257836888652,-0.008900198024569275,-0.010997876442123697
2022-06-09,-0.0010777050804446928,-0.02122424105402544,-0.0031883338247287547,0.003324912987230732,-0.023799994801888952
2022-06-10,-0.007771585600078772,-0.02443245335750641,0.013323135228160962,-0.006221071623159561,-0.029780830478142575
2022-06-13,-0.016529185271273988,-0.03364060804916674,-0.02676735882447253,-0.031882377338020115,-0.039308924248705475
2022-06-14,-0.005940953798065996,-0.009476984284915245,-0.008035407203286724,-0.012693590225417335,-0.002499648709222687
2022-06-15,0.011048644182848105,0.018548548877689176,0.012966509676610984,0.01848478623548341,0.014217388860363927
2022-06-16,0.0023943878308886513,-0.022267555559116012,0.011180446816136464,0.007908033913384018,-0.03340489611108308
2022-06-17,-9.978792865764685e-05,-0.00405819638934306,-0.008256810144045654,0.003216991197458647,0.0026074008350709735
2022-06-21,-0.003994295843920001,0.01501359855566984,-0.0037437854344901486,-0.017097525950977216,0.024204984945002832
2022-06-22,0.008469121094090665,-0.006752391863954773,0.003977268335422712,0.02712904902190293,-0.002110470905968793
2022-06-23,0.004158566840959975,-0.0011300293572846453,-0.006148118298448717,0.00818130782035469,0.010451724500692742
2022-06-24,-0.0015820229452131718,0.029439741391389107,-0.0009989609969459391,-0.013939305239811023,0.03065973542776996
2022-06-27,-0.004463372855914038,-0.004242945327820691,-0.0011176944418580068,-0.008565231678710823,-0.003757303135423624
2022-06-28,0.0003977965277889839,-0.0067945975927530345,-0.0016493806069405818,0.004648377909609478,-0.021845678007341378
2022-06-29,0.0057460041772036605,-0.003812606339831404,-0.0007666517068580592,0.015487807712729743,0.00049227517429906
2022-06-30,0.00453466515352813,-0.005426219795260046,-0.006095587698335223,0.008743488314986874,-0.007925087105278785
2022-07-01,0.008301026178126237,0.00239767756617474,-0.0008313996785857856,0.010214382077639042,0.010210449627843869
2022-07-05,0.0018544078010789286,-0.021624203406016545,-0.021437799680384485,0.007826276483347635,0.0017676763329180327
2022-07-06,-0.006752071661695125,0.0008151763271869785,-0.01596901758740465,-0.016933296579140528,0.0036109682211477863
2022-07-07,-0.002261063029459983,0.015045243671574908,0.0005548992912700342,-0.00883917668126325,0.014567182734290514
2022-07-08,-0.0037472448318444916,0.0011232947140007654,0.00043143823725389326,-0.011137744788902488,-0.0005874554845263879
2022-07-11,0.004632489008293853,-0.016331506526852273,-0.0053749265251639535,0.017097592669405436,-0.011371689607876104
2022-07-12,0.0013758188530106604,-0.00016292483367504634,-0.0037236489059839332,0.0059246942519751225,-0.00927142903489893
2022-07-13,0.00362627758662604,-0.0004892833522351286,0.004776265963686179,0.01140077652853022,-0.004668335197820957
2022-07-14,-0.0035280523924794615,-0.014128875534305665,-0.014146649261641277,-0.00819223268435503,-0.0026443243450097
2022-07-15,0.003919214081479922,0.015758773590153503,-0.0020104758163567997,0.005612385832109007,0.018733114698332085
2022-07-18,-0.0032323416600343853,0.004063473191342921,0.000942949789432323,-0.010473474429159772,-0.008311097760907818
2022-07-19,-0.0013745645751417274,0.026885876335482024,0.002384623832616704,-0.005408991302512827,0.02678291654471779
2022-07-20,-0.0006879914728844193,-0.006654040081872139,-0.009446509339211243,0.00262093770043931,0.0063855792341118356
2022-07-21,0.008322194253057419,0.010279190789724385,0.01401179660226555,0.017128537488489172,0.010061607077905375
2022-07-22,0.007770038317767572,-0.00252053735083323,0.0024926409954947677,0.01667168539758993,-0.009152878795544158
2022-07-25,-0.0036829106943814275,0.007699054032111725,-0.0027423043036363935,-0.00983333583572671,0.000990762340262161
2022-07-26,-0.00019456179655403833,-0.01402802708404071,-0.001186514317386386,0.0007661251046597021,-0.012063453350417471
2022-07-27,0.0034907692238662145,0.02337534010476915,0.010133467249785824,-0.00563364345847142,0.02585620858631205
2022-07-28,0.007136205477187852,0.005103962272846967,0.01211168004371747,0.007929417426797692,0.01256103538776003
2022-07-29,9.638478854906914e-05,0.013789284064403627,0.0028071459585694595,-0.002721572671858259,0.014546001715807989
2022-08-01,0.0034596142172912715,0.001368397647853308,0.005651232868696488,0.023798239273778894,-0.0030140047190338293
2022-08-02,-0.010318679875191587,-0.01608363103679192,-0.005955990148902209,-0.02138657996959789,-0.006481822836670046
2022-08-03,0.004449380827763211,0.005850728756979324,0.002435276067987767,0.015622200989764782,0.015496974671322241
2022-08-04,0.002409599838824987,0.005053160227305736,0.016404693683584038,-0.000335293541980624,-0.0007875142863155664
2022-08-05,-0.01123060166584361,-0.0070509050172962925,-0.011309781450742627,-0.024091411202877316,-0.0020767877030225547
2022-08-08,0.004565346915682586,0.0023046451637646253,0.008434348290836127,0.01601257196054638,-0.0008954079656509714
2022-08-09,-0.002231574883819269,-0.005385923125856131,0.003054867797077557,-0.0038943565732794997,-0.0039587581530624106
2022-08-10,0.0025220078735388564,0.022277415959525485,-0.0025151110588634198,-0.006553050822494926,0.020728180392237856
2022-08-11,-0.005342554050267681,-0.0003018238116240387,-0.002641706914863643,-0.023585579212103178,0.0
2022-08-12,0.004470573857337998,0.0076687385166701455,0.009155976822720392,0.010089930935218679,0.016976901673733103
2022-08-15,0.0012598910285874158,-0.0060097368911074716,-0.012950528089989187,-0.0008658362208352337,0.004269235503564725
2022-08-16,-0.0014536440234071935,-0.00030154358703878286,-0.0017516299628300418,0.004149039317118749,0.001748232241212865
2022-08-17,-0.005934161621528275,-0.008021125154530555,-0.006489345947105167,-0.010492223703301152,-0.006858329649340692
2022-08-18,0.0021441149038753165,-0.003348690210045202,-0.0026198444873023344,0.0014809103339427504,0.0030792174603694123
2022-08-19,-0.0070348665526268955,-0.013816410193051453,-0.007347552958114958,-0.016233442599689014,-0.013893451619878098
2022-08-22,-0.004323643194519377,-0.017150483205894403,-0.00665930336783302,-0.003367362753516133,-0.021301030404606944
2022-08-23,-0.0003937972763583091,0.00047166750290081783,0.006966551217581505,-0.005518309129257822,-0.002371701324158086
2022-08-24,-0.0026633509556549546,0.0012566037626539428,0.002944580504679446,-0.007345786426195231,0.003029297883493968
2022-08-25,0.005515979650608581,0.010929242365645011,0.0030581063588208724,0.013840048099020829,0.014466697931645548
2022-08-26,-0.00186794827011749,-0.02659275608074626,-0.012227153201929956,0.007509347976715188,-0.034874036394440124
2022-08-29,-0.004833858742127966,-0.0022350707298614144,0.0006180465249853886,-0.0083081015601917,-0.006625568942799935
2022-08-30,0.001284793574608814,-0.0072180311180912934,-0.008375556136480044,0.002482091073607579,-0.010922715902830065
2022-08-31,-0.005347984775889328,-0.006783883633333354,-0.0077553096129762645,-0.009606739273829651,-0.007899593050776277
2022-09-01,-0.004347197940048872,-0.013543510072749551,-0.00882902347465035,-0.018477771227437136,0.0030794687517512616
2022-09-02,0.002893734621358142,-0.006593040454782096,0.00876617372318804,0.005640865981611678,-0.010541957833685124
2022-09-06,-0.009410515946043712,-0.0024836844785464346,-0.005856578259356107,-0.025080783676069092,-0.0033627255507185164
2022-09-07,0.0069164911904692865,0.00874819126778364,0.010117286090114818,0.015691859242132244,0.017768061535622093
2022-09-08,-0.003201808241918005,0.000656959432167823,-0.006020378897494643,-0.010310538045916282,0.006514302006512941
2022-09-09,-0.00010012254867045055,0.02513725051024198,0.005269846503477033,0.002218438616880614,0.01531420964079048
2022-09-12,-0.0015046341372957793,0.013837183212389493,0.005055386193321507,-0.008251178050907845,0.010936415130915608
2022-09-13,-0.005636659935840913,-0.03536779957334712,-0.013096728906648173,0.0023248678258809834,-0.044593381945104316
2022-09-14,0.0013117271156859443,0.003267603962130898,-0.003855034555311845,0.0034303961403314254,0.0037284694897333423
2022-09-15,-0.0030291695247695112,-0.008846976729615612,-0.018855801737618274,-0.0006480181493169842,-0.011228274143067053
2022-09-16,-0.0007076471047873906,-0.0061071782849373086,0.005533767627080334,-0.00837080087711562,-0.00789306461363019
2022-09-19,-0.0015190188242976928,0.0034709802751800695,0.0007697907679810017,0.0023325419448511123,0.0076421298533249265
2022-09-20,-0.004468978849560798,-0.017139992370477846,-0.005722932055293624,-0.010020235499121951,-0.011330322771278203
2022-09-21,0.003150513599184145,-0.013178127901614146,0.004632228320962459,0.016614141478536074,-0.017756129750449722
2022-09-22,-0.010711611583634807,-0.002895213115514085,-0.0005778441890031698,-0.025880900031456742,-0.008476945051979426
2022-09-23,-0.0030818868613216774,-0.03241475344396786,-0.017427816406674814,0.004076705604287757,-0.016759179909827414
2022-09-26,-0.012942983339284092,-0.014909883001342637,-0.01170141432179742,-0.019295681533294372,-0.00973431612145195
2022-09-27,-0.0042823843605462745,-0.006818453238766337,0.0020477436877313054,-0.026683785619933786,-0.0028284898551021133
2022-09-28,0.015990093783597344,0.02384014759821551,0.020573557832177892,0.03293354718879379,0.019451893616490728
2022-09-29,-0.005266913136921226,-0.011848993284352384,-0.0001939471718055397,-0.005189321699178451,-0.02107346728528276
2022-09-30,-0.0023846966968780786,-0.0035644541077743896,6.462035224685361e-05,-0.012994900939551876,-0.015355225059250775
2022-10-03,0.008091749108554085,0.01962411287588037,0.024019005945363412,0.015764665312842794,0.02609573765918247
2022-10-04,0.0026795679463846333,0.03930814551305108,0.014226444596111972,-0.0027969653755290274,0.029906303714821773
2022-10-05,-0.005262560154828947,-0.010660830070418976,-0.005553659432976476,-0.00960763249291468,-0.0017297422836456524
2022-10-06,-0.003938992613007677,-0.017678283526455767,-0.0011269264553861384,-0.0055736557907851685,-0.010586391776349494
2022-10-07,-0.005311153187253964,-0.016058963774934085,-0.011023386142689101,-0.00975558544372364,-0.028480841390451657
2022-10-10,-0.004500090185403452,-0.005646717702663071,-0.015318203217156916,-0.015667931523968094,-0.00749788364195577
2022-10-11,0.000629196584861445,-0.011032342329614576,-0.002060212330939929,0.004416042243668368,-0.00661110684871831
2022-10-12,0.0008382827365995183,-0.0032257000015169963,0.005335071671709423,0.0048951009722441275,-0.0031081329648823624
2022-10-13,-0.003147213336237815,0.02043236740845942,-0.006947611087114204,-0.009612942230820069,0.02585018741682615
2022-10-14,-0.005478378753347837,-0.015061788391787392,-0.012537160793022467,-0.008284460219353794,-0.0227724766231549
2022-10-17,0.002110607778063393,0.024339781865972788,0.0028720806307473926,-0.004881493776952227,0.025089519242746546
2022-10-18,0.0016856732861109996,0.0071187021628914375,0.002148660090392182,0.0023417942368517707,0.01171168272718748
2022-10-19,-0.008667529987942306,-0.012359726382973309,-0.013488925988338462,-0.01837346183117679,-0.006945706960596741
2022-10-20,-0.006069712847282182,-0.0022797591277226624,-0.0015834633753089122,-0.017240720938514215,-0.008244034721027122
2022-10-21,0.0014946361342021445,0.017921287476235392,0.01767059741452654,-0.018187543378610335,0.023746106180828272
2022-10-24,-0.0013875139499825914,0.00017245565516268245,-0.0032488658845126403,-0.008298317334129189,0.012110069162749603
2022-10-25,0.009777095259572783,0.02182902567848863,0.002275353560635257,0.02869619849384104,0.01612945655583664
2022-10-26,0.004431711413987304,0.009402385052819432,0.006343446354353355,0.01430467176887256,-0.007490962138754736
2022-10-27,0.005040959032573524,-0.009402385052819323,-0.0015497241473593686,0.010416523398946524,-0.0053687085957217105
2022-10-28,-0.00251758007623165,0.00990346000472028,-0.01026317410117862,-0.006897535867713454,0.023069035880781824
2022-10-31,-0.003365984003805591,-0.009397580481567847,-0.008194886192774814,-0.007153703448135701,-0.006822877544440334
2022-11-01,0.001856955579887754,0.00789324335706889,0.010151726172797497,0.009302239821409295,-0.004037135315640005
2022-11-02,-0.0016879146754304824,-0.014660358390511538,-0.006996970202892216,-0.004349958503126075,-0.02584570393100752
2022-11-03,-0.003702741040573528,-0.008523620829435632,-0.003813297433937162,-0.005411146247382208,-0.010710244721271005
2022-11-04,-0.00010616698161064494,0.039279935475998624,0.0302345832528433,-0.016943530967221444,0.014534695210692694
2022-11-07,-0.003184852483967594,0.0031226168059256105,-0.003970260739379374,-0.010026707291933775,0.009554528679805852
2022-11-08,0.004244436598576213,0.011259006397466437,0.022836328940686813,0.010875612585280477,0.0054270546569918435
2022-11-09,0.0011641266564833832,-0.014052548792368478,-0.005029894759161607,0.003281778408057383,-0.02063652588788306
2022-11-10,0.021242956926349834,0.05459556496349114,0.029990153003992607,0.03775181709357092,0.05328491137570323
2022-11-11,-0.0007250529446824012,0.019747484698726562,0.00658459794711783,-0.003670581579867942,0.009521808318832077
2022-11-14,-0.002801762903344898,-0.010596750007631685,0.0021852662272774694,-0.002454834059299189,-0.008061628640233066
2022-11-15,0.007350323032166347,0.00661698267866709,0.0035106980811025834,0.016050783738689168,0.008225539571207207
2022-11-16,0.006169745615099135,-0.002303163848322956,-0.0022987420952167376,0.021632822898953505,-0.007619860959730873
2022-11-17,-0.0042116771058579505,-0.000461428174815362,-0.007293959961673216,-0.010608231189671748,-0.0028933980648840935
2022-11-18,-0.0014423536199433603,0.0019975038345898858,-0.006917507382313755,-0.006901086538584199,0.004405505797395337
2022-11-21,-0.0006188535993736464,-0.007549457890966108,-0.0056056352070885974,0.0042061835066577605,-0.003522921500107692
2022-11-22,0.005144668738568665,0.013822775604818002,0.0011730356909015207,0.014091690460060627,0.013228622508039524
2022-11-23,0.0059344617526151805,0.010922458958104635,0.006212503317279542,0.017291698367383583,0.006238109739066215
2022-11-25,0.0002040838336227535,0.005116796141526852,0.000858102340972588,-0.0033959138178211523,-0.0001080564893950521
2022-11-28,-0.001633210807897171,-0.012993238069943356,-0.007934893665371402,0.002814329406012792,-0.01594572415025382
2022-11-29,-0.00358258794333561,0.0028850597342034226,0.004928261563008794,-0.011795087320636694,-0.0017596606485763245
2022-11-30,0.007762669379634707,0.01758536002399155,0.012700921015012894,0.007327452828883671,0.03030813625545541
2022-12-01,0.008286335715267941,0.009637477055441539,0.01821784239630758,0.03144602827614308,0.00013382798488456409
2022-12-02,0.004138271928306073,-0.0007380509213142128,-0.0034616677176241193,0.012497407137136143,-0.0014430931696458437
2022-12-05,-0.007886813804677708,-0.013229444590767933,-0.01730780530272015,-0.01410600738726888,-0.01796793392640558
2022-12-06,0.002939430023894884,-0.00449916945113628,0.0027336344458788004,0.01279775620628018,-0.014560729423024039
2022-12-07,0.00886732361488105,0.0,0.008998493556537802,0.023289129497707308,-0.0019354588408564922
2022-12-08,-0.0030139938545701585,0.005097489455180611,0.0008413425277820795,-0.0027440097113615282,0.007856654242421851
2022-12-09,-0.005954658728790571,0.0005980903185733668,0.0035378943750204003,-0.026359048547636,-0.007330863604120946
2022-12-12,0.00020264767044013453,0.0029845229755061597,-0.008294841833501867,0.003192363764523487,0.014172018432293864
2022-12-13,0.006657576908524073,0.014083093103449231,0.016936889733695327,0.00960970970347595,0.0073636820137862385
2022-12-14,0.0022086767389720313,-0.000885418491120325,-0.0024359858905979824,0.004262056366075864,-0.006055353694751065
2022-12-15,0.0014669408568790197,-0.025874437668438468,-0.016494600382901816,0.003894326963171314,-0.02490167292143153
2022-12-16,-0.002613729620859124,-0.008826817263254445,0.008671019495160068,-0.011233489281151423,-0.011994760550191354
2022-12-19,-0.006158736405649226,-0.002448740062369791,-0.0028218082489996433,-0.016947472592373416,-0.00865657117725274
2022-12-20,-0.006808417557688026,0.0039761631726502366,0.016458298941440037,-0.017917329964187753,0.001522492771600814
2022-12-21,0.0027493699883994306,0.010324997066165811,-0.0016573862871153066,0.002510550220346406,0.014846289279532366
2022-12-22,-0.0003056355235845896,-0.0081905166205916,-0.012158980168932585,-0.00019302693254972668,-0.01416024968222886
2022-12-23,-0.00346378915450924,0.003496656234929423,0.002993835039254722,-0.014768980046094069,0.005585927908584441
2022-12-27,-0.007273792313552838,0.0015166009382065638,0.008394677302769623,-0.019970810285690126,-0.003986722903231579
2022-12-28,-0.0017490465993827387,-0.010664174303845655,-0.004515989032750605,-0.005909165163557728,-0.0123450413906866
2022-12-29,0.0037007664927651506,0.015652424046066083,0.005582639597805041,0.011287097513439735,0.017581469228350907
2022-12-30,-0.004731932566004577,-0.010306153895836988,0.004667758029330661,-0.011186486523790687,-0.0027569340349478102
2023-01-03,0.005859991037351083,0.008797362811697716,0.008335816871946341,0.01890385572788459,-0.0038499406520766336
2023-01-04,0.005519917855815257,0.013201368372357613,0.009367889939565922,0.013607028561848375,0.00717450552723427
2023-01-05,-0.0008160137147782185,-0.010035191653175178,-0.01252963086748756,0.0041721606354353106,-0.010981601555792784
2023-01-06,0.010856739350806104,0.02526872390566749,0.01853466381119925,0.01822922145758395,0.02248944539612409
2023-01-09,0.0025199516736944803,0.004247613341055861,0.0022426010679794787,0.00531044694706206,-0.0007297514501492338
2023-01-10,-0.0038322475542289522,0.002918993186262327,0.003669304474491391,-0.01668867245015723,0.007103116692998881
2023-01-11,0.006144997458540596,0.007549239003536001,-0.0006870298860052756,0.016120657263707133,0.012681437380632744
2023-01-12,0.007204801938279086,0.014645150814132512,0.011501603213231942,0.019490863558774347,0.0037349029025472995
2023-01-13,-0.003696086759647579,0.0052596401238909,0.011930333702592914,-0.009416499803145484,0.003885004282445567
2023-01-17,-0.0018029319070625137,0.0031143364558922698,-0.006566591290624395,-0.006484874116237668,-0.0015303333614037598
2023-01-18,0.00987704999269361,-0.003539779428544622,-0.0028758838411488395,0.02394266390721108,-0.016377323836151515
2023-01-19,-0.00228617265958471,-0.0015615079691918036,0.015743931377470842,-0.006279413667518609,-0.007226002948878167
2023-01-20,-0.0040874338589147125,0.008769536867851733,-0.0033409804213138158,-0.016344126762657542,0.018229037660803384
2023-01-23,-0.0025013939266557796,0.004075630138666752,0.0018946378029897782,-0.004719238869652636,0.012106282387410131
2023-01-24,0.004397546077442727,-0.0012632538494577546,0.0036119840879409123,0.014277865658158855,-0.001060024986799147
2023-01-25,0.0011959899873065483,0.00657865491056574,0.004593393795208086,0.0024219840579632387,0.0003536114838357343
2023-01-26,-0.0016949085792204149,0.0008367065250036739,-0.009096515003608066,-0.004662822896999308,0.01062600181412942
2023-01-27,-0.0014976403635380722,-0.0019532861306342715,-0.0013939615756237058,-0.0025272609793947293,0.002847019152393512
2023-01-30,-0.002701417842193833,-0.006445390567924792,-0.002570014931290955,-0.0036612924657448464,-0.01257637409948669
2023-01-31,0.0040993143035623035,0.005746700801901438,0.0036296165072691286,0.007962933805317719,0.014103825821380816
2023-02-01,0.007027192026457962,0.008905118058988299,0.012518134528387544,0.011949588482480138,0.010892719623145027
2023-02-02,0.001091899068102162,-0.0013865539639962513,-0.0209702840085377,0.0012933134457673479,0.014228215047316436
2023-02-03,-0.009670539612253014,-0.009337254182707021,-0.025274496401227434,-0.01506864670220318,-0.010737750457167645
2023-02-06,-0.005525123670199715,-0.010273680348622907,0.002073259184240806,-0.007431323005092514,-0.005797412787551406
2023-02-07,-0.001714154944687217,0.008452095681597743,0.0009200023760844002,-0.008058205069892205,0.01282016792852161
2023-02-08,0.001411860121046507,-0.006191422132376031,0.002468544755507998,0.0047480547142765926,-0.01101668139027216
2023-02-09,-0.003937642527283812,0.0018333084034315532,-0.007943887464013586,-0.00951876104599978,-0.008596747146923796
2023-02-10,-0.004359576182316533,-0.004377190051326742,0.0019053779351280687,-0.011252888612893227,0.002429478880333831
2023-02-13,0.0030435167412199604,0.009996721993098262,-0.005089097798950408,0.00837975577754843,0.011479857216556418
2023-02-14,-0.0035515089997522837,0.0018195291617474532,0.000753454984742333,-0.002304804012424849,-0.00036907393695314976
2023-02-15,-0.001933508131869034,-0.0044847782558892855,-0.010014646847400324,-0.009368795701745843,0.003343514053971569
2023-02-16,-0.004184929086451742,-0.004928624519091022,-0.0008195726363130796,-0.014269025085352537,-0.014001105348348275
2023-02-17,0.0023501505786276827,0.00253766397135693,0.002982339072148569,0.007746370158055363,-0.0025885062093916424
2023-02-21,-0.009432130109495639,-0.01104362023162737,-0.0037440046605545256,-0.01962892260375274,-0.02005439954127602
2023-02-22,0.002674407103268093,-0.00556770168861432,-0.0056423768979153,0.009122634798819026,-0.0012552762895716662
2023-02-23,0.003589378917655785,0.00514056254494962,-0.0005305918526508475,0.009724536403189595,0.005010548678424456
2023-02-24,-0.005748865998168301,-0.016804459025828878,-0.0072206822499255125,-0.013086293870068058,-0.010759380637038674
2023-02-27,0.001954120460778928,0.011806928492768626,0.003912670406128105,0.002769111410450898,0.003453386098419429
2023-02-28,-0.00010292288471686069,-0.007326874299306997,0.004545621851780495,0.004532933788873291,-0.003782948879838905
2023-03-01,-0.005743745799004239,0.005320970400297414,0.005755555600934512,-0.010801092926354557,-0.003659276729062962
2023-03-02,-0.0020744621114062653,0.002005903899009732,-0.000585735153896139,-0.008906561044697522,0.007442225608901867
2023-03-03,0.007859646832689523,0.014495121427227496,0.010666001055863707,0.023937105675574662,0.01571763586125493
2023-03-06,-0.0024753832034935565,-0.002542742899260925,-0.0050565936951402655,-0.007783719385087602,0.0012112658492676787
2023-03-07,-0.0013434852691383604,-0.01683103268845815,-0.017635068390636166,0.006113731914706381,-0.015589083803164493
2023-03-08,-0.0010342509088922115,0.005451310426522588,-0.0004745630282821619,0.000982388287580699,0.0015560981747607242
2023-03-09,0.003616283329658043,-0.007323033373285045,0.00980112770009771,0.002452101758397521,-0.01847527996888063
2023-03-10,0.011586818181489145,-0.010721672478401193,0.021333667247723984,0.03390536409791764,-0.014443573806305825
2023-03-13,0.007920332425577211,-0.0068697660194709,0.022688861946558777,0.002270238530492945,-0.001693155747499
2023-03-14,-0.005883707527089154,0.013258721837617763,-0.005807897981361377,-0.016578073004391767,0.01647011347567922
2023-03-15,0.009921306358222621,-0.03146404686443551,0.007773838437142398,0.019125997703162326,-0.006186471380353259
2023-03-16,-0.0039366312691836765,0.015414620934456986,0.0020180543660701534,-0.007853661472357554,0.016962879399704586
2023-03-17,0.006250728504790446,-0.01198503247884413,0.028704276731304653,0.014897758836095289,-0.010998651617383691
2023-03-20,-0.0040281597401961204,0.015508885903303416,0.0003807952240648717,-0.008836530608095793,0.00899022739366081
2023-03-21,-0.0030316501401282956,0.014983117925166798,-0.01905552456933767,-0.00862901652464599,0.01299596969864744
2023-03-22,0.009569096739572779,-0.0034712957848270255,0.016877382247649345,0.013245178206953706,-0.016720590383761818
2023-03-23,0.002403430092973903,0.00014481375412175973,0.012460224063675791,0.0,0.0023743684076390353
2023-03-24,0.0016986450480293448,-0.0030467418371815437,-0.011316136891165252,0.004220368925788167,0.006642743629683651
2023-03-27,-0.010841194060614723,0.009400762026264596,-0.009299831745516636,-0.023771236676849914,0.0016489358101653613
2023-03-28,-0.0015152454145551239,0.0004315037610390691,0.008155744573006158,0.0018192106357559558,-0.0017590258807832762
2023-03-29,0.0012125729353070934,0.012013919943855403,-0.0049731154716589265,-0.002011019082404969,0.014121765033599904
2023-03-30,0.001109731196535211,0.011590339080736402,0.008998964139577773,0.004590842753642731,0.005949531814141601
2023-03-31,0.0048290705321234854,0.005046167131167453,-0.0052258772770236855,0.014869719814457763,0.013869518170846766
2023-04-03,0.004336958840474654,0.007938000459817927,0.00717858251921089,0.004691974002939355,0.003954191388940887
2023-04-04,0.0036998490745828723,0.00013900240577053267,0.018469345695108493,0.004959384033522808,-0.0056572926390038945
2023-04-05,0.0033879718459585376,-0.00695887673473933,-0.0007982432900847153,0.010400304264968395,-0.0024269837305316054
2023-04-06,-0.0008961132831389595,0.004737262548586545,-0.007159660374899705,0.0025837075607844737,0.003811022034820037
2023-04-10,-0.006893043117414712,-0.0006952084608536988,-0.007427401530065852,-0.016256445958186722,0.0010897328751061615
2023-04-11,0.0006013112553119484,0.0033326488833239835,0.00630066529229045,0.002058508486235143,0.0001331702500646332
2023-04-12,0.001201452144172894,0.006357149154103302,0.0048732452945133,-0.0010288067173463158,-0.003993067937181944
2023-04-13,-0.0004002369206143788,0.012730413147659457,0.013425150587981827,-0.007889618836192535,0.012879763394816767
2023-04-14,-0.004917560058372819,-0.004089002159666299,-0.017869017219899228,-0.009188369236043997,-0.0020559494402103587
2023-04-17,-0.005042806534448461,-0.0017768808592386475,-0.00446370276447651,-0.011966955946173493,0.003398038949207802
2023-04-18,0.0014143970474815425,0.005457687918975643,0.0038732698004284223,0.003556916893172033,0.0006833490196570627
2023-04-19,-0.0015154394006572478,-0.0031345387827479082,-0.004789973842758077,-0.000960378356618334,-5.241990286097414e-05
2023-04-20,0.004540056577491976,0.0,0.003930524556986942,0.008513359815203523,-0.005666215710559238
2023-04-21,-0.001712712765204627,0.005037870732650655,-0.009936876904451757,-0.0056353237669685965,0.0005812575751761408
2023-04-24,0.003924721787168846,0.00257709780354575,0.0030347260178608367,0.009627656615174217,0.0013198764839083786
2023-04-25,0.006208346606740032,-0.01405087365639792,0.005073426510561733,0.014597612557768315,-0.015927085209718424
2023-04-26,-0.003700218483757889,-0.0006873219754511851,-0.005452222698837164,-0.010715506841176687,-0.0044592085573070175
2023-04-27,-0.0036134774384709804,0.012432690347998642,5.4098929279836664e-05,-0.00997181143919138,0.01964742131225903
2023-04-28,0.005115045534056072,-0.00040735847146131397,0.0002706158931134578,0.016001605277988662,0.008516671300291765
2023-05-01,-0.010292040911306286,-0.0014953400042854001,-0.004501468248394752,-0.029258598003525274,-0.0006807306482312761
2023-05-02,0.009680267489139492,-0.010117823525978759,0.01911282169964576,0.02461497071212932,-0.01127352319143705
2023-05-03,0.004405524175529246,0.002607631833492783,0.00844333039400089,0.005566078699518196,-0.006991312093901553
2023-05-04,-0.0011993943796893569,-0.0020581036914696306,0.007008337579460111,-0.009927601866475889,-0.0073355576283704715
2023-05-05,-0.0032061297958399077,0.01458895987784416,-0.015771672012865213,-0.0033314185591680474,0.01818680401022894
2023-05-08,-0.005534557787788262,0.000270789132474784,0.0012261535425393925,-0.014113788277064153,0.0005539505515100774
2023-05-09,-0.00090861806116879,-0.004068048774004084,0.007061173494320752,-0.00358393366384772,-0.004334375917587193
2023-05-10,0.006443175848957132,-0.0020399566064847963,-0.0014294640409972018,0.00965701177508294,0.004360762869123481
2023-05-11,0.0030060907992440072,-0.002453896445304616,-0.008619799546280105,0.010516613837162415,-0.0013987955687783532
2023-05-12,-0.005618444018636463,-0.0017756673240276236,-0.001711544099310757,-0.008404508531787367,-0.0013478351841114484
2023-05-15,-0.0025186488595199583,0.0076274148516049245,0.0021389727993926496,-0.010411603358328508,0.0034582275633345543
2023-05-16,-0.0023227380431654013,-0.009543159721225864,-0.01257816833072297,-0.0030087877346510923,-0.006636435902349767
2023-05-17,-0.0015175012123683652,0.004646504976153192,-0.003467895133703326,-0.0029203446975324533,0.011866992428958846
2023-05-18,-0.004668732499783836,-0.0015010534476271257,-0.013057794413406836,-0.0074364193303029505,0.009731128457839298
2023-05-19,-0.002240976363051431,0.005854818001669763,0.009850156652287684,-0.007096272035613991,-0.0015847316060292754
2023-05-22,-0.0009178074500965298,0.0002714819367344772,-0.002344243508491738,-0.003567196648917029,0.000545720596652762
2023-05-23,0.001121924480722737,-0.014766407689380527,0.0012000108481294142,0.0028745950251091884,-0.01123810522743238
2023-05-24,-0.002551900222699369,-0.014708301665398615,-0.008101176111367243,-0.0049613658654602604,-0.007518692727258833
2023-05-25,-0.0036855728281225924,-0.0013988025237638767,-0.00966457904681634,-0.0024900752769579154,0.008674512521782465
2023-05-26,0.0008200924153809212,0.009750834592202988,0.003987606250000357,0.008045005253932676,0.012910898107137752
2023-05-30,0.006639800385833058,-0.010170677876001505,0.006171471778321201,0.009941485519696272,0.00031102685390053687
2023-05-31,0.003557376412733663,-0.010417100379286242,0.001537018842589403,0.008678995546904393,-0.005455367279046558
2023-06-01,0.003026386249590274,0.014748849055599447,0.007867103377943253,0.003915974804784613,0.009540502424937793
2023-06-02,-0.005287324088766431,0.012883728238794167,-0.014857275420164701,-0.011018717017990183,0.0145745630441528
2023-06-05,-0.00010197238332974301,-0.005798056970868262,0.0060023657211361265,-0.0018645630957020041,-0.001934531195779098
2023-06-06,0.0012228072352655228,0.008272634041380405,0.0010974372841257363,0.005876480598780353,0.002061573802864147
2023-06-07,-0.005309370060983838,-0.008833907224148623,-0.012083252758880945,-0.014954803700773778,-0.0032853610791889836
2023-06-08,0.005309370060983785,0.010524342755938278,0.013124733073092816,0.011629292964995359,0.0059768447934251505
2023-06-09,-0.0023447502290403085,-0.0016766053479287718,-0.002688130119841765,-0.001372684987799127,0.0016721941438933192
2023-06-12,0.0017335335185876771,0.00432507676930857,-0.0008792504640156504,0.002939225079263126,0.009147217130742754
2023-06-13,-0.00469815335053125,0.009422271384692323,-0.00739483312084137,-0.009929801224655766,0.006575410159179446
2023-06-14,0.0009210439954839779,0.003716571514896267,0.0005537743402144653,0.007971049688783531,0.0007720823607285698
2023-06-15,0.006930800605624416,0.010524404959000162,0.007005982383036308,0.009560380318274163,0.012742216628251079
2023-06-16,-0.003153691250576982,-0.002177700935748368,-0.0015404017609150433,-0.00389099778959769,-0.0036946692360510266
2023-06-20,0.0018323551199515794,-0.013305170012278834,-0.010404681043488588,0.006896110296860702,-0.004624996373248124
2023-06-21,0.0016261602393621494,0.00151780295540875,-0.0014474699268161662,0.002417058470929207,-0.005493720451588242
2023-06-22,-0.0051920488779015695,-0.006223811924317916,-0.009966480697039254,-0.012143799604707529,0.0036326191655765977
2023-06-23,0.002955505831155182,-0.01566031738470588,0.0027534519339434175,0.009920290511606356,-0.007528913308622312
2023-06-26,0.0012206562057414739,0.0012676663936440344,0.0017380933759117798,0.001064063619716356,-0.004137707639067195
2023-06-27,-0.0019330065155706343,0.008688377914778167,-0.00460411859047838,-0.002613593255887467,0.011020775528816296
2023-06-28,0.0029488933565755436,0.0006974161803442942,-0.002310076023493695,0.004255379146381392,0.0004473386670525983
2023-06-29,-0.007747171872472092,-0.0013952020490100284,-0.0010723394318449203,-0.018213141873371114,0.0038232610568473507
2023-06-30,0.0023507419695370465,0.012212037404972537,0.006641221688667137,0.011725839014414614,0.01178093022030247
2023-07-03,-0.0011777207899663683,-0.0011039694911137788,0.001121247777740352,-0.005685428172207605,0.0019132616691865275
2023-07-05,-0.004519388854027313,-0.011247706946601288,-0.003536277643963551,-0.009547623217076518,-0.002232598747772741
2023-07-06,-0.006506394407814231,-0.01746777503173305,-0.002984649764026069,-0.014244151478418112,-0.008187606547002214
2023-07-07,0.00020697930178418332,0.007503229868249128,0.007473004815488796,-0.006037057314304953,-0.0023303772665769313
2023-07-10,0.0027932783975894793,0.002817092005258164,0.0007833887164984092,0.001311154738509744,0.0026768534777403415
2023-07-11,0.0021669123130514897,0.00896100773535448,0.003740607755698653,0.00512737139425283,0.006391100762501344
2023-07-12,0.00811067135359668,0.018916810986631522,0.013450555215707776,0.011069731904317062,0.007840094313338741
2023-07-13,0.006217953281741739,0.015876522481243053,0.0007144446386035077,0.010457561415791586,0.008118076117956114
2023-07-14,-0.004787501484279106,-0.0056702425377714175,-0.0031917364290746223,-0.005905897694923307,-0.0007993133356657776
2023-07-17,0.0011225240283276995,-0.0012194086187557155,0.0007163001287566721,0.0004933635735044688,0.003482738971009059
2023-07-18,0.0008152796777871988,0.00648579512740363,0.011391151915954547,0.004529066831055535,0.007552049309110473
2023-07-19,0.0030528560822159264,-0.0005388791489547138,0.00016334311378929522,0.011233137482704473,0.00215426497059417
2023-07-20,-0.005195010276560945,-0.005133887395543967,-0.005076251540707524,-0.0122160743730677,-0.00654872093338988
2023-07-21,0.0007147369155515249,0.0020297975153372883,-0.003069238517008006,0.0002951795134301972,0.00012022473332085301
2023-07-24,-0.001838840143842301,-0.0024361155966649917,-0.0042906650791519445,-0.0036438430497416144,0.004226241699853274
2023-07-25,-0.0011251041868527124,0.0010833373226724462,0.0055524167407640206,-0.0018766027899064183,0.0029430230057092086
2023-07-26,0.0032698406289710454,0.002703389549285901,0.0048672507195615744,0.0009881699313140807,0.00023906801348603585
2023-07-27,-0.008606330050161589,-0.002297171077457655,-0.015836715414990758,-0.019644380147757712,-0.006806738786264942
2023-07-28,0.0039026973979452984,0.007145246604088226,0.007949707574281263,0.005122561379498247,0.009692499412239505
2023-07-31,0.0012292036079404318,0.00026841820212203827,0.002690787072192315,0.002401874664864561,0.0019274734820689055
2023-08-01,-0.00664320741761013,-0.01256855775531791,-0.010418766955581948,-0.016522712610218558,-0.0030949615380619308
2023-08-02,-0.0023795852018660196,-0.01880750579027132,-0.004776993918500052,-0.010756915118577752,-0.013950665118698679
2023-08-03,-0.0067557645693504705,-0.002775652574189174,-0.00033420291832367705,-0.023341264438434792,-0.0028330353010783734
2023-08-04,0.008205202104183826,0.0027756525741891866,0.003613876354074006,0.017556960736360323,-0.004910187075961755
2023-08-07,0.0002064983292769868,0.008417885581017344,-0.002277988932518744,-0.009890342647380257,0.008975547269084224
2023-08-08,0.0023756526951283666,-0.006064721773563544,-0.006361270240024672,0.011546443440941986,-0.004331999520061564
2023-08-09,0.0007217560211992536,-0.00027667148960891464,-0.00476956334967285,0.005157819800177628,-0.006668192174065559
2023-08-10,-0.0065158807406937545,0.0042779252590983636,-0.0010691758408616784,-0.016599726548554367,0.0005859587397195055
2023-08-11,-0.0031179563781151857,-0.00677048962928873,0.0,-0.002303975288345446,-0.0009280235393359385
2023-08-14,-0.0007287454487908934,-0.0044461833091968056,-0.003045220530389694,-0.0022042867911838283,0.005626578570226248
2023-08-15,-0.0027121829726380543,-0.012471339477445212,-0.0026580037072091345,-0.0061137874874883985,-0.011530540336804097
2023-08-16,-0.002405126904261692,-0.008211942580120157,-0.005792775189194925,-0.007854837452130751,-0.007423142250024103
2023-08-17,-0.001047502614473525,-0.007133596327097324,-0.0015390561619561794,-0.004271853642909527,-0.008126760562645979
2023-08-18,0.0021983191475856987,0.0,0.0001711135895520659,0.003525470274560344,0.0009228161143489389
2023-08-21,-0.005031861969043546,0.003715796403898027,0.00273392964256731,-0.013419849829868793,0.006585121507706733
2023-08-22,0.0010501131965189594,-0.0018560225594668935,0.0016481975934526548,0.0076445115427917435,-0.002802775070330985
2023-08-23,0.009509839622724248,0.010803382815581778,0.010113328144583607,0.024475634009741818,0.010722139840363097
2023-08-24,-0.0022912320315821213,-0.013809077104315835,-0.0002248455933195227,-0.006616024821181904,-0.013383305921946663
2023-08-25,-0.0006254032782676905,0.006714718718207433,-0.0012941233726573686,0.0032611990568139266,0.006602738177779347
2023-08-28,0.0021876933797028244,0.010481647813492626,0.002867238875764686,0.0010493703874787485,0.006559349824738679
2023-08-29,0.0064325182750069685,0.012323200006191566,0.00972069237763269,0.010332361750846975,0.014106356099077077
2023-08-30,-0.0004138378748744479,-0.0005567677089262388,0.002498750315822613,-0.0010386684423869784,0.004159674925332323
2023-08-31,0.0014474624082350049,-0.003906781055410838,-0.001665111347163996,0.004458990715663994,-0.0012800404002348503
2023-09-01,-0.005192644303079465,-0.0005593763732450352,0.0004997991755412262,-0.015700539289962644,0.0021242765216313237
2023-09-05,-0.005428909383443526,-0.008710231636311187,-0.008195174622491511,-0.014121798004174681,-0.0043740627619742265
2023-09-06,-0.0009429302192565384,-0.00211884742735224,-0.004544556063018457,0.002456698863702368,-0.006926250888963019
2023-09-07,0.003138815256722015,-0.003257644147512996,0.0010678794784509471,0.0027694689778197134,-0.0029797371696997847
2023-09-08,0.0005218519125602538,-0.0014196838120425638,0.0003369702787594387,0.0038218968424299318,0.0013688761155781052
2023-09-11,-0.0011491133880893397,0.010317641498479394,0.0018513951035425602,-0.007231650092467309,0.006549253273595329
2023-09-12,0.00031376929882724196,-0.004086053262169199,-0.005169992663578624,0.0057472095493543065,-0.00537753108081201
2023-09-13,0.001461706913074742,-0.003110821324898215,-0.002312682045193072,-0.00021229547619601628,0.0011706602610920222
2023-09-14,-0.0013573177602283846,0.01308481170110803,0.0005080950731221542,-0.00724425315963726,0.008613620969590844
2023-09-15,-0.0023010530232184484,-0.00223883710633517,0.00658210689497754,-0.006112543780400992,-0.012545002446159715
2023-09-18,0.0014648295233883368,-0.003508852511895042,0.00587038313631886,0.005684914236689625,0.0011002854502190178
2023-09-19,-0.002932077041442075,0.0008434271203561631,-0.0009480950413542692,-0.007407687568882612,-0.002005900038614415
2023-09-20,-0.0005244750266653447,-0.0023910093825507727,0.0007251297423292754,0.003120187533566983,-0.009398380912515394
2023-09-21,-0.006843958465965964,-0.016754620664882897,-0.0072748111459232075,-0.0260098550268531,-0.01652431206115143
2023-09-22,0.004216999319113788,0.0008588792124950228,0.0031961900557462815,0.008016481814833583,-0.002415481523682376
2023-09-25,-0.00792172212239014,-0.0044447010828102115,-0.005163898932470834,-0.024916826309801285,0.004147987182784169
2023-09-26,-0.0012735047198502375,-0.01301727224406352,-0.008023084937964609,-0.0034822629803794142,-0.014784762717813175
2023-09-27,-0.0035098628339919656,-0.0018944623881922927,-0.012443751217319037,-0.005189404346925092,0.0002290779058723252
2023-09-28,0.002979143030319873,0.008134931998818762,-0.005009715204337903,0.003049237277802471,0.005816797659810952
2023-09-29,-0.0009564971824998369,-0.0028977245200159135,-0.010328505518099336,0.00011272379078785516,-0.0023909372954537783
2023-10-02,-0.006987541406077068,-0.014763052240595117,-0.0105542058560987,-0.01688170207715372,-7.625338076123445e-05
2023-10-03,-0.007869534645188506,-0.012595686629978026,-0.002892421000056923,-0.02174616419071452,-0.013537612639933291
2023-10-04,0.007009917976134042,0.001787763137704736,-0.00011826350756014561,0.014008844516795287,0.00732986855385227
2023-10-05,0.0006448962851919151,0.008744130161368041,-0.0018344684108627424,-0.00499744093152797,-0.0008460208245395193
2023-10-06,-0.0038736995051423615,0.011005961459511701,0.005139851922273756,-0.012190951747225811,0.01185538351412185
2023-10-09,0.010296887174576037,-0.0014604081356034348,0.018218478536943455,0.02319871486311252,0.006643470138000122
2023-10-10,-0.0009606195914956091,0.013645190334251059,-0.0016795054754092334,-0.0013836489777019894,0.005147933435151312
2023-10-11,0.004582500867389943,0.004172351564459766,0.007276507826110017,0.020670864811948093,0.004224170302901406
2023-10-12,-0.008649752435279864,-0.008362245291607054,-0.0030543103873241243,-0.027502786929545175,-0.006029237750965986
2023-10-13,0.004280984540786333,-0.009309147530865829,0.03164231938177581,0.017734530383938334,-0.005283354527669183
2023-10-16,-0.005569026700060878,0.007280110427190056,-0.004876800474351656,-0.016225187537644573,0.010414151841104748
2023-10-17,-0.007220697365537418,0.0005803274158885902,0.0018525567250013085,-0.01108204111755668,2.4943462801195206e-05
2023-10-18,-0.004662178671027925,-0.0175521402432247,0.014367113783494704,-0.008836178115035873,-0.013470826693390763
2023-10-19,-0.0038110752929157734,-0.008892936412628267,0.012199301049654077,-0.020686350686332237,-0.0085123670291442
2023-10-20,0.003593764564234725,-0.008972604949099482,0.0027271753020748097,0.00566257458906192,-0.01253148763137254
2023-10-23,0.0039053096983620544,0.0007508259122692399,-0.0033827788768209456,0.011941837039726429,-0.0017585504868199604
2023-10-24,0.0035665951654264678,0.0056876780594004904,-0.00010933686369138149,0.013090235076971945,0.007453144123060232
2023-10-25,-0.007471904863788666,-0.007189957054016618,0.004199991317574014,-0.022512451468169332,-0.014206156231542023
2023-10-26,0.006716427780374393,-0.007241963679240077,0.00157720800379265,0.015222116668311142,-0.01235083281602768
2023-10-27,-0.000324055982539127,-0.0030330749828041677,0.011562693424814757,-0.004257999336590882,-0.004442658143140249
2023-10-30,-0.002378916685622068,0.01267743953635263,-0.0056565149769635704,-0.004514197306218763,0.011960266939069101
2023-10-31,-0.0006498796565734217,0.0035927829196012416,-0.005471503988171267,-0.004893227015669784,0.0060313249578868985
2023-11-01,0.010989734599530409,0.009370236379870384,-0.0031556165767174377,0.021450292171636656,0.010950517202633904
2023-11-02,0.006000525929212247,0.02022338709763061,0.0033185604405963163,0.022540763910371485,0.01882275631794473
2023-11-03,0.006070663493760764,0.010534971034524195,0.0036323164276059108,0.00675588294822043,0.00920500409706723
2023-11-06,-0.005003185457024906,-0.005037134322492508,-0.00782308105070571,-0.009747514420211212,0.0019259896002841261
2023-11-07,0.005321447426146819,-0.006078196906830528,-0.004153745714032089,0.014642359781298348,0.0028194152677691996
2023-11-08,0.003390935814237052,-0.0013072564568855386,-0.010017653470627112,0.016890165807783197,0.0008219363990095236
2023-11-09,-0.008392071586204532,-0.00014548488773971201,0.003975057413790778,-0.02326963673436262,-0.007572158935121548
2023-11-10,0.0023442233187423696,0.004496336541813881,-0.010969699953245399,0.005584332520785024,0.015482672780147628
2023-11-13,-0.00010662986106038647,0.0026015382257479195,0.005555261386915847,-0.0022756921384756547,-0.0010132300950929376
2023-11-14,0.012481689811698811,0.025227684827454973,0.008879636186604733,0.022414461757289526,0.01902912065384023
2023-11-15,-0.006221325980890152,-0.001549443980839887,-0.0026390807860946154,-0.014133369876091092,0.0021808780508520437
2023-11-16,0.005485295786702198,-0.0007050871470684875,0.011222864579353571,0.012349916676693277,0.0014028758727477988
2023-11-17,0.001996664786357097,0.013451100933837104,-0.00010890827769753537,0.004675454998339137,0.0014734154783574162
2023-11-20,0.0015736062831874038,0.003750996381232614,-0.0016347162383040547,0.0060898730913519945,0.0075024075754956164
2023-11-21,0.00104763748105931,-0.003890071738015315,0.010740019593542038,-0.00044155646565966156,-0.0026146679000507325
2023-11-22,0.0009417405163201826,0.0023635170843510846,-0.004271361889171939,0.0035271939411587495,0.0043141389983245605
2023-11-24,-0.004613462302636699,0.007608882610402359,0.005188115339681599,-0.011844480751838008,0.0005499779863947304
2023-11-27,0.005659285426046339,-0.0034513443675100865,0.006715220224108336,0.01656577807367976,-0.0017463075443706186
2023-11-28,0.004379472852851944,0.00027667148960902263,0.013243765854618068,0.0019697882495832153,0.0009809430499131612
2023-11-29,0.00487846493888882,0.0020717324395334367,0.0014783465644929395,0.012492158222969259,-0.000645908222005947
2023-11-30,-0.003318839970705747,-0.0008282937455608531,-0.004176660491012712,-0.011618494199284816,0.003870035464172856
2023-12-01,0.008754358314083756,0.01043957126618682,0.0171240372669512,0.0186590106202718,0.0058484347627970655
2023-12-04,-0.003828352640834962,-0.007819356789680446,-0.021850417580745678,-0.003986699660076142,-0.0050379980668669895
2023-12-05,0.006612936101522292,-0.0035872899259117943,-0.003786606077863042,0.021258076067975355,-0.0003098086014898992
2023-12-06,0.0025712871271289187,0.0030361205709235925,0.003680115406357525,0.013229729543761509,-0.0041792762806515124
2023-12-07,0.0003080688319982612,0.004811226920553138,0.001648967455985853,-0.00575329728616234,0.007795159671765076
2023-12-08,-0.005044326782640105,0.0030126532432831737,-0.013430173514668298,-0.008216523995083115,0.004241548280749002
2023-12-11,0.0001031001823108366,0.0024580715871912037,-0.011104320560253362,-0.002118168535978459,0.0038703834141702105
2023-12-12,0.0029884319553368822,0.0017712955114477433,-0.0005447904909059331,0.0029638911567303667,0.004957525890592105
2023-12-13,0.012474476735655769,0.01446255367620135,0.02231176448891427,0.02319122861160456,0.013525052056198961
2023-12-14,0.008038660923804111,0.00735365045586236,0.005845435089187853,0.02568029805565905,0.0029323777602780488
2023-12-15,-0.0023277025300848975,-0.009771979571235835,-0.009208782757507668,0.0011099888867956566,-0.0015228988338666695
2023-12-18,-0.002028637130736018,0.0024183291153734004,0.004535187656823467,-0.007999856668229954,0.005641146874164033
2023-12-19,0.0012176589052533369,0.008418670153594033,0.006790830606181505,0.005374297559274497,0.0060659409295196155
2023-12-20,0.0036440203114655543,-0.010142988256079835,-0.005460866362358439,0.006752235246980889,-0.014539676354165715
2023-12-21,-0.0001010816636031225,0.01606739974514042,0.007045755720440373,-0.006347887356182313,0.009694961014334176
2023-12-22,-0.0013143933328402808,0.0009371950382899754,0.004424614031362936,-0.0045590407619915535,0.0023230424175378008
2023-12-26,0.0020215797262497326,0.004539196874205175,0.007591842151508473,0.002839107233807147,0.0041495548892669975
2023-12-27,0.006341678820979734,0.005314392001757501,0.0045275772625212145,0.017564800925637863,0.0018286906037174697
2023-12-28,-0.002209709499439118,-0.002653720652388881,-0.005832413160524644,-0.007289380160201041,0.00015977144807493898
2023-12-29,-0.001912609424909459,0.0010623334782383905,-0.001568069797763166,-0.009060926032165354,-0.0026748948626889703
2024-01-02,-0.004746995161913466,-0.01121052326494213,-0.0023566846852945507,-0.005781488419418785,-0.006407909322478442
2024-01-03,0.0005060555390327574,-0.0075442284736037795,-0.008371755159892112,0.004161949604461481,-0.007446876432065567
2024-01-04,-0.004055547179784188,0.002296112893192564,0.0010041086074332737,-0.015311056738275214,-0.003161904021451924
2024-01-05,-0.0023395618040985924,0.0006743908491102874,0.00015844285681933427,-0.00961211972311824,0.0012798616081793647
2024-01-08,0.003760870684366452,0.010594900496569528,-0.00784697829301582,0.009817655044189473,0.014201694390962161
2024-01-09,-0.00020299403399372625,-0.008978327075332547,0.0003193058065587502,-0.006396011933257578,-0.0024333474052181
2024-01-10,-0.0019295556080405943,0.006440397363030442,-0.0022906686849215973,-0.004668914755182916,0.006574854333076903
2024-01-11,0.005676923382096208,-0.00013375966663294042,0.001971362878362661,0.005599627751920906,-0.0003424632200144308
2024-01-12,0.001817874933540641,0.0041380320510018475,0.009746417465784744,-0.001966830058456135,0.0004566394993980212
2024-01-16,-0.007494798315636656,-0.01692692700674823,-0.009533481464917172,-0.017769883133362228,-0.003407670177133652
2024-01-17,-0.0027489923388686727,-0.009528907834266324,-0.011077075533253638,-0.0015829847865072113,-0.0055824364982048034
2024-01-18,-0.000917840099285407,0.008851450975472831,0.0081991767942437,-0.009338710527216893,0.008853064813580804
2024-01-19,0.00020378806008812886,0.002302132739144665,0.0029842685447011067,0.003193192323186405,0.012165114303733373
2024-01-22,0.001834723335733785,0.0031062777987914364,-0.003785111631635069,0.0059342219476911815,0.0022759502525287302
2024-01-23,-0.002446730077590196,-0.0028357735833335253,0.0038915513093621982,-0.007955238011369332,0.0029665021266001615
2024-01-24,-0.0022485324214231296,0.007544228473603685,-0.008281084265806402,-0.005874852985258028,0.0008298904846455339
2024-01-25,0.004491503515387644,0.0028143795263738548,0.003962127078988696,0.006513394997280864,0.005612131223896221
2024-01-26,-0.0011209860196619596,0.004406781283741549,-0.0006949345993064864,-0.001917488833684832,-0.0006020260055913013
2024-01-29,0.003969067641209365,0.0058455154526125905,0.007033690942252051,0.011450617004494726,0.007246604062018956
2024-01-30,0.0019277694953775315,-0.0013255189765497691,0.0013795741766668092,0.009025190526534908,-0.000708936031595111
2024-01-31,0.0045510272246694185,-0.005053035030702584,-0.0007426235867567754,0.009772238771981329,-0.016425156891553397
2024-02-01,0.005682083894145283,0.009816877901960602,0.010346957700093572,0.019425962790922714,0.013072732103960587
2024-02-02,-0.009199885722437297,-0.007952429625807446,-0.009498266920115546,-0.022336245771885612,0.010221942912749665
2024-02-05,-0.008260709115246592,-0.005336750955554678,-0.005529246178959096,-0.020400271762425006,-0.0036608889433258555
2024-02-06,0.005209103102954434,0.006134988906202229,0.0052110917695982265,0.00972642901995488,0.003110428031962949
2024-02-07,-0.0020394176846684955,-0.0005321245398249798,-0.0002652330017039186,-0.004851344072380436,0.00818179170634502
2024-02-08,-0.0030673779973473822,-0.001730673394368142,-0.0009022539588233346,-0.005831605380988114,0.0006770108261578651
2024-02-09,-0.0003070400260635136,0.003458686556899574,-0.003883683822386861,-0.0020224112484722103,0.0056597766236981565
2024-02-12,0.0002047326051249564,0.0017250322832997106,-0.0026153866387210066,0.0011713920120916094,-0.00045576309313047814
2024-02-13,-0.009259597282786098,-0.015498146764937321,-0.01388463719494907,-0.017283541976669384,-0.014194946810278502
2024-02-14,0.004434878932943138,0.011113504628991458,-0.0005962900909107332,0.005076540686747143,0.00947106147340031
2024-02-15,0.0023638580324078107,0.01125473101302398,0.00670130851432818,0.005157886638004139,0.006741450142563231
2024-02-16,-0.003187611370997011,0.0015787164249095897,0.0036558786728406838,-0.005804680856490965,-0.005128050920011771
2024-02-20,0.0009264687828052788,0.004066915538084968,0.006045896751115412,0.0008620239246899186,-0.005505109275559097
2024-02-21,-0.002987912186319454,0.0007852800276651966,5.331114505738622e-05,-0.007134366504638271,0.0010071323992742857
2024-02-22,0.0008247570193637778,0.01118790198700198,0.0004266309391015458,0.004869840375543573,0.020790441570542544
2024-02-23,0.0037054804081278598,0.001292680822709666,0.005635602023986148,0.013297864329387052,0.0004499983831057043
2024-02-26,-0.0021598178469336426,-0.001422169391775747,-0.002229172292928307,-0.0029874682962278006,-0.00367019441930546
2024-02-27,-0.0013390363077547655,0.0027132881684296347,-0.0010632481058260926,-0.007076624953634839,0.00184749312640733
2024-02-28,0.001956528913516112,-0.005823153673570615,0.001806857807827473,0.006328338481449517,-0.0015464364775870688
2024-02-29,0.0016449584677430426,0.0025921721559557733,0.0051370494877010335,0.007032863717591235,0.0036904027166969216
2024-03-01,0.004789508561625996,0.009661900607288533,0.018734204946424127,0.00621159910065241,0.009591201556862336
2024-03-04,-0.0024639025806661285,-0.0025673218377143506,0.016045575240364,-0.004030808783708106,-0.0011885314642742645
2024-03-05,0.0054326866788434475,-0.0018010977279815103,0.006002093012312608,0.014141320465998546,-0.010074538139750804
2024-03-06,0.0015324490389488743,0.01177689047795337,0.008181839163568716,0.0058511254793117105,0.005284665931123153
2024-03-07,0.002141028628649395,0.01176548909629199,0.005667751261581818,-0.0009380503995430146,0.00985284586968728
2024-03-08,0.0009165855632404547,-0.003275355860832846,0.008417025116951235,-0.0017741787661344206,-0.006082869136422041
2024-03-11,-0.0011199571915100888,-0.0056943046709641305,0.0018333385345244608,-0.0005224064446181216,-0.0008295698616811486
2024-03-12,-0.002550234636196804,0.007963040957454707,-0.011000916093968595,-0.008396281121436257,0.010645455740847095
2024-03-13,-0.0018399016232832903,0.00012589590113947527,0.006982966028737541,-0.0048600963517605004,-0.0015169884587451759
2024-03-14,-0.006364380794260216,-0.007327974144226229,-0.004183879789555109,-0.015476277991016574,-0.0021949361934354645
2024-03-15,-0.0001029308945478143,0.00038036925664395,-0.003199519647615261,-0.0003224974935671638,-0.006912225699427153
2024-03-18,-0.0010303253928656594,-0.00025345846305711953,0.0016010012977577042,-0.0030173868156035386,0.006235793008985629
2024-03-19,0.002471086277888651,0.0017734903307749812,-0.0011504677080451668,0.002802239246446264,0.005587541437045823
2024-03-20,0.0020545123836510576,0.010575394624871835,0.011841472011166752,-0.0003230368565399201,0.008687952640624634
2024-03-21,0.0007182125922967359,-0.0005009881683981875,-0.0010391759354036452,0.002150636914096309,0.0033294098682111065
2024-03-22,0.003173856047988657,-0.0021324460517614125,-0.008053310017860683,0.009515257189281926,-0.0013075988862027985
2024-03-25,-0.0018415964349387775,-0.0021368989247342487,0.0031893153617754324,-0.005013519111714592,-0.002591047151399197
2024-03-26,0.001023661591310055,0.0011320273663794258,0.0032287432792988957,0.0027767115771486083,-0.0028076493181191054
2024-03-27,0.003268590177272225,0.006014862440707908,0.007214572450621008,0.009868829346863332,0.008690511491183115
2024-03-28,-0.001224405290560856,-0.002251322911368205,0.01281752820240996,-0.0008450418746506579,-0.0001246450694091425
2024-04-01,-0.007297498455108321,-0.004266458331981412,0.01015632882706488,-0.018816918577051457,-0.0013114447486208007
2024-04-02,-0.0007222873165633822,-0.007067131044045734,0.014664311961913869,-0.005525766425509012,-0.0065623494601364275
2024-04-03,0.0006193082870579277,0.005556855289023418,0.008734121015036823,-0.00021699531695515355,0.0009012403715992053
2024-04-04,0.0023699795172945387,-0.008600951960216168,-0.005751211782367559,0.007146243022828991,-0.0123943183623534
2024-04-05,-0.004952502507690131,0.0031706370607839118,0.01696939930469014,-0.014016467258983195,0.010570142688304581
2024-04-08,-0.0009316835236468428,0.00492638234814771,0.006209168519561672,-0.00010963416997595958,0.0003986582138238892
2024-04-09,0.0034108709679106235,-0.00012602282719889935,0.005482001328254476,0.009259086239141654,0.0012368504793427593
2024-04-10,-0.012040629449483467,-0.013320724255871531,-0.009508923035404604,-0.0220344158207467,-0.009727098731344471
2024-04-11,0.00020863847369127433,0.0026782303883625715,0.01924683287449554,-0.00455504799093711,0.007188769336222659
2024-04-12,0.0018776241988956934,-0.016308474189611438,-0.013327746093360097,0.005330500420030747,-0.013726601092450332
2024-04-15,-0.006062641198377226,-0.0029821206626476533,0.01854610800435578,-0.01562684748656581,-0.012773665891916747
2024-04-16,-0.0028346108435025265,-0.009917864158383152,0.0012212692273934644,-0.0066595221102531115,-0.001791847150153477
2024-04-17,0.004615460304323781,0.0006555582345502479,-0.007395532411290297,0.011037476042316731,-0.006047091057710724
2024-04-18,-0.0028300879756298974,-0.002756237227880492,0.0034096367107846366,-0.005053211726772285,-0.0022852160710341795
2024-04-19,0.0010492385148085813,0.0003943223507367454,0.0031266420969041134,0.003595768993173027,-0.008402249262789149
2024-04-22,0.0006288043174603016,0.011624220800976567,-0.025012716627157542,-0.001684022929959375,0.00864180280943496
2024-04-23,0.002093513882984287,0.010848560129496922,-0.0024616906480957905,0.0003367081082227752,0.012534156629612887
2024-04-24,-0.0026174021542738706,-0.001928638853503647,-0.0018618228395408355,-0.007101015837358725,-0.0007317023740793537
2024-04-25,-0.0028342249269456905,-0.004644009051618686,0.005945756955740473,-0.007038236859385992,-0.004141913118376532
2024-04-26,0.002205003076222268,0.00798459444662754,0.0032366836371748075,0.005226762980086882,0.009959299128470715
2024-04-29,0.0030373294871448324,0.0038408439639898277,-0.002033283758808563,0.008351278261664105,0.003482598358859689
2024-04-30,-0.0040867665073291825,-0.01273088457281282,-0.02013850411793736,-0.008578003396613918,-0.01593114196264885
2024-05-01,0.003522469763811815,-0.002202620673778777,0.009021337418355644,0.007344000948304426,-0.0032560441796312097
2024-05-02,0.004503212934543219,0.013399001024028894,-0.003091862325121168,0.004281571576629759,0.00928425290256175
2024-05-03,0.005107164437872564,0.009932496160292377,-0.0007979449099420573,0.01006839419141383,0.012331512009010765
2024-05-06,0.0007276563379782316,0.006819124519620142,0.010463427933373832,0.0038880953965840103,0.01003516376623529
2024-05-07,0.0020754246948607364,0.0026392877115999497,-0.00461094049941965,0.006079749871979259,0.0014313327086451413
2024-05-08,-0.0020754246948607056,-0.001130151562662442,-0.0029453952906236033,-0.006079749871979126,4.212333568058447e-05
2024-05-09,0.0018680326311173716,0.007635908338642222,0.01565541986116323,0.004866753370986648,0.005725698475414361
2024-05-10,-0.0020760292511407823,0.0018687050245569479,0.008079783894319735,-0.005643257655291026,0.0012332471247355878
2024-05-13,0.0005193898119853297,0.0,-0.011265319955387511,0.0025491103075327938,6.261241758388224e-05
2024-05-14,0.0026966773503018454,0.007440707744788411,0.008426442720749588,0.005628652393492364,0.004730209447978496
2024-05-15,0.006606932556104226,0.010569064699170395,0.012757032448187955,0.013555270837601437,0.012108294462785826
2024-05-16,-0.001132612400075625,-0.005393580634499657,-0.003900942141432421,-0.0009775730610822643,-0.0019118892239816138
2024-05-17,-0.0031985677175051176,0.003435670455104366,0.016363162829441925,-0.006761111525398902,0.0014805832380721292
2024-05-20,-0.0009300926836977716,0.0007346022877784477,0.004015863208074463,-0.0029588934170653044,0.0009857531375935967
2024-05-21,0.0018597524151273668,-0.001592439298812478,-0.0014706294501547247,0.005144550940735089,0.0026853877629280927
2024-05-22,-0.0012397672572864366,-0.009484482543149769,-0.018544867564565665,0.0012004742559317888,-0.002911112416217959
2024-05-23,-0.0027946108552686154,-0.005087244609722823,-0.02014614803918644,-0.006454878216030989,-0.007460306576154456
2024-05-24,0.0011396835344388194,0.008176489530042514,0.0009266841017383871,0.00295894092920819,0.006782375326042243
2024-05-28,-0.004670497106691967,-0.00037023041442768757,0.01045829379441463,-0.014439183955195976,0.0008010132413683061
2024-05-29,-0.0038560815607138364,-0.01592483675080457,-0.009347362870368763,-0.012175572838052071,-0.007066310807219806
2024-05-30,0.004688065227594264,0.008367450257402202,0.0018949634848045166,0.009618622236044424,-0.0067418453390182724
2024-05-31,0.003216808546482394,0.009530264686030387,-0.005881436093592545,0.0067667067713067285,0.008662673200114128
2024-06-03,0.006030742555283559,0.002829153492915161,0.008878251926791354,0.01604514786692741,0.0010930317296087397
2024-06-04,0.003609158423913144,-0.0012291719005778888,-0.00901759641821021,0.011613540841972112,0.0012153992700495468
2024-06-05,0.003083047291923627,0.006985824323457533,0.011775993219294973,0.007311010842224896,0.011890181287863094
2024-06-06,0.00030782531148237154,0.003413989171663488,0.0073641743967564136,-0.0015008289835122502,-0.00022390470872665948
2024-06-07,-0.00886122959907953,-0.010891803744064689,-0.036335512840658196,-0.018515974733887025,-0.0013030392026811615
2024-06-10,-0.000828446801135856,-0.0007384904936404115,0.009126408480625946,-0.006688983832360449,0.0032750096672845615
2024-06-11,0.003412519891893789,-0.011428473194836374,0.0028525382508942246,0.010289291101826439,0.002271889006813794
2024-06-12,0.004737338244983972,0.011716515731720374,0.002658183908153708,0.007485734024001731,0.00829335738169196
2024-06-13,0.005021756828176201,-0.01438139101070317,-0.008183543017197694,0.014592404249597306,0.0018869270091186649
2024-06-14,0.001021696434168888,-0.011116152223024388,0.012876289526632455,0.008379595516461143,0.0008021125957712147
2024-06-17,-0.003580641827489366,0.003975076397456302,-0.005205175700450875,-0.009978812567476326,0.007904932343727755
2024-06-18,0.0035806418274894197,0.00395933770694578,0.0039992641040523845,0.009133646842163973,0.0026608022713455752
2024-06-20,-0.0017373777294809655,0.0006371372855450537,0.012407060942233438,-0.00668287489538071,-0.002780199730618464
2024-06-21,0.00010233240787244938,-0.0070310415179018464,-0.015614512577113812,0.0,-0.0021897529801067892
2024-06-24,0.000817686568427511,0.0079223522817808,0.0039497558204108826,0.004036193688653356,-0.0026940854377362836
2024-06-25,-0.00010199333987227525,0.002415378414072497,-0.004974590412272679,0.0016948037836290956,0.004147853129552052
2024-06-26,-0.004507786679516879,-0.00739150422044674,-0.009271011435783051,-0.014388783888375459,0.0011137267775063837
2024-06-27,0.0016415083973831328,0.0007672593805046502,0.011273144249924162,0.003964290935011041,0.001549349442707344
2024-06-28,-0.004932802639201707,0.0011496305969696356,9.297215668029186e-05,-0.018780852401434647,-0.003863468619993552
2024-07-01,-0.005377647384736644,0.001785691409032732,0.0026012036358740546,-0.017409704420805326,0.0022966487383604245
2024-07-02,0.0033194161368241544,0.0024184527463112226,-4.643502198142268e-05,0.0077554734914211864,0.006462596071526153
2024-07-03,0.005369880315394997,0.01137664064473589,0.01120993363706169,0.01304768951847069,0.0045088024479538425
2024-07-05,0.005034481381434909,0.006639461722431053,0.013396660734694752,0.008244808663793617,0.0059606963908589
2024-07-08,0.00030722767594715126,-0.005006829653426804,-0.012479622087256387,0.0021581882281163094,0.0009606679094113545
2024-07-09,-0.0009223920717879514,-0.004023591615177377,0.00169431118809057,-0.004429709465268159,0.001096707342016832
2024-07-10,0.0010248937377424596,0.014012509591324846,0.003653653384415314,0.0031353736422893644,0.00958421865109986
2024-07-11,0.005108940794788693,0.002853385494996388,0.017578001160184497,0.009668227755953721,-0.008605891204464122
2024-07-12,0.002747745049325441,0.010597819179194674,-0.0006272936376368344,0.004267098016944352,0.006160188070945197
2024-07-15,-0.0034617339536546785,-0.008865054325720365,0.0032219172131206842,-0.011563278842351714,0.0030269856649792286
2024-07-16,0.0040713762249123655,0.004811694975117743,0.01972987782004887,0.014008669403835869,0.005661150938452814
2024-07-17,0.0007108360809627385,-0.005306392437454199,-0.0046540195707980275,0.00021231775082412055,-0.014066497935721118
2024-07-18,-0.002744367667949869,-0.009947928739774651,-0.006401633154546632,-0.007673686473764722,-0.00755116043629749
2024-07-19,-0.002037844637925274,-0.006142214270275173,-0.018100662230646155,-0.005901682223838467,-0.006696255073541944
2024-07-22,-0.00040793218591554225,0.010506728864350641,0.0003156824791686295,-0.002909883338006613,0.010331909497909008
2024-07-23,-0.00010209378259007082,-0.0056149673974671774,0.003510507096461622,-0.001403976587963137,-0.001668731476160015
2024-07-24,-0.0030659705288890097,-0.012718005011118333,-0.0035105070964615765,-0.01086773704491968,-0.02315683509441006
2024-07-25,0.002759711382786921,-0.0063565118973562115,-0.015768400613655725,0.008161991609548166,-0.005060152392820574
2024-07-26,0.0035665812039875288,0.012672771168831429,0.010479424389843233,0.007772826395339681,0.011154742708466758
2024-07-29,0.0016257619538960954,-0.00441739481035302,-0.0014060442276131696,0.005362727593037786,0.000739260633089813
2024-07-30,0.001014992290558329,0.002274237187971336,0.009935936183544776,0.0038433372194362414,-0.005246431766044658
2024-07-31,0.005361807561104003,0.014035338867624819,0.017948680176279857,0.010176999682381942,0.015637528940344893
2024-08-01,0.004181444082806597,-0.02686329064535721,-0.003448883709883457,0.008587566605857907,-0.013732173096023747
2024-08-02,0.011125137549392641,-0.015847680172438084,-0.0019064443892985788,0.03068592800410705,-0.018444335726541784
2024-08-05,-0.000797756814646801,-0.022059747526625026,-0.01277316576262444,0.005277151523240428,-0.03048603574568265
2024-08-06,-0.006002925560382421,0.0017242430354035118,-0.008032891286850252,-0.022622494085170985,0.009925434541120636
2024-08-07,-0.0030153635386489463,0.004760070730452045,-0.0006798590470787476,-0.0070646829044557855,-0.006962626364284816
2024-08-08,-0.001510347264584233,0.016613736183798168,0.01556622880577821,-0.006170786429693849,0.023063373021691414
2024-08-09,0.003521627271652995,0.003884454978666211,0.002452251987911254,0.009813152302378845,0.004276097377842065
2024-08-12,0.001706284506993542,-0.0009050241341194119,0.01699935451192235,0.0036294066602789847,0.0005101972202908078
2024-08-13,0.004003310587791253,0.017057148721726718,-0.0015335341694870399,0.006911117485025797,0.016473548035772542
2024-08-14,0.0017961175310757587,0.003680963068672585,-0.008189191333501105,0.006250958275460134,0.003186186143413758
2024-08-15,-0.004196329375439134,0.0120893511488581,0.0031339290416113642,-0.008103021224378427,0.01702124845499538
2024-08-16,0.0024002118443634305,0.005492288438318461,0.0221408117352879,0.0034956760638569723,0.0021025092804293093
2024-08-19,0.001097978551602556,0.012125903908314948,-0.0016393656726291592,0.0046073451605214725,0.00957207927538788
2024-08-20,0.0029885162085847394,-0.003079348898259373,0.003663270802502215,0.007936691643552728,-0.0016537426115338471
2024-08-21,0.0018881699605024975,0.009209844154265723,-0.0013345079227065216,0.0006077117604846496,0.0034991874194919156
2024-08-22,-0.004079017874063422,-0.005884456451974514,-0.012047289256477975,-0.009975609820105412,-0.008125336205875286
2024-08-23,0.004575312722824955,0.018154488399175602,0.011487194343258993,0.006525940674514626,0.010761102148964545
2024-08-26,-0.0008935081462601295,-0.004477372230789198,0.0031842629268953445,-0.002544080019984633,-0.0024610941956485486
2024-08-27,0.0002980069604417712,0.004598205390305915,0.00270301522962425,-0.0017337163599997955,0.0013377333718793617
2024-08-28,-0.0008939583577903895,-0.0035073429603966993,-0.007051666972008083,-0.0012257426229434723,-0.005732419038088685
2024-08-29,-0.0012929694272843237,0.0037487690689249516,0.005164620716356872,-0.0032756971878530033,0.000155908293814146
2024-08-30,-0.002391116601380584,0.0015679486238788943,-0.0071515197828322195,-0.010720495573104507,0.009367168970376556
2024-09-03,0.00421368282329224,-0.015912965660222156,-0.00433295027353233,0.016222870545946178,-0.020437423818778545
2024-09-04,0.004374898830105431,-0.004417769434909112,0.0006077417877377091,0.012807733921441583,-0.0024854439664415964
2024-09-05,0.002575672492867013,0.00024603880403185625,0.008297784905920138,0.005640158208928719,-0.00247200503975845
2024-09-06,0.001285760487778227,-0.018991502333482603,-0.007430165851405754,-0.00010063734904782036,-0.016791974114133204
2024-09-09,0.0014814370225558634,0.009975116466898148,0.004197056104325384,0.004309873292346466,0.011192789971423263
2024-09-10,0.003054055421432435,-0.004975069689577875,0.004394427867847918,0.006976286007310502,0.004113017794635199
2024-09-11,-0.00029506261566144827,0.005967221200334028,-0.0015918222264343484,-0.0007950131489975891,0.010180036348686968
2024-09-12,-0.0008861169733379333,0.008147181044988478,0.01741476344611925,-0.004682251885359431,0.008560747759466568
2024-09-13,0.0020662509797359976,0.0023331196573803817,0.009894570827460453,0.0026927374451445056,0.005298654759461669
2024-09-16,0.0023562599046560145,0.008062583499365618,-8.375168155570817e-05,0.009120665949446626,0.0015089315987100523
2024-09-17,-0.0009813163306002927,-0.005612534638397539,-0.005546263478781612,-0.004847696035918452,0.0004638382449426465
2024-09-18,-0.0031457078909628597,-0.0031862355849324,-0.007740344731775493,-0.012473221761151832,-0.003251334254956853
2024-09-19,9.839490775703461e-05,0.019569087019608928,0.015421236419487627,-0.003319261658720804,0.017294659683001815
2024-09-20,-0.0008865534523042869,-0.009919005274459358,0.012630557682531525,-0.0038354288540975775,-0.0019640984970400598
2024-09-23,-0.00039414964027839833,0.003761505149485843,0.00193852671610104,-0.002125902750042682,0.0024592557124210605
2024-09-24,0.001379169558696852,0.0059167424560999,0.013872405171650835,-0.00020286767841681632,0.0028711489199748598
2024-09-25,-0.0038466608916888317,-0.00543252715102152,-0.0013827232563758825,-0.008346994510400507,-0.0020337761639301053
2024-09-26,0.00019741804819779665,0.02179215533214955,0.005073989582052931,0.0023481821740610727,0.003968595241532859
2024-09-27,0.0028613208057862976,-0.006058938855746874,-0.00796748708764577,0.005187521317581313,-0.0012953189914548839
2024-09-30,-0.002268648495419212,-0.0034617089349601626,-0.008031540905021974,-0.004779811131114899,0.004349275822994832
2024-10-01,0.0026412719885692574,-0.007441030259000067,0.01043659814331518,0.007194347452986837,-0.009386930775039139
2024-10-02,-0.002076803392970713,-0.0020502154265082356,0.000203566476664949,-0.008463032594608228,0.00017212826019327477
2024-10-03,-0.004066985921859585,-0.0093382741019627,-0.0006922454344502302,-0.00946496151435821,-0.0018951618768064768
2024-10-04,-0.006481479901997551,0.0058314534874499375,-0.00199802503899798,-0.01237741893256434,0.009175248796640915
2024-10-07,-0.003407063937385058,-0.005587891099356356,-0.0033935140367649104,-0.007563870166893153,-0.009041297150594917
2024-10-08,0.0017050242013284384,-0.0015849615122526292,-0.007399232494344503,0.001686005446556634,0.009420727799635058
2024-10-09,-0.002608925588574528,0.0002439885327567937,-0.0054610705017173605,-0.0057013683647150985,0.006809832725430876
2024-10-10,-0.0006030275837776457,-0.001220538403924788,0.007316064767089658,-0.0039249425897002425,-0.0016790090098573547
2024-10-11,0.00030143521845839993,0.005116379321716155,0.01085428686886074,-0.004047615120524544,0.005930616040636745
2024-10-14,-0.0009047439032719707,0.0029118786956451484,-0.0016308312397319176,0.0007471063264531006,0.008151235038469309
2024-10-15,0.004015584368834489,-0.01673738465285166,0.0034623584364339233,0.01208390992507585,-0.007644599524491248
2024-10-16,0.0013018599882980454,0.0025838884145248835,0.0049891427128232555,0.00420563278585319,0.004193834357505218
2024-10-17,-0.004915142976013009,0.00012297113882872097,0.005970452161761758,-0.0159698791171774,0.00014947579518982503
2024-10-18,0.0007034315359395386,0.006734868174984034,0.010562207979593495,0.0007464869475421491,0.003840949561495366
2024-10-21,-0.00695728068743127,-0.011908499884941538,-0.0001990210805239133,-0.017625712663557596,-0.0015456981280613851
2024-10-22,0.00020243464351808293,-0.005697341235418807,0.010729555523637746,0.0009753136667240727,-0.0006898252334610304
2024-10-23,-0.002532381957775431,-0.010111885171124348,-0.012123752431615111,-0.002711366479649915,-0.00916224105290728
2024-10-24,0.0019251216065095395,0.0056303214090336244,0.007663817134299539,0.006387582805352733,0.002256193806637147
2024-10-25,-0.0020266739005834833,-0.003374428103740251,0.0020548662166116312,-0.00562797603545115,-0.00039452228350207556
2024-10-28,-0.0016239840360661748,0.007980089643316177,3.945329776617785e-05,-0.002716941836559084,0.0031137535083385344
2024-10-29,0.0011168192374561296,-0.00360804388772806,0.010835937036952448,0.0015226024496789124,0.0015910313693668179
2024-10-30,-0.0010152690507861761,-0.00650247805660529,0.005490789207931537,0.0029297947194619972,-0.0030154541986517976
2024-10-31,-0.00020327787310957227,-0.00616627813819929,-0.01561647178727062,0.0016235233205537719,-0.019871076853152318
2024-11-01,-0.0039831106140543245,0.002017628869354258,-0.004110813705942248,-0.014198537916417819,0.0043336446326470565
2024-11-04,0.0041867227917354605,0.0007557673985658243,0.0014248987496042703,0.015402613285717792,-0.0021739394942563166
2024-11-05,0.0023414000472002905,0.00989535992688459,0.0022519104403696992,0.005297335090939799,0.01195554207864691
2024-11-06,-0.00785916369903996,-0.014563987560546332,-0.030857976694085517,-0.0277703152931653,0.024596014859780645
2024-11-07,0.007553943862084505,0.015062423419150369,0.01594864539186116,0.012450068052635632,0.007755772540774346
2024-11-08,0.0017275992394218073,-0.013924750839357541,-0.006792442588197375,0.012620874620796727,0.00441003345111062
2024-11-11,-0.0022361722850503815,0.0002525148597137553,-0.02375140115119195,-0.004876931751851256,0.0008180216382344718
2024-11-12,-0.005816641925779111,-0.018739754994346332,-0.008668821068980244,-0.015107125796968678,-0.0030023109771644373
2024-11-13,-0.00020473929997033905,-0.005936955507878954,-0.010132384997697268,-0.009531431479071106,0.0005100035619926012
2024-11-14,-0.0004093524366210381,0.0020689231154187313,-0.002612551531378293,0.005774076503299273,-0.006377069616665019
2024-11-15,0.00010212287944344726,-0.003623719447299314,-0.0017736414154014318,-0.002660646589765481,-0.012988502242337274
2024-11-18,0.0009212378444301764,0.005430824164821223,0.01884162282592499,0.001774367334374257,0.004132596873894735
2024-11-19,0.0014314170557049003,-0.0012905158026699898,0.00891942849470824,0.005084727807272716,0.003636538435170881
2024-11-20,-0.0010221477676229883,-0.00271507388491369,0.005616245032295766,-0.0032027571192886416,0.000368555975910169
2024-11-21,-0.0005114659457527524,0.00025910692518694707,0.008304918886222272,-0.0007741985015529417,0.005034375192386077
2024-11-22,0.0007158281700775708,0.0038752119957401565,0.012809813332372074,0.0005531516253975145,0.00334795782902506
2024-11-25,0.008956823918242741,0.005144081889344846,-0.029901483187305778,0.025558355439630618,0.00320962796912238
2024-11-26,-0.0015210063145083238,-0.005788943578894777,0.001936433160954421,-0.0038898146098802528,0.0055922638440553335
2024-11-27,0.0027361312672059264,0.005404166226196631,0.0022202481870022992,0.006904928312450322,-0.003191700382658396
2024-11-29,0.003939423734692102,0.013256975435462113,0.008587567442534243,0.010268590795355335,0.005253537945778757
2024-12-02,0.0001211109888621332,0.0027820611078515998,-0.008792948302693988,0.002399832467898927,0.002814957195101963
2024-12-03,-0.0019229732899139129,0.005666376660928173,0.0020107532444556663,-0.008666643835221473,0.00023412886699041133
2024-12-04,0.0032367252496727774,0.0007530967552108848,0.00302908748607766,0.010688487092988277,0.006284996163961845
2024-12-05,0.00020199432940925586,0.004881352906711737,-0.0074252082091734815,0.002018026119262322,-0.0016663334690753741
2024-12-06,0.0028228217122047584,-0.00012476409898759538,0.0003705001517975754,0.0014844477997763199,0.001988442758652978
2024-12-09,-0.0029238550505685077,-0.0006245624391162782,0.009870874002918592,-0.00925984346888018,-0.005221093888188108
2024-12-10,-0.0012122051597615797,-0.009037426403260815,0.013078415980993926,-0.004716357255644531,-0.002846167225827777
2024-12-11,-0.0023280884378705635,0.006284606115747574,0.009488652360594872,-0.009498902560180683,0.007548107301842346
2024-12-12,-0.004061207416262629,-0.008809508238183583,-0.01477229774782158,-0.01222186261945211,-0.005169603850447659
2024-12-13,-0.0037714728376606627,-0.002784775499970023,-0.01216527622337442,-0.010263459115522273,-7.216626347036061e-05
2024-12-16,0.000918656952851878,-0.0033012312709327155,0.00241229791280552,0.002990525328264125,0.0039159296822743
2024-12-17,0.0,-0.0015868742767705588,-0.003846011153453628,0.002430193288316037,-0.004203973206452048
2024-12-18,-0.007644792973518661,-0.024837786641263522,-0.01937149963953244,-0.012583310124434982,-0.02980341925264793
2024-12-19,-0.002581981706742651,-0.0031818351119258692,0.0014200879312812307,-0.015256948713554104,-0.00037089546922758
2024-12-20,0.0026851963990255057,-0.002792368122578976,0.01037999743966833,0.005677970720382786,0.011254999651060426
2024-12-23,-0.003098892371263557,0.006503508492566545,-0.004719916680210798,-0.0092142660933527,0.0071326084889862746
2024-12-24,0.0011373365746616536,0.003565474690470283,0.001990032656870636,0.004219378981890324,0.010236290541530564
2024-12-26,0.0007232014762063043,0.004734417271385471,0.0067284927019149185,-0.0005690636373430158,-1.7991245910019016e-05
2024-12-27,-0.002067534558846704,-0.0014441922631004576,-0.006894214453703814,-0.00823256994653135,-0.010419393635788001
2024-12-30,0.003924617435364525,-0.006591099011182169,-0.0031947790408758405,0.008004984759539287,-0.011194169340055026
2024-12-31,-0.0012377560755325867,0.0,0.006214287831739849,-0.005367684511194287,-0.004037908652828956
2025-01-02,0.00010318385265110539,-0.0034446428706629236,0.013496228917030742,0.002744333472245622,-0.002508591275336219
2025-01-03,-0.001032402127611744,0.004369982173800748,-0.007895124609843816,-0.003202392762382858,0.01282995795352689
2025-01-06,-0.001033637611361052,0.009468781535836999,-0.0012328556129918074,-0.004477982723523947,0.005806122291354012
2025-01-07,-0.003521772261554273,-0.0007857986539981951,0.0056176267350635505,-0.011341410465600065,-0.011313481189306236
2025-01-08,0.0011408416547282311,-0.001573030910694029,0.005301603121984425,0.001279438016753842,0.0013473524409764854
2025-01-10,-0.005612786189332707,-0.015336160191799656,0.009512918374949771,-0.006647727179774453,-0.015334453095262672
2025-01-13,-0.0009385206803109539,-0.002801681598201589,-0.01000110030367562,-0.0003509709149778259,0.001291551629536209
2025-01-14,0.0003130797616873741,0.0036007682339681225,0.005235693007988435,-0.001640072791008697,0.0012711884091251534
2025-01-15,0.008619157714782347,0.012698562100260054,0.007461090407550896,0.017088625675310207,0.018124908936200154
2025-01-16,0.002169297027217128,0.005113116427971183,0.0068871946090514665,0.003222018051725372,-0.0014871406754260132
2025-01-17,0.0,0.004045615798155515,-0.005321403332684962,0.001721779793486109,0.009545664235033656
2025-01-21,0.003296269686390761,0.019986463574288793,0.015366546556984287,0.008906131970739506,0.009058720918870614
2025-01-22,-0.0023681896020154715,-0.002300437483892235,0.005122510213068569,-0.0052427673653956215,0.005664958454274472
2025-01-23,-0.0016505161104188178,0.008155945998743284,-0.0014158718257654048,-0.007800873352248478,0.005526291061198769
2025-01-24,0.0016505161104188569,0.00556897516292209,0.006199449222329872,0.0044813962396507735,-0.003018610864250383
2025-01-27,0.005550882630028643,0.0,-0.010459313683880304,0.011740108823154762,-0.014015332723589782
2025-01-28,-0.00030763570093389855,-0.0012630847494277935,0.008619165823801737,-0.0006800481100024002,0.008346374198077539
2025-01-29,-0.0006153882355973986,-0.0001263049548069394,-0.0038478030414185464,-0.0020431101902034657,-0.004399490599021233
2025-01-30,0.0014354842239320438,0.01093590556689098,0.015031970539815968,0.0037425500875560343,0.005208710088480706
2025-01-31,-0.002051335062464349,-0.00942038626174084,0.0019744486005825435,-0.00658704195927614,-0.005353057378650341
2025-02-03,0.0009474151076031693,-0.011805922096895393,0.005323078655223283,0.008108984924932668,-0.006581969447982152
2025-02-04,0.0018505927635886561,0.011553444328187178,0.00980023748604468,0.0030577796527351763,0.006618030139815404
2025-02-05,0.005327515836068816,0.00967286403044901,0.00619034264242983,0.016375322698546583,0.004093915648493785
2025-02-06,-0.001022461016520931,0.0047394478517547274,-0.0026537744373774834,-0.0004450684563151354,0.003593310684688258
2025-02-07,-0.0031757558141905467,-0.009501364246556182,0.001782570144409176,-0.006476081303425308,-0.009767502972122493
2025-02-10,0.000307723986929834,0.006760248759103761,0.01679638680250656,-0.003029055442154486,0.007127829790959145
2025-02-11,-0.0022590951703425205,0.004729809298278556,-0.003658285589870855,-0.006425117496651614,0.000898458503718878
2025-02-12,-0.005256877237824703,0.003718410504635461,0.001046607072714827,-0.013662947733253081,-0.0033109249955535457
2025-02-13,0.005976154332365112,0.012051329104923448,0.009814510830150894,0.016486233889451054,0.010506711183514157
2025-02-14,0.0036915711609876675,0.001465723933442156,-0.014983466926549421,0.005285619517424063,3.569948088676756e-05
2025-02-18,-0.00399985289253736,0.007175465379110241,0.01642526914447792,-0.01184760805679546,0.0028852227565391
2025-02-19,0.0014377801113915009,-0.010353969413802495,0.0005539429240083393,0.0012477260146205491,0.0024153971707363935
2025-02-20,0.0015381643912885609,0.004642082765376814,0.000516699154436362,0.003734141549102139,-0.004213283487782103
2025-02-21,0.004294050714906896,-0.006235032966201548,-0.0009229691054979344,0.01201241914295795,-0.017160340554721577
2025-02-24,0.0017329025960455056,-0.0006135009995148184,0.0054148811569904014,0.0028972744435794466,-0.004741576401469936
2025-02-25,0.006193265164786825,0.009039942324575783,-0.013276072540975698,0.017100064366006355,-0.0049840465354873496
2025-02-26,0.0016180389285007464,0.0013367795870071844,0.0015251697060953886,0.005889311041367231,0.0006220921374614661
2025-02-27,-0.001516927234107238,-0.011358909856885412,-0.015357280506670757,-0.007093110095884955,-0.016188850488826262
2025-02-28,0.004443324465042696,0.00208612049552695,-0.006285532695668532,0.012191305214352322,0.015420447944588253
2025-03-03,0.002160264159096481,0.010971644428651443,0.01309428477593445,0.0046557927921366,-0.017374079018206284
2025-03-04,-0.0025244190003822623,-0.0002425586720143996,0.008660029400338953,-0.012391569646125408,-0.012123426114197323
2025-03-05,-0.0034435510072055348,0.02360953758054485,0.0020791481693780457,-0.008016272495065317,0.011154506352570686
2025-03-06,-0.0010149635448707596,-0.010357915425919493,-0.005094160642131142,-0.0033128714020435727,-0.018305995540055388
2025-03-07,-0.0012193340856942458,0.010357915425919429,0.0005218196474086795,-0.0032131411230272885,0.005377709444809099
2025-03-10,0.004767495501647331,-0.02385205773118091,-0.008794495623060066,0.010377671671085038,-0.026795171053491128
2025-03-11,-0.0035481614159530543,-0.0034021562227798605,0.01165930639065754,-0.007164530548057894,-0.008239423769549904
2025-03-12,-0.002949307447697064,0.0071554496404568416,0.004337373317600702,-0.005991366608565935,0.004838952399295071
2025-03-13,0.0030510228404688608,-0.006668815750273658,0.01760034574283983,0.008752839376017216,-0.013146706078244292
2025-03-14,-0.0020330629627592404,0.018203130745682188,0.0003996778676249641,-0.005309153210920159,0.020322771427548948
2025-03-17,0.0013218252331814704,0.011166790499681369,0.005398932434643415,0.004978420129124284,0.007604188037744876
2025-03-18,0.0010157464588104132,-0.00011816298862549767,0.011604364010877142,0.0009925008914959544,-0.010604376074106858
2025-03-19,0.00293968791633563,0.0029493266740169754,0.00409929439969153,0.005168021158446739,0.010450990370552016
2025-03-20,0.0006068711815654195,-0.008399019543818302,-0.0012814060805390753,0.0006576540629712996,-0.0023042706092084777
2025-03-21,-0.0012145209133219961,-0.006196335390309835,-0.008082476604942154,-0.005936044396525841,0.0002498670017919338
2025-03-24,-0.0038557569051346887,-0.00011956137302941766,-0.004462490783133984,-0.010306313510653106,0.017396581700352024
2025-03-25,0.0009145262599283461,0.005484031547737936,0.004390711790074645,-0.00011152492900481795,0.002377527769772692
2025-03-26,-0.0024409000401028644,-0.013043912957364914,-0.0008263225124260293,-0.00659485517531486,-0.0117336940622186
2025-03-27,-0.0005090069682703806,0.0021658317920485036,0.013316671121389569,-0.0029198700925956913,-0.002755104685827343
2025-03-28,0.005789854128800296,-0.008934076522786492,0.007384788228782128,0.013739246362776366,-0.020174995861447075
2025-03-31,0.0019227986958610117,-0.008892131182418172,0.014261049112946074,0.00982514002656192,0.00607003244958185
2025-04-01,0.003695254028451327,0.0014671575656712073,-0.0019801896396476866,0.008628296878986594,0.003670807124696947
2025-04-02,-0.0011124664823705327,0.0023185817017423167,0.0020495598046479263,-0.0006559075489984311,0.0060114284675060956
2025-04-03,0.005246771410590613,-0.021188263422110144,-0.0060565822044141146,0.004582874996958362,-0.048870962780656765
2025-04-04,0.0009052648818197206,-0.06826390073878567,-0.02367020473214484,0.010828718077144974,-0.059704337517808855
2025-04-07,-0.01274930740152224,-0.02442272035210266,-0.021719986685703737,-0.03062023907496241,-0.00421928514552077
2025-04-08,-0.005207083765350498,-0.0034206711147171777,0.0054290299021522185,-0.019058969625210483,-0.014821567979266443
2025-04-09,0.0022494949073399123,0.07433298918260463,0.036323492196158734,0.005868453596501702,0.08869225226560085
2025-04-10,-0.0078953461477925,-0.019919472517625797,0.02413009288681445,-0.027955509059892834,-0.03473785120712152
2025-04-11,-0.0010300199196333305,0.02474324771912741,0.01890679950058093,0.005423870019788651,0.01745857699777116
2025-04-14,0.005856646849890846,0.010706084385482742,-0.005722318290653523,0.007110004557793872,0.009999769519196974
2025-04-15,0.0020470513260802347,0.008979765450268136,0.005218738019025799,0.0035365049274096627,-0.002809283651568149
2025-04-16,0.003164206602361052,-0.0038564819941700633,0.032022570753676,0.0055639400716142005,-0.022224882883636284
2025-04-17,-0.002550899198713682,0.01078541852722971,-0.004400359490663115,-0.008871935545680379,0.0013854464009323765
2025-04-21,-0.006046605088781173,-0.005439918374838055,0.030466725196562627,-0.017634293298452806,-0.024115720571312102
2025-04-22,0.0018481410941409413,0.020492638077002023,-0.014297390879940051,0.00556601647030035,0.024921381225240128
2025-04-23,0.002459520226354675,0.004000328972509525,-0.024270798064606143,0.00966650549793596,0.015937095822792763
2025-04-24,0.005512210284595507,0.013219576287925697,0.014451351409752674,0.010480856431254938,0.020795504778295608
2025-04-25,0.003657671230147911,0.004288932469192563,-0.010900878955956528,0.0073390528190977996,0.0073374820885521485
2025-04-28,0.002734582047688875,0.00663502853949945,0.014141637459613693,0.006280074080979141,0.0006123515514956909
2025-04-29,0.0024246495867335863,0.0020054543280164272,-0.009786658970495412,0.008349623209848557,0.00604383022502909
2025-04-30,-0.0009087076219605752,-0.0011791863126402202,-0.007510353244041899,-0.008125887402552961,0.0004905386046211356
2025-05-01,-0.002728962937634806,-0.0031908705356560193,-0.02099106650379782,-0.005083464607368842,0.007057151544935946
2025-05-02,-0.0048885338047072475,0.01899454181419201,0.0017466735903771576,-0.010883268805528612,0.014235407479974505
2025-05-05,-0.0017369858591086175,0.0017406037803070317,0.029430400577679455,-0.00560112790361202,-0.0052374196190046645
2025-05-06,0.0024512572362347562,-0.0012761402420149478,0.027638515747736927,0.003318578810999937,-0.00855003520399246
2025-05-07,0.0015293690953882885,-0.0033723753212751965,-0.015106592963135799,0.004218452747838917,0.0045071895523611065
2025-05-08,-0.0052087178198136274,-0.0035004114211893136,-0.019890788928179075,-0.011211863265029414,0.006645810264135989
2025-05-09,0.0010234594222242061,0.0048973017691455265,0.007228485693538802,0.0014948347745307774,-0.0013295390300445903
2025-05-12,-0.0033814566469262584,0.005105053571547374,-0.028595551740996136,-0.009348758304310412,0.03275553766298214
2025-05-13,-0.0010266798863669557,0.001272062473062012,0.004249948759953267,-0.004066770341593206,0.006546661249465298
2025-05-14,-0.002881202686296242,-0.0048660946095824675,-0.02126227662564288,-0.006658422123971469,0.0012414011166126365
2025-05-15,0.0056511855875457,0.010858401772737076,0.015837869719407486,0.008751988394249443,0.004894327382407672
2025-05-16,0.0006146942098192699,0.002295135180265988,-0.012160689602209927,0.002668838507572716,0.00642779630440842
2025-05-19,-0.0003072998737889543,0.009469076468691688,0.012798420816745652,-0.00290121973618705,0.0010246240475492102
2025-05-20,-0.0017430143758735731,0.004757505194247383,0.018450974483986242,-0.007231113285462977,-0.0035539509133532205
2025-05-21,-0.0065880693313675335,-0.005893644896924845,0.007351594562024017,-0.01723778551952673,-0.016860740330182544
2025-05-22,0.002887539502189677,-0.0005685542732954893,-0.008900989925318167,0.005226529943978798,0.00046654063055641377
2025-05-23,0.0014407731452836955,0.0013640240507922297,0.021669792905121613,0.0016569000054685208,-0.0067763457437773076
2025-05-27,0.0045149948743814245,0.014434025279991538,-0.017094433359300068,0.013859817266008217,0.020340244140008224
2025-05-28,-0.0018445088653613075,-0.011598618789852537,-0.002268589173612519,-0.004325366883654053,-0.00572189918618116
2025-05-29,0.003685292960608312,0.0044076485595097355,0.0059072333619440654,0.00921247900332677,0.003842717527972619
2025-05-30,0.0024495843339206653,0.0014647890248749048,-0.006598665713002106,0.001507997410328004,-0.0010330160900109803
2025-06-02,-0.002631931710781716,0.010640325967350789,0.026233913208447007,-0.009350234659341672,0.0057972954783557535
2025-06-03,-0.0007180384978079039,-0.007604702468337126,-0.008894994642019345,-0.0017629795460511269,0.005654801484183053
2025-06-04,0.005934179527311817,0.004480428938100309,0.0064213132412345815,0.01610302330244271,-0.0006387747321894659
2025-06-05,-0.0025534583266005047,-0.0006709834385484373,-0.005062672644074125,0.0006940926441741479,-0.004685492912969825
2025-06-06,-0.00512680800993667,0.003572373269595973,-0.01350688232494814,-0.012805651768715995,0.010166521869400168
2025-06-09,0.001232780481855105,-0.0001113710216705159,0.004707437493749117,0.0010540610246575252,0.0010708319646326589
2025-06-10,0.002256185359316506,0.0013363490485038577,0.00029346792267399537,0.005136251669183324,0.005680010954519657
2025-06-11,0.0033748440670947136,-0.0016709840015807513,0.005397696978330561,0.0030231380967652207,-0.0027636432737703715
2025-06-12,0.003668652726445233,0.007662997074566695,0.01234370232269246,0.011886172856188173,0.0037733606459759497
2025-06-13,-0.0035665796734011485,-0.012916295690040854,0.01301549409169947,-0.009682826220080666,-0.011198583507301761
2025-06-16,-0.002043689338644183,0.0037439926530032086,-0.014361734303802328,-0.010128808806254485,0.009611570448059934
2025-06-17,0.003063929005506913,-0.0123430685930722,0.0005130624809404316,0.012096156816007776,-0.008555320117160446
2025-06-18,0.000713736873432751,0.0017234401221081005,-0.00540018233840262,0.001732451328406405,-0.0002001753994276873
2025-06-20,0.0009165172856473477,-0.008994499939748232,-0.0004191069541604869,-0.0018481419535177467,-0.002771383558027874
2025-06-23,0.0020342095639245845,0.007501053759425244,0.003058490504208936,0.0032319638572584583,0.01024468354243299
2025-06-24,0.004056209309108622,0.01211307465128743,-0.015844238391270016,0.007234621216602694,0.010927394984943767
2025-06-25,-0.00010134697769308182,-0.005467058233675298,0.0030327025232496515,0.0012576126591621708,0.0005003734639455604
2025-06-26,0.0027288852300158184,0.011130153102276056,-0.0011076604529502278,0.00501542820390632,0.007883501904004964
2025-06-27,-0.002829917860679429,0.008994804469024429,-0.018289975504647085,-0.006387632438183011,0.004951034123172639
2025-06-30,0.004040073137184085,0.000559531068063751,0.011913301279755133,0.009792652606796818,0.004985678601921391
2025-07-01,-0.0009204840521257925,-0.0016793564668917548,0.008883435847179964,0.002476421954984894,-0.00045792319098022214
2025-07-02,-0.0012154824064989377,0.002909276798861586,0.00551237530942954,-0.006373555697040913,0.004428624357199921
2025-07-03,-0.002029174056641883,0.0002233793174321488,-0.006846293882020621,-0.0069894626834097725,0.008607542878329185
2025-07-07,-0.0035606261613090637,-0.01089472828319144,0.0007485003525817282,-0.009589428107705602,-0.008046547743580972
2025-07-08,-0.0004075997737928099,0.007313684497740087,-0.010498326962963742,-0.0012780153614486201,-0.0006662573807865012
2025-07-09,0.004171523487007968,0.0074831797338659155,0.004461316177625558,0.01040742649450663,0.00590998765854783
2025-07-10,-0.00030475889566766945,-0.0006678520908478801,0.002223316131965108,0.0006898999188399771,0.002924664427582101
2025-07-11,-0.0041727161335784295,-0.009621915674874316,0.00955577301886398,-0.013890843643141212,-0.003604673616785423
2025-07-14,-0.00010205899964625837,0.0,-0.0036620144241214002,-0.0021003180337099475,0.001969291770726472
2025-07-15,-0.0029624522988078526,-0.010510322736340387,-0.004164364075514542,-0.007033028748912537,-0.004344764661282151
2025-07-16,0.0014312141644597814,0.004081626634748128,0.004975696789391886,0.0014104550648720412,0.0032820849691782812
2025-07-17,0.00040855404152523214,0.0025990406237056027,-0.0021758989541098375,-0.00023490624756029028,0.005977836138428753
2025-07-18,0.0018363896736985437,-0.002825390894437434,0.0025975477973482998,0.0015263296187222062,-0.00045055511613021444
2025-07-21,0.0027481955987868753,0.005305066876808225,0.015253192127432761,0.008876339250616856,0.0017839073231976346
2025-07-22,0.0019293559363632602,0.005500951149986624,0.0094401831613078,0.006028355486435723,0.0
2025-07-23,-0.0022342118910368062,0.024550626608725975,-0.012478717461642091,-0.005563271542365567,0.008459614180842446
2025-07-24,-0.0006102348032544181,-0.007456095925294321,-0.006137070328856787,-0.0017449004074484354,0.0006860249098974051
2025-07-25,0.001626330709405947,-0.0012114996086010103,-0.009293039490678532,0.006267610994362904,0.003969732489513002
2025-07-28,-0.0013213699814067531,-0.01621895757776626,-0.006494663067578282,-0.006500532045384489,-0.00023900379619307266
2025-07-29,0.0053761881387567895,-0.0020179322518280936,0.002746613677307996,0.01674513576359568,-0.0025998207846305945
2025-07-30,-0.002836702172464722,-0.007208000114965081,-0.017424424698434752,-0.0051668867400248815,-0.001216674997940299
2025-07-31,0.0005073673551765928,-0.010796171894268602,0.006623418228251275,0.0005755933681167941,-0.0037621333299643145
2025-08-01,0.008610516808123362,-0.002631452535439372,0.020096397826572604,0.014116226096206145,-0.01660822461700409
2025-08-04,0.0008067568184758279,0.013201504449126433,0.005806339793967675,0.00272920400393629,0.015092458769453275
2025-08-05,0.0003023761191017475,-0.00011303455733601591,0.0008037680984962059,0.003061318713232273,-0.0048208081091400245
2025-08-06,-0.00040329553358995615,0.00653665945086887,-0.0021233597342562006,-0.005790522717168658,0.007403039931259989
2025-08-07,-0.0008066775633010615,0.00894660835477466,0.008402586680171171,-0.0017094742127356324,-0.0006018785866459292
2025-08-08,-0.0019183806779747596,0.0061047273546260186,-0.00022360485625666846,-0.004343676096135748,0.007626258344484664
2025-08-11,0.0007071831289310559,-0.004213905734013404,-0.014479017992943764,0.0011447198724719794,-0.0020508651541850578
2025-08-12,0.0,0.012149471408067604,-0.0009078785028290671,-0.005047593204611877,0.01061850638574605
2025-08-13,0.0036296013163772834,0.006019869767869786,0.003044643380447489,0.008246549428275646,0.003480842490985411
2025-08-14,-0.0028218661227367367,0.0001091737929910278,-0.006358881635978504,-0.00744180029713903,1.677119408906694e-05
2025-08-15,-0.0015149183225714909,0.0058746738830261986,0.0005856467855486066,-0.007150281711071813,-0.002161216248289188
2025-08-18,-0.0011123682686851378,-0.0010853591322478975,-0.0015624875893944005,-0.002897731774200073,-0.0003552094499255591
2025-08-19,0.0019203528740208361,0.00010864034308133103,-0.005488312721199512,0.005787275819697457,-0.005476894597335032
2025-08-20,0.0006059622932689309,0.0035766479214272137,0.010071289165624142,0.002190006963160492,-0.0026388696253682605
2025-08-21,-0.002324113521917098,-0.006294829097658649,-0.00347592916281607,-0.00496386811610065,-0.003945828193409986
2025-08-22,0.005548470087161451,0.014912874803113955,0.010649518982753443,0.007379411446361344,0.015185237524809192
2025-08-25,-0.0015099496889830364,-0.013281028177028704,-0.002417757282480456,-0.002876247590449409,-0.004240212508588997
2025-08-26,0.0012084306704425421,-0.0010876018167184321,0.0072358055476428994,-0.0005762251230861856,0.003987205840565702
2025-08-27,0.0010057510848519244,-0.002396827042302481,0.0020166939883499383,-0.0011530775798853994,0.0022906546034108578
2025-08-28,0.0012054396215730285,0.003701738750383225,0.007391652350960381,0.006556511260408229,0.003526651678622937
2025-08-29,-0.00130602528488531,-0.005885472783477318,0.009603638858147003,-0.007133918972929834,-0.005783568360909411
2025-09-02,-0.0026565256521621,-0.009886989284958273,0.02336740250914344,-0.007469427317786098,-0.007395454285366125
2025-09-03,0.003634484279856326,0.0015444264523123536,0.007801481349128729,0.01091782311937809,0.005099618081281378
2025-09-04,0.004022794950888269,0.007248689076205228,-0.0044286747373555105,0.00759499785743747,0.008196797449298287
2025-09-05,0.004706396106214181,0.004476825371192588,0.013257668006979742,0.015131911094416311,-0.002736017538034728
2025-09-08,0.0033908873885515494,0.009972897212839723,0.011323711365555902,0.013236110369110434,0.0025850812982675243
2025-09-09,-0.0019932328804960816,-0.003349325178294039,-0.002272485609217019,-0.005699095169668748,0.0024279488975352736
2025-09-10,0.001993232880496007,-0.00021650150647055857,0.0035857690781288176,0.005699095169668708,0.0028888898667305484
2025-09-11,0.001889941735252146,0.010552481859674816,-0.0014924929949519461,0.006663648561615775,0.008121428059664522
2025-09-12,-0.0008948526681276632,-0.003970988106035663,0.0019696315993883206,-0.004326312791746853,-0.0002150460199106035
2025-09-15,0.001689421628295863,0.006645264257295781,0.010351078276418409,0.0023320623635179833,0.00519788410836703
2025-09-16,0.0003974024654681415,-0.002781365667505976,0.00200440059968761,0.002105175810092452,-0.0013176258261851663
2025-09-17,-0.0017884508887327517,-0.0037563945123587706,-0.007745087571334619,-0.0025490012312955317,-0.0011541829205799084
2025-09-18,-0.0027879153869095437,0.0038634840286044963,-0.004014356216469492,-0.010373299001014519,0.004691214587200719
2025-09-19,0.0,-0.0038634840286045314,0.010551365296973236,-0.0019077656660715099,0.004653057833334811
2025-09-22,-0.001197362840024197,0.0032206902691581385,0.017158380367683163,-0.0036011240505703576,0.004859165142983507
2025-09-23,0.0015961126483269984,-0.0019311183119636107,0.004078048498240162,0.00696549092693276,-0.00525171553516816
2025-09-24,-0.001895518939070781,-0.0058158315757034906,-0.009104369003754706,-0.0038136979481277573,-0.003341394807154423
2025-09-25,-0.0013990510253134149,-0.007154652939144768,0.004156538489887818,0.0,-0.004785745851160264
2025-09-26,0.0006997701806082378,0.007694522248673528,0.005755674720215595,-0.000899447796498777,0.005867992709963836
2025-09-29,0.0018967644580247813,0.0038788862315489348,0.01636192499893196,0.008177959061428031,0.0028067375230627065
2025-09-30,-9.978174730872441e-05,0.004078150663878684,0.008503744538253297,-0.002905050395890535,0.003680865415202869
2025-10-01,0.002548834067903768,0.008212946145149275,0.0015741326049985922,0.002579269887602502,0.003569876490777669
2025-10-02,0.0010973382853984304,0.0015920989710413187,-0.003488904306035992,0.002907433863331218,0.001105796550997361
2025-10-03,-0.0010973382853985206,0.008343451710887089,0.008000845595952238,-0.0019000746628974035,8.136924120071253e-05
2025-10-06,-0.002198691485349865,0.0023112169163805353,0.018670357712142448,-0.007975334176646458,0.003407154577083411
2025-10-07,0.0016992443552647568,-0.008747489745065026,0.005146197838027116,0.005735120920997627,-0.003569699486227516
2025-10-08,0.00010013065596906415,0.0029594840301400164,0.016356457714615965,0.0007846545369371802,0.005786172295823216
2025-10-09,-0.0011993817600754952,-0.008266154326596272,-0.018625225753276277,-0.0007846545369371194,-0.0027025275284534587
2025-10-10,0.004090938250660363,-0.018581851440813698,0.010047058859954893,0.016018208518126974,-0.027251782128061123
2025-10-13,0.0018901426099386246,0.00799063143919755,0.024010471634505016,-0.0005520555123616707,0.015040064500009748
2025-10-14,0.0015889368285908864,0.004507000606173592,0.007115811676483972,0.0031969878066763356,-0.0014115726617773394
2025-10-15,-0.0003970957711922097,0.004806319678693213,0.01718391083164241,-0.002203682618969808,0.0043926304152488065
2025-10-16,0.00356725871621741,0.005207472241807232,0.02311798516943165,0.007472739323358647,-0.006629304050460146
2025-10-17,-0.0013857294354054255,0.0018003939656773176,-0.018996349267191237,-0.0015341494949486015,0.005532928840886882
2025-10-20,0.0016824273835375958,0.008219201345201474,0.03575507474940295,0.003830535458554011,0.0104403891626017
2025-10-21,0.0009883057556617646,-0.007373062698151329,-0.066427122202817,0.00490306718094089,-0.00012952005553337731
2025-10-22,-9.889608909995443e-05,-0.0014811919209153474,0.00010605032482095541,0.000652136972562403,-0.00506892520862302
2025-10-23,-0.0017798460525046801,0.004647746714601685,0.0039943702532297155,-0.00686691557286665,0.005635875513601935
2025-10-24,0.0009892639801117457,0.00157952516644527,-0.003358466049881991,0.0004375152715407043,0.008242086224720176
2025-10-27,0.0006919107728384112,0.006920423376974062,-0.02823439606845571,0.0033833156357268006,0.011895771794934779
2025-10-28,0.0005925851058879825,-0.00041803153938789977,-0.007191829710492189,0.0026115467569923076,0.0026790438923205606
2025-10-29,-0.004750935056652997,-0.005660886838484931,-0.003794458273018786,-0.010157958904263225,0.00041149432275999314
2025-10-30,-0.0018868727149749368,-0.004425405834517176,0.019451474207493994,-0.005835409896851107,-0.010674787263923593
2025-10-31,-0.0005966902557201021,-0.002219985224869406,-0.005445349765875755,-0.002986002889397875,0.002874825782533348
2025-11-03,-0.0012281001824838475,0.0004232901125777914,0.0017912982604373527,-0.0025040521279852328,0.0019597691067155232
2025-11-04,0.0004995185344087323,-0.010314329522127907,-0.01767243750416923,0.0022261727064005043,-0.01165509107960033
2025-11-05,-0.0026999743060450517,0.006392587122016167,0.01149801326624798,-0.010955768366388993,0.003006691718406401
2025-11-06,0.003697869990393362,-0.0022328146483433582,-0.0012012407765740096,0.008952489034944389,-0.010685216491755637
2025-11-07,-0.00039919622937087786,0.0037185649559964896,0.006100376279774767,-0.0021190976034172115,0.0010541888449544328
2025-11-10,-0.000399198144581318,0.010443570778186046,0.026974026330607748,-0.000223277789635285,0.015410139488825383
2025-11-11,0.0029908155868841706,0.00731918048684093,0.0039300815092205245,0.004568140575852001,0.0022960294195341745
2025-11-12,-0.0003982432585408688,0.005920540753811417,0.015982361021277473,0.0017769641983807147,0.0004934706908892144
2025-11-13,-0.002991851111248376,-0.010724267322607296,-0.00811594387120292,-0.00824524742046288,-0.016418086520349713
2025-11-14,-0.0011992670560662597,-0.002830248195629172,-0.018212761198262515,-0.005722276865818583,-0.00025881277830497166
2025-11-17,0.00019970172578850793,-0.01310248785489848,-0.011530197275275704,0.002472244395571808,-0.009415780276804212
2025-11-18,0.0005998906122630742,-0.013060876633654387,0.0072386702324458525,-0.00033656237256897794,-0.008268759033673164
2025-11-19,0.0,-0.003021935907186118,0.0016281258445646413,-0.0020231826870048043,0.0036177344403603992
2025-11-20,0.0011981516455009222,-0.013931344006175355,-0.00029336859393561273,0.003930146105515491,-0.015283536717456445
2025-11-21,0.002392554904480922,0.015335597487107146,-0.0015485295000223418,0.003021449913423699,0.00990135716120274
2025-11-24,0.001989236345006465,0.0008631179710777864,0.015720029429592993,0.005682022797389951,0.014760237639738065
2025-11-25,0.0015883883887010746,0.011899041226119867,-0.0003157406112365523,0.002551950426144175,0.00925878087421543
2025-11-26,0.0015861819276049853,0.010916437554112696,0.007966521739529534,0.004422987822878541,0.006888259132998794
2025-11-28,-0.0013876737429504439,0.003367378796535438,0.012347782735317652,-0.00475552383095616,0.005521156812390462
2025-12-01,-0.004328061378691128,-0.004949819803644774,0.004809481913078849,-0.012526903742568006,-0.0046095258518221455
2025-12-02,0.0012985030250074734,0.003372702710170106,-0.006460877304549151,0.0004505147587327351,0.0016932139860064475
2025-12-03,0.001894549272279348,0.005351882585630392,-0.0009300505859088987,0.0028111503109184096,0.003489016014833285
2025-12-04,-0.0023938525070045964,0.0027173302288090186,0.0006459865002764292,-0.005404185747561616,0.000842491537790641
2025-12-05,-0.0010989367328880467,0.0,-0.001783943580710258,-0.004639401698703223,0.001873431849844921
2025-12-08,-0.0016007197018807124,-0.003136100734653585,-0.0026429393579943225,-0.003294463579263356,-0.002970494265915862
2025-12-09,-0.0009016650933159121,-0.0013620097346980595,0.005124051608821799,0.0010236528795775843,-0.0008115526890093556
2025-12-10,0.0032018407456936154,0.011052081648285259,0.004250103468607047,0.0038573066472197336,0.006443078203492065
2025-12-11,0.0001997996041754811,0.0058929961548601206,0.010712248978541639,-0.0013596355706174588,0.002448953613556255
2025-12-12,-0.0031009949763892244,-0.005271042869478837,0.005578987507631519,-0.009685073340242371,-0.010852233705379407
2025-12-15,0.0010013415568583834,0.006095385067504317,0.0009099271544499963,0.0006867100732467645,-0.001452755624593321
2025-12-16,0.0018998538153553138,-0.004645717725563998,0.00022742956353926302,0.0054770393108157294,-0.002799585230648294
2025-12-17,-0.00029969570701449653,-0.008145157949194088,0.0085515594385759,-0.0009105044716496513,-0.011050727348211503
2025-12-18,0.002495298825376159,0.007091085181689829,-0.0018048314286412761,0.004771843552335778,0.007520041353357949
2025-12-19,-0.001461629894119701,0.006726929427403398,0.0011283535131121657,-0.0037392645628895617,0.008883034471775833
2025-12-22,-0.00040052494266338136,0.002510967589664075,0.022819254559298667,-0.002172439229445345,0.006277973920522352
2025-12-23,0.0,0.006146269983637787,0.013165297757330809,0.001601102774053822,0.004657806482396976
2025-12-24,0.002201844789713102,0.0012454899460019441,-0.00414265150874824,0.006038871139361398,0.003329484587551568
2025-12-26,0.00020007705461831045,0.0016581368751287502,0.011609088487159046,-0.0032998047179897804,9.460339853799662e-05
2025-12-29,0.0011988400385696183,-0.003007541369176455,-0.04450407961760148,0.003754130738701691,-0.0035348380783287235
2025-12-30,-0.00039955803435053413,0.0016604543871897698,0.0007273032894686568,-0.0023872715755528687,-0.0013920705527672866
