Date,FEZ,GLD,TLT,VOO
2021-01-05,0.006423893783352064,0.0029616260665272787,-0.007426323515694833,0.006577735677709473
2021-01-06,0.016075873352990433,-0.01624105266038789,-0.02052828893137082,0.006065670935466949
2021-01-07,0.00046529908408565746,-0.00233462025122122,-0.008814234031823465,0.014941992702515394
2021-01-08,0.004650931351851906,-0.03420993723985433,-0.0032278796495551765,0.0056245516630850645
2021-01-11,-0.015277614184105559,-0.0019614419353504164,-0.0016522525176554392,-0.006534876584464944
2021-01-12,0.0016455498511893651,0.006473960214956609,-0.0007940492997036142,8.593867919914899e-05
2021-01-13,-0.0021120804651915126,-0.004307374345463466,0.011261713705583265,0.00249901846944911
2021-01-14,0.0063499695219222385,-0.0005190998467168306,-0.009367791127280922,-0.003380579797172767
2021-01-15,-0.0193969655828502,-0.012407628760563338,0.003967822681611999,-0.007129832014451609
2021-01-19,0.007864438387698014,0.00847307255811236,0.003227607192818782,0.007904788774256266
2021-01-20,0.0061480066623511576,0.016282289539807593,0.0009853528163965564,0.013587724890667507
2021-01-21,0.0023502178496759285,-0.0006271772092728556,-0.007019150879355784,0.0009357248024848275
2021-01-22,-0.006096428629395412,-0.007873145210082533,0.003236836211512939,-0.0035679160288160094
2021-01-25,-0.009671767723179236,0.0008626173693986328,0.011785692570942086,0.004063522594445423
2021-01-26,0.00857564187483928,-0.0024705999829396363,-0.0018870909837304106,-0.0015000446708597348
2021-01-27,-0.027870156907980115,-0.006335623059913753,0.0025428984957394096,-0.0242626579701416
2021-01-28,0.012148044601220986,0.0009273614616172043,-0.005527651483602569,0.008395274522333906
2021-01-29,-0.021603299806990495,-0.0004053281700162614,-0.006016257386351254,-0.020021431578919335
2021-02-01,0.013738848076219501,0.009385291185094458,0.0011587132129649014,0.016432427233023628
2021-02-02,0.015004953059615689,-0.012167796413785958,-0.006446728432512927,0.014373778141092641
2021-02-03,0.0026225511316551042,-0.0015106298641213156,-0.008872976074630001,0.0009980096234760705
2021-02-04,0.0033293435372625524,-0.021530474690833024,-0.002673043889297233,0.011193302076255573
2021-02-05,0.009955100458754806,0.009872160109213546,-0.008373781036723926,0.0040001245015872655
2021-02-08,0.005867112889071047,0.010070118005137685,0.004391653336569101,0.007378422738249846
2021-02-09,0.001866617304123519,0.0032649110578624185,0.0007398405782339523,-0.0008079407670559258
2021-02-10,-0.005123476699188334,0.0036611162023989507,0.00665370406951582,-0.0003899087460916828
2021-02-11,0.008660686571090315,-0.008685078696598514,-0.005474787678089621,0.001617083137773978
2021-02-12,0.006498395221644193,-0.0030372306060941767,-0.012419854591520285,0.005094375746367508
2021-02-16,0.006225622134679254,-0.014353488272303538,-0.015226373080631794,-0.0009416462538247572
2021-02-17,-0.008936881593503365,-0.011352850687983307,0.006350728508645931,0.00022193941026671382
2021-02-18,-0.0013874948982279811,-6.0088418961767864e-05,-0.0040472575471041106,-0.004268574318668339
2021-02-19,0.005556962324372083,0.004148551901348441,-0.013291644682926207,-0.001837270702694016
2021-02-22,-0.001841704875953476,0.014969164015496528,-0.007608412889950844,-0.007863937055388348
2021-02-23,0.0011530597664473063,-0.0023007456922117253,-0.0028834924993990096,0.0012649208601609452
2021-02-24,0.007603811734945065,-0.0007095264939214196,-0.006559756978528064,0.011060718946731551
2021-02-25,-0.018980225094647696,-0.018816524708764826,-0.01633076093138719,-0.023989568032812603
2021-02-26,-0.009790132707195087,-0.024182906697045592,0.033059048333649255,-0.005490385959775912
2021-03-01,0.01883230243764311,-0.0017304170540851649,-0.013207648382725812,0.02440004529028239
2021-03-02,0.001155444402092476,0.005447934683729505,7.1206847209071e-05,-0.0077349895214093856
2021-03-03,-0.006000442971101583,-0.011021541189334294,-0.01084560500389764,-0.013198091771024822
2021-03-04,-0.010448135355901389,-0.009836893780889033,-0.006450061653411776,-0.012319557464443465
2021-03-05,0.004457942537386517,0.0006288110395962221,0.0019476398414173257,0.018334491612342463
2021-03-08,0.005138825246971512,-0.010368190918767173,-0.007774757704175905,-0.004905127353087679
2021-03-09,0.01417644088985015,0.02127113294736649,0.013857823215094767,0.013989973903728137
2021-03-10,0.01122819161099331,0.005098279923459348,0.00200353314597157,0.006182125068995958
2021-03-11,0.009744201841867417,-0.000866011298261804,-0.007213258013659574,0.01055669897199385
2021-03-12,0.0,-0.00018572795011984056,-0.02122164170493468,0.0014093007835294102
2021-03-15,-0.004488610061180731,0.004396503999798185,0.005879890442848756,0.005795307770586122
2021-03-16,-0.0015781375160294209,0.0009248406787658592,-0.004018598438999987,-0.0011248876945033626
2021-03-17,0.010160234104849675,0.00714498527693741,-0.0074831373780114285,0.0032689196038588886
2021-03-18,-0.01206957007494125,-0.005810023730399405,-0.010126603485848484,-0.014702848939450619
2021-03-19,0.00045245601545818026,0.004183119739068708,0.006198177618395695,-0.001778376456502917
2021-03-22,0.0004524546963344811,-0.0014702614866924923,0.011205605393666662,0.007905753878890698
2021-03-23,-0.011985389000091495,-0.007300628474884996,0.009027197766891426,-0.007346505722558128
2021-03-24,-0.0025179091481529747,0.0034608341081703298,0.005381861489507589,-0.005536798939281162
2021-03-25,0.006425308138383379,-0.003633653726877295,-0.007885472018515416,0.005623367545620983
2021-03-26,0.012767754729952507,0.0028434090575977233,-0.003499498534055956,0.016313696065685113
2021-03-29,-0.0018011584583491613,-0.011896005111092234,-0.008488615647272879,-0.000604187595236727
2021-03-30,0.0036085129736636024,-0.017091823816998808,0.005239730732799375,-0.002556632444511431
2021-03-31,0.0002246517368003076,0.015167857324082767,-0.005579184624994293,0.003968245341136711
2021-04-01,0.01729944670358008,0.012628087827510459,0.016596711021952926,0.01059595179909767
2021-04-05,0.017668007565128097,-0.0003704010382533651,-0.0043635135108226475,0.014423114695670813
2021-04-06,-0.010199714797616055,0.00802867506459215,0.006792917675338961,-0.000562216053609399
2021-04-07,0.0015345866151894594,-0.002818323186048577,-0.006964338036282713,0.0012589170354653234
2021-04-08,0.004816242913485702,0.01075202788807239,0.008255491347363808,0.00486988315305914
2021-04-09,0.0017428864196014082,-0.00753747660190629,-0.0036232075750208814,0.007189557986247985
2021-04-12,-0.003697128786430026,-0.006063609158189043,-0.0004358137191716738,0.0004493550915860567
2021-04-13,0.006112135390890172,0.007086479573175097,0.007493208275651142,0.0027217593257715667
2021-04-14,-0.00043380353086830414,-0.004344315528953313,-0.0031770955952236113,-0.0032150597330637964
2021-04-15,0.007597002043174816,0.016162763416190717,0.016734368569883973,0.010734341218914256
2021-04-16,0.014002646457495604,0.006047777218550321,-0.007766869951994604,0.0035049181833235465
2021-04-19,-0.0023369124882495207,-0.0027652942409929215,-0.002872300627272395,-0.004926624145187852
2021-04-20,-0.018952261892619893,0.0035565515706876827,0.00460944503735683,-0.00733465027487179
2021-04-21,0.014326020490264435,0.009911155680072392,0.0020067904523306535,0.009394726764189398
2021-04-22,-0.0027822583126421163,-0.006483147356353358,0.0043639545826943404,-0.0091766683970812
2021-04-23,0.01073006333541171,-0.003831414124593202,-0.0023504038458387333,0.010659997753708517
2021-04-26,0.0014859444838473124,0.002644245538133694,-0.001428109775015507,0.002166819159246769
2021-04-27,-0.0010599637737758183,-0.002517371003141977,-0.00872304735771312,-0.00031254613266551434
2021-04-28,0.0038199376314917988,0.002944390689552989,0.0006491823896390692,-0.00046896577243671356
2021-04-29,-0.00021135313023490365,-0.004133978948338446,-0.0029553142926090903,0.0066741787813011655
2021-04-30,-0.017339655948876875,-0.0033690142851713345,0.0023133898614546844,-0.006604135699627256
2021-05-03,0.012481004676062168,0.012978352341882271,0.0005994123980999078,0.0022682295161366994
2021-05-04,-0.020191345030311947,-0.007329692780131181,0.006786902358783209,-0.006086479878501305
2021-05-05,0.01648602748938255,0.004142168530566259,0.0016485934805829938,0.0001831439440860283
2021-05-06,0.00938954081781862,0.01667957921247054,0.0016464020357840337,0.008137447196643333
2021-05-07,0.015010726765047888,0.00899681760120985,-0.00493154350368219,0.007137837054337348
2021-05-10,-0.011247559644072314,0.0030305045955998366,-0.010126868140985512,-0.00979327316973011
2021-05-11,-0.012639745944343583,0.000174300035968189,-0.005659634478578424,-0.00877075243296721
2021-05-12,-0.010241090092489191,-0.009933813872024522,-0.01050776665350761,-0.02134623721207729
2021-05-13,0.010993843021752436,0.004107329913244362,0.0015483993074343338,0.0118850040406826
2021-05-14,0.02345421415966853,0.009115862292308208,0.009351729263961772,0.015351686008206133
2021-05-17,-0.003958550262636584,0.011639321781340195,-0.0021158188775535214,-0.0024025388581112583
2021-05-18,-0.0014638780089755166,0.001946172546249958,-0.002558437476951614,-0.008637825560732892
2021-05-19,-0.013615568146215007,0.000685616890880425,-0.002419048704337734,-0.0026405531509718916
2021-05-20,0.01805056872811628,0.004567270124640199,0.00822904157916815,0.010668841438168597
2021-05-21,0.0031287228151026802,0.0004545724551812125,0.0032059892240667853,-0.000759316936771337
2021-05-24,0.007902285963716338,0.001761036294059215,0.0037045576850143203,0.010092397898353367
2021-05-25,0.0012376930558299915,0.009072814229376336,0.009264014792031317,-0.002102161661631574
2021-05-26,-0.00597565225377561,-0.0017420486873281904,-0.001721393779364755,0.0018203885570007294
2021-05-27,0.0022802334440448213,0.00039409662496781017,-0.004022442303162732,0.0004414921752893264
2021-05-28,0.00537742324159729,0.003770176937892389,-0.001586988808196077,0.0019462628793107672
2021-06-01,0.004320004983838999,-0.0026909461441234628,-0.00022382847681490237,-0.0007770269695096532
2021-06-02,0.0018434143309773443,0.004890446350902078,0.002315036285122085,0.0016846688405354193
2021-06-03,-0.007360273355860092,-0.019578228541437537,-0.003753392877566819,-0.00380362727055239
2021-06-04,0.006797021733607966,0.010783359066451448,0.01369458418483771,0.009064680860945362
2021-06-07,0.004296050918365157,0.0040076283608136976,-0.0030734097108323644,-0.0008491941370154521
2021-06-08,-0.001222061766106286,-0.0030920774052216604,0.007026244323341535,0.00015436850157724002
2021-06-09,-0.002039506083237441,-0.0019175027218333307,0.008828845010437458,-0.0015713016099004884
2021-06-10,0.0006131206158936919,0.004294325821970535,0.005999219869548877,0.004618038937414415
2021-06-11,0.004493585174527581,-0.011252390785353672,-0.0016138450629570311,0.0017462461574015986
2021-06-14,0.0024398325828651757,-0.005860923791407013,-0.007659050462429096,0.0025121726282386625
2021-06-15,0.0010144415982480393,-0.0037777095572453234,-0.0012041204958257445,-0.002096636228949511
2021-06-16,-0.00992919488659072,-0.016891711518855712,-0.0008509010175906662,-0.005483764244041178
2021-06-17,-0.006344686720288206,-0.030740427140865334,0.014972157820416943,-0.00036095466495789097
2021-06-18,-0.021421362874764593,-0.005547261946798776,0.01880543451767336,-0.013273982775177995
2021-06-21,0.014122467029009655,0.012247646651096789,-0.016742910463466654,0.014001379625605326
2021-06-22,0.0004201062770965436,-0.0041928539145718036,0.0024426802159416283,0.0053068209058870774
2021-06-23,-0.009867839077284057,-0.0006616578066259704,-0.002575797702151439,-0.0010763638862943958
2021-06-24,0.012086476146004665,-0.0006019387497473438,0.0016048601249905037,0.005720513339404265
2021-06-25,-0.00041914313970770056,0.0033124733437563947,-0.010382817935232436,0.003698613357447922
2021-06-28,-0.007335754203564915,-5.999463986816611e-05,0.010281233704466874,0.0020836051581589743
2021-06-29,-0.00021102133199735196,-0.010505462725200698,0.001672525188259888,0.00044062844319125993
2021-06-30,-0.010982176420125889,0.004853503869870712,0.004453633275140367,0.0009155302526591136
2021-07-01,0.0025625265873154834,0.0034413575356286863,5.5291183420402845e-05,0.005641160710896376
2021-07-02,0.0010646987722346957,0.006558341503640763,0.006034538246743493,0.007606032908126226
2021-07-06,-0.01276581957005618,0.004961455343207799,0.01172102231101868,-0.0018808081576501268
2021-07-07,0.006681025182325717,0.003806801143447114,0.008858959522392018,0.0034421899179171156
2021-07-08,-0.017769241853538342,-0.0006518168637834609,0.0039179396215149875,-0.007962446172918969
2021-07-09,0.022013838447706435,0.003320562334123478,-0.014062404350203894,0.010550441154790535
2021-07-12,0.0053317274711790485,-0.001241101031467462,-0.0012969217692992974,0.003621782931776174
2021-07-13,-0.008697339280054894,0.001301782371024407,-0.00765350865207326,-0.003384681708500814
2021-07-14,0.005563847768275787,0.010755182911599048,0.011362081657631418,0.0013733750120350496
2021-07-15,-0.011491869059511606,0.00017547964957964624,0.011030405539207422,-0.0032167025094641533
2021-07-16,-0.008611570622363174,-0.00970365108457183,-0.0018857035235565478,-0.0077805835925317535
2021-07-19,-0.024321095029197104,0.0011805498135817327,0.021928315940143328,-0.014952050457657018
2021-07-20,0.008902803461633635,-0.001297100524211059,-0.009638966030847795,0.014129794242464966
2021-07-21,0.019192275449975593,-0.0037192566567244567,-0.012667192403695737,0.008404667574896552
2021-07-22,0.0028140785226218323,0.001955450591350383,0.009452733204138308,0.0021274589545630107
2021-07-23,0.010360151088970593,-0.0031344183025339145,-0.0066888818799294425,0.009990683336787543
2021-07-26,0.002136715251772614,-0.0023730060647713103,-0.002963259644364724,0.0025470065321673285
2021-07-27,-0.004050610771683116,0.0016650735799190741,0.010671288299058945,-0.004440139964200895
2021-07-28,0.0059930537024746044,0.005046252863966982,6.711536986303557e-05,-0.0005451762574237851
2021-07-29,0.00765977513302607,0.011105233370970247,-0.00554621199551153,0.004313683803460977
2021-07-30,-0.0069680162532360645,-0.007886842666167015,0.004703623531297163,-0.004887368090466526
2021-08-02,0.0025519126647728374,-0.0012366429443513294,0.00891995004069357,-0.0020341690674504642
2021-08-03,0.006362318337011841,-0.0007074766626713469,0.0005306749458706683,0.008077864720966055
2021-08-04,0.00042171004875068974,0.0002359625041987723,0.002056659729038124,-0.004783165969639902
2021-08-05,0.004634329862340358,-0.0039520921003340925,-0.005097804520520888,0.006243375001552032
2021-08-06,-0.0016774201356515306,-0.024991124040327772,-0.01670121434933436,0.0017233355620742685
2021-08-09,-0.001890431620266475,-0.017735654639032372,-0.003586443422004537,-0.0009582933071562438
2021-08-10,0.0014730167272325456,0.00030919522248562537,-0.004617786823405301,0.0012545036123594588
2021-08-11,0.0063038700263300385,0.01378497662510525,-0.0006138336210503859,0.002407824875453324
2021-08-12,0.00292327235178802,0.0002438615008097944,-0.0016383082019896245,0.002917314907566748
2021-08-13,0.006037950932855418,0.014325811995228088,0.01579567915572966,0.00197951850077982
2021-08-16,-0.0057946083542145255,0.004988291568599701,0.002423035279603969,0.002390482179656983
2021-08-17,-0.010199783222837655,-0.0014950364679763295,-0.0004022229677117517,-0.006594658746518212
2021-08-18,-0.0056781708769675365,0.0007786122169375354,0.003359163088371142,-0.010753807289288986
2021-08-19,-0.01057558584487961,-0.002932408589264246,0.007364736401917815,0.0014116054866855077
2021-08-20,0.005558187141135429,0.0005401616803368814,0.0006648570696077272,0.007912786247685322
2021-08-23,0.011054268235304754,0.012177557387281546,-0.000664415328379353,0.008856299828641223
2021-08-24,-0.0004203612810572688,-0.00047414113127741686,-0.007776999493226744,0.0015808057488944094
2021-08-25,0.0010515786240401503,-0.006937433805443538,-0.00830619422369483,0.0018452332852088027
2021-08-26,-0.0048328333008831326,0.0011344784228162208,0.002769315163849262,-0.005840600641339511
2021-08-27,0.010768556377850347,0.015029547921398434,0.00680406514579901,0.0088731807144653
2021-08-30,0.0016712053880723055,-0.0049356385559711224,0.002609139349044165,0.004590902319687951
2021-08-31,-0.00020861001011385216,0.0020076547129428413,-0.006806890319615011,-0.001707653879131188
2021-09-01,0.009595006540218831,5.8898619200498104e-05,0.0016755080671717604,0.0010603780944433705
2021-09-02,0.0037195191924273008,-0.0026517204262498373,0.004365414102374343,0.0029842052363695526
2021-09-03,-0.006381399597896409,0.01069422486613747,-0.009094718697276849,-0.00038400181616748963
2021-09-07,0.0012430864525927454,-0.01958371853465668,-0.008435480817695407,-0.0036967197264573537
2021-09-08,-0.011173153051904028,-0.0025044029033459703,0.006805930555307871,-0.0009637394036023927
2021-09-09,-0.0025111436061991954,0.004423489287242344,0.012100739577826314,-0.004485987806140179
2021-09-10,-0.0033564341589216173,-0.005058656845151166,-0.008816674820330217,-0.007728478676487516
2021-09-13,0.009261325534400955,0.0033497597913456634,0.006064471590162768,0.002343992191331523
2021-09-14,-0.003128131638564513,0.006438546534438316,0.012123721346664063,-0.0051883388051787716
2021-09-15,-0.0016739311737683504,-0.005864266379652205,-0.0035073928297968404,0.008349513644199114
2021-09-16,0.0006287534595164068,-0.02264197706190263,-0.0045826615803195025,-0.0017239117747263055
2021-09-17,-0.016753774915483577,-0.0015850424237688898,-0.004803180877956836,-0.009802834911998515
2021-09-20,-0.022501939039730412,0.0071441542310690664,0.012401764889216738,-0.016335694214898666
2021-09-21,0.013091876572284722,0.006669036185550814,-0.0008606367066718024,-0.0009741719272741145
2021-09-22,0.012491743614066797,-0.0037340107339023376,0.0059641536711401155,0.009649104346310056
2021-09-23,0.01425236392712148,-0.011546389089901132,-0.022596574043529438,0.012082266797732943
2021-09-24,-0.010276981003857988,-0.00128427290155253,-0.009773686096239964,0.001663246146806463
2021-09-27,0.00042401023487226297,0.00208203509820426,-0.0036757971931061784,-0.002833023917614974
2021-09-28,-0.02563024247275858,-0.009716428402719801,-0.015577339733597872,-0.019985070548238504
2021-09-29,-0.00543458879386538,-0.004504756024632184,0.0017356641128463135,0.0015745574182137734
2021-09-30,-0.010054633158329551,0.01797665363761114,-0.00013887635274889565,-0.012667304992098338
2021-10-01,0.0052991300209015435,0.0022530453929923144,0.008415844631874947,0.01196775824995866
2021-10-04,-0.008785491066298778,0.0046783175745395145,-0.00254591324795006,-0.012302104415192083
2021-10-05,0.00952796467702477,-0.004656532835140448,-0.009656107085365018,0.009715484675942854
2021-10-06,-0.007023668522160742,0.0026733243283083574,0.005641197821821153,0.00444686816943074
2021-10-07,0.011273355773352645,-0.005271739220885419,-0.010457491009865039,0.008604215401592175
2021-10-08,-0.0026230699716295325,0.00042636491147840516,-0.006999222857803411,-0.0018848325071503247
2021-10-11,-0.006355473962757374,-0.0018875818465466931,-0.0025375954964795833,-0.007279613326669265
2021-10-12,-0.0006617219889523129,0.004514430828637339,0.017100078429104215,-0.0020022626172290225
2021-10-13,0.0150077566773279,0.017794197805277356,0.009726756541277304,0.003209949287026337
2021-10-14,0.015655519569881537,0.0024464685904206362,0.0037155271455147076,0.016798516077890513
2021-10-15,0.007707196031189856,-0.015892846243722114,-0.005827162780443151,0.007793111215268267
2021-10-18,-0.006373447035085911,-0.0024799108302698825,0.004688691991726168,0.003049363057959109
2021-10-19,0.004062325840565206,0.003213671993580469,-0.013794617573069545,0.007782634165213631
2021-10-20,0.003832988284451222,0.008763958748792211,-0.006749900016767341,0.0038851019663945774
2021-10-21,-0.002969902939467528,-0.0008987052245035265,-0.0011907602334803036,0.002452130435977029
2021-10-22,0.00765983033098494,0.006116967151190034,0.011012451578412463,-0.0010072355120047671
2021-10-25,-0.004434112588170835,0.006914158513320778,-0.0015259788315512557,0.005184921661855357
2021-10-26,0.006150400504316478,-0.00739951491266011,0.008269049682502638,0.0009551746293141594
2021-10-27,-0.0023185983475325633,0.002624060476058121,0.018194128657576414,-0.004341858343726357
2021-10-28,0.01225430179697029,-0.00023788536339730548,-0.0033842757157210857,0.00977632093778813
2021-10-29,-0.0033397165113810967,-0.008507900517562339,0.003056307980697337,0.0017796668740064359
2021-11-01,0.009842879026562779,0.005220584505493342,-0.007199943693824817,0.0021082320125649368
2021-11-02,0.0008298144755503056,-0.0021490007233168074,0.004438479045610233,0.0038766417822611032
2021-11-03,0.00994621013417607,-0.008315382622616663,-0.010333804091284371,0.00602799934772591
2021-11-04,-0.0018465937259112275,0.011340951773961994,0.010510849200452865,0.004681010802426666
2021-11-05,0.007194260339596248,0.0130629437586407,0.014954963528437615,0.003401295862156095
2021-11-08,-0.0008164239563019926,0.003591619309376348,-0.001875086881084842,0.0012074739361731535
2021-11-09,-0.00020420484489802604,0.0049281100201232775,0.013018338000172047,-0.003501827766467791
2021-11-10,-0.014300428836243939,0.010858781500706183,-0.01828265072916202,-0.008051757127614967
2021-11-11,0.003108697452000264,0.005602086369596027,-0.0014844391999588868,0.00032845939826664505
2021-11-12,0.0026861114398686325,0.0018952552280546708,-0.004392654952920072,0.007434313992600083
2021-11-15,-0.005151542863699787,-0.0015477459282561279,-0.012556746338648894,0.0004654818314626663
2021-11-16,0.0,-0.007233864736584827,-0.0025433841057017625,0.003816177981131652
2021-11-17,0.00020735649034531178,0.009137183945092442,0.00792456235426564,-0.002410953653834147
2021-11-18,0.002691953894872645,-0.0032091550635745536,0.003760540717540506,0.0034624713189885803
2021-11-19,-0.01610900137047422,-0.007646325240812324,0.010558020604900964,-0.0018759455050381124
2021-11-22,-0.011125153674555244,-0.022420457120115533,-0.011728122459914059,-0.0026446066892725772
2021-11-23,-0.002547251822467067,-0.008652404091134991,-0.014459128491341677,0.0013025311179619692
2021-11-24,-0.008725100139142294,-0.0009565020521100642,0.016055028216348743,0.002462487736864194
2021-11-26,-0.03434970202826382,-0.001615539860939763,0.025269722368370662,-0.021759818018479815
2021-11-29,0.0033348936846775423,-0.0013785494630753625,-0.008038550824833512,0.01208141296153209
2021-11-30,-0.007977122274678838,-0.006721853018899604,0.015202168381444725,-0.019146114987504625
2021-12-01,0.000670047936255358,0.003987937535404162,0.006168334767952421,-0.011502079376674024
2021-12-02,0.010491114350355657,-0.005536820827328315,0.0012476973272692593,0.01525693768925751
2021-12-03,-0.01016104994839162,0.008412002804647267,0.01193155998638984,-0.008845203618483177
2021-12-06,0.0131666681343241,-0.002460563224478851,-0.013734722016271905,0.0119468432136427
2021-12-07,0.029074846760929418,0.003549490636251651,-0.0080799349902837,0.020553757544274465
2021-12-08,-0.0008561717771732313,0.0005395140531609943,-0.017284391188471138,0.0028110419597047187
2021-12-09,-0.014781476291728879,-0.006111378376110088,0.005593173078485725,-0.006810499597738495
2021-12-10,0.0045662012415941255,0.004219899491422874,-0.00241252763856481,0.009539310656582423
2021-12-13,-0.00974010395074243,0.00252130006200435,0.014779148582700463,-0.008871427216859185
2021-12-14,-0.005901931663731097,-0.009341302746070368,-0.0023829020366149534,-0.006806472675358277
2021-12-15,0.014731928214714696,0.004291534360497673,-0.009621802282232972,0.015630421588881838
2021-12-16,-0.002816973664149569,0.012097561477355745,0.00038942942688513504,-0.009035170079914612
2021-12-17,-0.017818301667260616,-0.002140821851282393,0.011330858328882032,-0.010376656504924697
2021-12-20,0.0011654012468351738,-0.0042312675861405635,-0.007491723250673155,-0.01081582877845988
2021-12-21,0.014771541660130838,-0.0004188884251822289,-0.0038078259858117525,0.017747246118993143
2021-12-22,0.013453928347606947,0.009400024100517657,0.0046265195872976506,0.01010101936429919
2021-12-23,0.00761681999480035,0.0022540179789249937,-0.008676582543064915,0.006163244961863823
2021-12-27,0.009287377439567424,0.002367247994286892,0.002423720888727221,0.014261007530726344
2021-12-28,-0.0010700751694316946,-0.004310065233419702,-0.0039628457006268825,-0.0007520477621500987
2021-12-29,-0.0006423765192907771,-0.0002965076609273698,-0.010924361465392884,0.0012086781174653893
2021-12-30,-0.001715168648241061,0.0071772153754725565,0.008386199840842323,-0.0028243040279957166
2021-12-31,0.0019327154459316542,0.00683158799329231,0.0019610008076538232,-0.00274119519142324
2022-01-03,0.00878669131071974,-0.015383743445999576,-0.0262503464927627,0.006138832810269612
2022-01-04,0.0036116785698143694,0.007366515057776857,-0.004158086178704057,-0.00041001232925441666
2022-01-05,-0.004868760490362112,-0.00300766493835114,-0.005427799939124678,-0.019154007147187846
2022-01-06,-0.0042542484750782705,-0.012244126909514819,0.0025887591707183244,-0.0013468061793392438
2022-01-07,0.0023498053814630104,0.004551137683908024,-0.007188429756124881,-0.0034644825673766366
2022-01-10,-0.010016837474936646,0.0030402057039400354,0.0024602960637862825,-0.001306705337756564
2022-01-11,0.009472349844109829,0.0120646549718888,0.00666174684779941,0.00876125054533139
2022-01-12,0.010450077020025317,0.002642622730480104,-0.0038314828775758425,0.002987625535763483
2022-01-13,-0.00823130473539091,-0.0033969884760131075,0.00888093348942709,-0.013785238144101708
2022-01-14,0.00021249549925972389,-0.0028796749096049457,-0.015110066194670035,0.00030437467761124104
2022-01-18,-0.015318778916207032,-0.001650255097062403,-0.014074477264948149,-0.01753162675464759
2022-01-19,0.0012964245507585126,0.015880526897095182,0.0069241244191526885,-0.01050656250346349
2022-01-20,-0.00453189443276214,-0.0024988838330701757,0.0061667440941901575,-0.011003263318690615
2022-01-21,-0.012573015118971687,-0.0032624385581478954,0.01190652349345478,-0.01964663865419769
2022-01-24,-0.012952898559429715,0.005494198734739664,-0.00821570675945138,0.004172086806033093
2022-01-25,-0.011120952566317177,0.0031971345443269072,-0.001614407021460873,-0.012142372308105442
2022-01-26,0.004498446988173255,-0.016166464916677392,-0.01209394637223793,-0.0022530459283391924
2022-01-27,-0.003582504041822032,-0.012898211138547944,0.018362872276245668,-0.005068454955029944
2022-01-28,0.0042695252673912165,-0.0029832934474428585,0.0003500240779488184,0.02451240949652611
2022-01-31,0.01432088655672703,0.005924537392067553,-0.005170424962463227,0.018288657097609073
2022-02-01,0.011691975846574998,0.0008328835308379912,-0.0033194499657023258,0.006526717146048355
2022-02-02,0.003052535803031109,0.0036259919505645666,0.0033863857350693305,0.00953416124562012
2022-02-03,-0.01608669506928262,-0.0014214062993387344,-0.007805268767083318,-0.023241878147014394
2022-02-04,-0.0015465495454410894,0.0015420788696549614,-0.014742735049284472,0.004700477939367564
2022-02-07,0.0006638474381135406,0.007402581993851909,0.0006477957090194053,-0.0032967461074910887
2022-02-08,0.005528553317674101,0.003056870675416823,-0.0066858852267488444,0.00809893328189304
2022-02-09,0.017154228920861492,0.0033991784238243117,0.001881648931401081,0.014668858342208324
2022-02-10,-0.011243503616224504,-0.0037965605384254753,-0.015892613242386444,-0.017571546412422423
2022-02-11,-0.0271155629966372,0.019054878321533186,0.014828295488710008,-0.019942963638926114
2022-02-14,-0.01078887485466018,0.005350715998122091,-0.012441658140489698,-0.0032598022025677187
2022-02-15,0.02772102362965212,-0.009499848975192515,-0.011352460184727686,0.016054979505198963
2022-02-16,0.0039796587262865835,0.010284254451501385,0.005926665482575144,0.0011947489115498033
2022-02-17,-0.019158691470077538,0.013668073780773726,0.007438319891615253,-0.021262244517238127
2022-02-18,-0.004490464605686029,-0.0007334549100845855,0.010527013945938801,-0.00639519846058012
2022-02-22,-0.02413164521370459,0.0020890378623359407,0.0026045005325994186,-0.010944370759380151
2022-02-23,-0.009706660483281393,0.0045072272703239324,-0.013781515817220646,-0.01800355685410271
2022-02-24,-0.0184365354539211,-0.006450131470019049,0.0006579815995861882,0.015368229066657912
2022-02-25,0.02686638900623728,-0.003330678220184624,0.0007311954802369236,0.02184000054857771
2022-02-28,-0.033572346199553516,0.010365345791119474,0.021918651865532768,-0.0025099485534929578
2022-03-01,-0.04120747881419706,0.018163415997793697,0.011562155045691469,-0.014999022884760294
2022-03-02,0.020240040445734353,-0.010406339832951472,-0.034182830070936476,0.018363865441317184
2022-03-03,-0.02841067535755515,0.005953415398956663,0.010185275168707486,-0.005017190483224354
2022-03-04,-0.05218064720025173,0.015929145881701023,0.017264080689889605,-0.008088448954883365
2022-03-07,-0.03723358428892132,0.014862865283030269,-0.0076298626724806695,-0.029521279513624266
2022-03-08,0.02928130466063128,0.027358997610294145,-0.010059630969933897,-0.007546569702696293
2022-03-09,0.07004836792187819,-0.029711176156992036,-0.009799130334774975,0.026652812806529536
2022-03-10,-0.029847190212321073,0.0031212277978962533,-0.014367266845035642,-0.004453898003243473
2022-03-11,-0.008531447717098684,-0.007027884128157469,0.003346763033599043,-0.012757272323895785
2022-03-14,0.021382249748905124,-0.015073711931138378,-0.023348530072617057,-0.007302882164172408
2022-03-15,0.009701101469799855,-0.01870545038411886,-0.0017459808228917906,0.021938703374961843
2022-03-16,0.04778788762244646,0.006260803404375848,0.009807878454134666,0.02236143941982749
2022-03-17,0.0012063579925443157,0.004888644573449508,-0.007453871414079272,0.012234378261763101
2022-03-18,0.00337415448309919,-0.008789852082788041,0.012212923107247642,0.011050624186014435
2022-03-21,-0.013772370085521346,0.007640798069546317,-0.02315659756397448,4.857319802353821e-05
2022-03-22,0.014648676566296981,-0.007250775291250955,-0.01281171814634241,0.011612319310725816
2022-03-23,-0.023099253125550057,0.013659661796972422,0.02191510040834599,-0.012877761450817315
2022-03-24,0.008866880618038753,0.007260367097212672,-0.00783290013746818,0.01486442409208344
2022-03-25,0.0009767632490509381,-0.004095451209537915,-0.013872859795664216,0.005072222531556703
2022-03-28,0.007804883140853702,-0.018203790082975457,0.008549532116045144,0.006897082636428076
2022-03-29,0.032913838059393186,0.00044678784846130526,0.007552404609963759,0.012649505054694643
2022-03-30,-0.010309246703599229,0.008038419372069505,0.00780204465763501,-0.006222248713425471
2022-03-31,-0.02580492409556212,0.000387595883929448,0.0024283118766439404,-0.015368313560964242
2022-04-01,0.011664277336113749,-0.006365867342034592,0.0038064023802482083,0.0027702068439852123
2022-04-04,0.0016815370816221087,0.004846769455083555,-0.006949544612229852,0.008478779143028747
2022-04-05,-0.021103058435363753,-0.006264842571455875,-0.02259230025387904,-0.012361340448130975
2022-04-06,-0.02008820270381162,0.002343216670796844,-0.00809404994616969,-0.010128943467687668
2022-04-07,0.0007501814858352773,0.003784886240234764,-0.007532604372832541,0.005043227039690956
2022-04-08,0.00024983667881728344,0.006265969312183373,-0.010830816950209043,-0.002423959385692398
2022-04-11,-0.006743469166183624,0.004959463770487282,-0.015824818662883433,-0.017325744528860487
2022-04-12,-0.006537562598474156,0.007676751619003053,-0.001380259682008389,-0.0036596075140092887
2022-04-13,0.011642638962793717,0.004788537865617837,0.0020325948672121896,0.011292504613340526
2022-04-14,-0.005754214702223925,-0.003303550666205468,-0.020045139366847375,-0.012148159323503438
2022-04-18,-0.0012581893853609305,0.0030971927027434454,-0.0049690457643549735,0.00017382666597720586
2022-04-19,0.007054582705912749,-0.015112904376299419,-0.007490641184828339,0.015971556011424415
2022-04-20,0.01451086115673439,0.004894947496407287,0.020125898741298887,-0.000757898842184912
2022-04-21,-0.009371188431301691,-0.0035576001936850066,-0.007398277378537266,-0.014826927029690573
2022-04-22,-0.015683227399567512,-0.0097220932450649,-0.006293817113700695,-0.027294292298608025
2022-04-25,-0.009863274907696118,-0.017970993150090764,0.010000886478625404,0.005464034839223864
2022-04-26,-0.0344826162966585,0.001525017044941901,0.010066650407456246,-0.028593277534262662
2022-04-27,0.0002643445935117672,-0.00755702425744631,-0.012826016229612658,0.0025878853773499966
2022-04-28,0.019307071185656888,0.005398323510093839,0.0014896484044659708,0.025056875201887818
2022-04-29,-0.01504950077684386,-0.00011297696546286318,-0.012973334594326591,-0.03673010777571584
2022-05-02,-0.00026334554455920145,-0.018540493535693647,-0.017333353389339723,0.006284845890411006
2022-05-03,0.00790520929747629,0.00264926246698316,0.006741808319443265,0.0043297232878942715
2022-05-04,0.02169926563129576,0.009822544372671826,0.005509696116383855,0.03033471881762373
2022-05-05,-0.0342884774114155,-0.003811138551277793,-0.027398511423506355,-0.03512216691870074
2022-05-06,-0.014573525431374135,0.0016558743678838361,-0.014735286538246961,-0.006281184473354462
2022-05-09,-0.02769575923970924,-0.014479496708730832,0.008797750212379274,-0.03226661484941551
2022-05-10,0.010785532549143495,-0.008445202872691127,0.009069302680918323,0.0025690241367934963
2022-05-11,-0.0013679415720413424,0.008167128516088473,0.019272305116385224,-0.016110800832687344
2022-05-12,-0.0019178731744893263,-0.015333925720196762,-0.0018652704273308673,-0.000775516913958274
2022-05-13,0.03074367693793567,-0.00810956630229509,-0.014780688752714766,0.023596061491480524
2022-05-16,-0.0010650002558698635,0.009538483763206873,-0.001034965342116223,-0.003575517951673546
2022-05-17,0.028792067214633565,-0.006279296383541522,-0.012083260762707604,0.020008809125880767
2022-05-18,-0.03446481921021538,0.0005314848929158789,0.021317307239503647,-0.039605674152574766
2022-05-19,0.010467295152898348,0.014697234801531733,0.0023953516276760123,-0.006688120600320202
2022-05-20,0.0015934307548954862,0.0006980112537449124,0.011349774530650336,0.00025119107415672026
2022-05-23,0.025722319027354335,0.004650369455528214,-0.01645392898371012,0.018965642466549637
2022-05-24,-0.0051701143881175415,0.007521859850632806,0.019732381898056373,-0.007209285790465314
2022-05-25,0.0025986619336828554,-0.006029994959596108,0.00395398551432713,0.008338582285243756
2022-05-26,0.018921504148191604,-0.0018488983177334939,-0.004525169144252272,0.019879292910012225
2022-05-27,0.01907917701815398,0.00052102106703944,0.002441346455117621,0.02507672876610778
2022-05-31,-0.00524209689980959,-0.009893009276743081,-0.021162213991413714,-0.005552662099204464
2022-06-01,-0.016562059475246027,0.006369033199590923,-0.0011434612613160366,-0.008375584862701624
2022-06-02,0.027302949102293583,0.012309182073779512,0.0005164985266890021,0.018990889453948556
2022-06-03,-0.01415803371707347,-0.010152017266979896,-0.002150003822656732,-0.016186791960429603
2022-06-06,0.008062490268905487,-0.0044037229040009285,-0.01844330092904367,0.002728856686617931
2022-06-07,0.0009997371583057024,0.006518420844169315,0.010799526561207085,0.009776314484156723
2022-06-08,-0.014481874457707988,-0.0009251975242893229,-0.00886025232883747,-0.010937536056599195
2022-06-09,-0.02938936196579689,-0.0031832564859568535,0.0033304448449897883,-0.02351926381161673
2022-06-10,-0.03236779232812581,0.013412283666592417,-0.006201783176888909,-0.029341492683578996
2022-06-13,-0.03668723597940715,-0.026412288230091452,-0.03137892975330636,-0.03854653059052526
2022-06-14,-0.009240837677126135,-0.008003209616781914,-0.012613793738240009,-0.002496433296934497
2022-06-15,0.024589873046001687,0.013050939388113303,0.018656475417841323,0.014319030973060975
2022-06-16,-0.028413640224325132,0.011243181594596585,0.007939288119814147,-0.03285348277729094
2022-06-17,0.005110790312828684,-0.008222816311715064,0.0032224534640232783,0.002610900004925032
2022-06-21,0.015036232297519936,-0.0037367862070599722,-0.01695250197017162,0.024500596027601906
2022-06-22,-0.0056865213206871434,0.003985188163408093,0.027500974649999455,-0.002108432522058945
2022-06-23,-0.004003525522727314,-0.006129257292171064,0.008214663377363873,0.010506723233052684
2022-06-24,0.033591992893612144,-0.0009984622015154487,-0.013842548704973479,0.031134396991677304
2022-06-27,-0.008611384044526882,-0.0011170700540719114,-0.008528866728583218,-0.0037498033233335226
2022-06-28,-0.00924616775603282,-0.0016480211262837052,0.004659864319396023,-0.02160896230875531
2022-06-29,-0.0084841893913572,-0.0007663579045243951,0.015607943571250171,0.0004921190724875846
2022-06-30,-0.007701199553424298,-0.006077047294322124,0.00878155751843912,-0.007893859479807253
2022-07-01,-0.0014370047491006899,-0.0008310541616338707,0.010266739927596413,0.010263035311543822
2022-07-05,-0.034830407395200935,-0.02120964335120412,0.007857154373808628,0.001769055144505316
2022-07-06,0.0005966952225371358,-0.015842188833696924,-0.016790782299725304,0.0036179558558613323
2022-07-07,0.01520114398293182,0.000555053276362516,-0.008800264817593773,0.014673429247456182
2022-07-08,0.0,0.0004315313201161963,-0.011076161629553383,-0.0005874636132047195
2022-07-11,-0.01996485203114251,-0.005360507452973451,0.017244849220149794,-0.011307278383200114
2022-07-12,-0.002396481728171418,-0.0037167247224720867,0.005941692061983028,-0.00922858354433076
2022-07-13,0.0024022386492008607,0.004787690503602615,0.011466258229629211,-0.004657364055575042
2022-07-14,-0.01587761987130787,-0.014047055610919013,-0.008158703840063453,-0.0026409241371344594
2022-07-15,0.022526597405841953,-0.0020084561635671516,0.005628421878732803,0.018909869701772664
2022-07-18,0.005954129229597704,0.0009433945063559435,-0.010418744646936928,-0.008276564856168456
2022-07-19,0.041136444599173316,0.0023874693093759447,-0.00539447648646052,0.027144799920092
2022-07-20,-0.011654497024437993,-0.009402031234323593,0.002624440705938369,0.006405741303577406
2022-07-21,0.012367218354770726,0.014110421925231709,0.01727600008700292,0.010112308065316267
2022-07-22,-0.0059659576829647065,0.00249575020790771,0.016811174639492554,-0.009110856862197036
2022-07-25,0.009145702141206913,-0.0027385476219622396,-0.009784953805835106,0.0009909866263919653
2022-07-26,-0.023506388539180634,-0.0011858106875901608,0.0007666898710929626,-0.011991073609860514
2022-07-27,0.030162219698961712,0.010184984698782484,-0.005617958300689896,0.026193749018584844
2022-07-28,0.009009179766005015,0.012185323455280006,0.007960760882401274,0.012640344134363213
2022-07-29,0.01813626845195726,0.0028110896821249565,-0.002717362642899457,0.014652394853497785
2022-08-01,-0.0013701157558040356,0.0056672312077465925,0.024083572602926484,-0.0030096371471316496
2022-08-02,-0.018112077349768163,-0.005938288400823777,-0.021159716986788535,-0.0064610321456956
2022-08-03,0.01816673908449129,0.002438243761313297,0.01574449926243915,0.015617936344927585
2022-08-04,0.010156445255894209,0.016539989487255546,-0.0003351533993746214,-0.0007872042116188194
2022-08-05,-0.00869598751450218,-0.011246066300201418,-0.023803346034561024,-0.0020747172990971396
2022-08-08,0.0027412175346055445,0.008470017618367853,0.016141411540943507,-0.0008949222277657709
2022-08-09,-0.007927728915188226,0.0030595386607856767,-0.003886868010921085,-0.00395093226385157
2022-08-10,0.022320299053584458,-0.0025119508170524663,-0.006531206291431446,0.02094449939503118
2022-08-11,-0.001617313282811783,-0.0026382206776995876,-0.02330964877057784,0.0
2022-08-12,0.009989184288552,0.00919802099904432,0.0101408091393278,0.017121826809967988
2022-08-15,-0.00908860305333914,-0.012867030834262327,-0.0008654767551220521,0.004278196853302996
2022-08-16,0.005665120997708772,-0.001750096754401964,0.004157933330305008,0.0017499251997252774
2022-08-17,-0.011802917861726825,-0.006468335614034371,-0.010437455163009535,-0.006835109641714188
2022-08-18,-0.005157001065513311,-0.0026164156896926194,0.0014816365078718086,0.0030841282331681708
2022-08-19,-0.019372549550171536,-0.007320625681104476,-0.01610225291964784,-0.013797300993965589
2022-08-22,-0.03060656385227256,-0.006637179344595956,-0.0033618066604151897,-0.021076013587154607
2022-08-23,0.00287031400029103,0.0069908740848763085,-0.005503084035514694,-0.0023687214878674867
2022-08-24,0.0025755158509774834,0.0029489200401788818,-0.0073187164910407665,0.0030338056524266133
2022-08-25,0.01199000823495111,0.003062787136294043,0.013936071834905972,0.014571848285426015
2022-08-26,-0.03582504763537764,-0.012152705301765265,0.007537550932604553,-0.0342726966718131
2022-08-29,0.0035105857523194395,0.0006182375550920494,-0.008273188216837313,-0.006603927162629253
2022-08-30,-0.004956025060528058,-0.008340578885610683,0.0024851057497703444,-0.01086328058804975
2022-08-31,-0.008496876629935257,-0.007725314789180926,-0.009560800245265288,-0.007868297521174461
2022-09-01,-0.015070999254474304,-0.008790162100319021,-0.018308205869164484,0.003084214912320471
2022-09-02,-0.008100803212516605,0.008804709144487166,0.00565697446387281,-0.010486762502278202
2022-09-06,0.0,-0.0058394619355668365,-0.024768712572795337,-0.0033571678063418764
2022-09-07,0.02329098293754761,0.010168638866495439,0.01581543860968071,0.01792685583945941
2022-09-08,-0.005912015103948343,-0.006002292729855863,-0.010257614493926925,0.006535920586670851
2022-09-09,0.02854590563402315,0.005283756568463582,0.002220823130094862,0.015431807145836807
2022-09-12,0.02399531834835722,0.005068186218703863,-0.008217087565065007,0.010996696463893674
2022-09-13,-0.03811403472514163,-0.01301133993119441,0.0023272207024462865,-0.043614218573492125
2022-09-14,0.00704428083702302,-0.003847613448870524,0.0034363127798482385,0.003735698274812904
2022-09-15,-0.010783949491385503,-0.018679143196684067,-0.0006477243605400584,-0.011165384317506244
2022-09-16,-0.004419483764044219,0.005549107201315628,-0.008335696316055019,-0.007861996174602703
2022-09-19,0.003479756261461242,0.0007700871329356929,0.002334745169231267,0.007671496195829297
2022-09-20,-0.020746886397522202,-0.005706587274526553,-0.00997012652378737,-0.0112663753885609
2022-09-21,-0.014830648939294089,0.004642973675810236,0.016753141863270704,-0.017599690199404994
2022-09-22,-0.003686591382860538,-0.0005776772692025478,-0.025548466334088582,-0.008440840507431213
2022-09-23,-0.0385444177763572,-0.01727683040546535,0.0040847342031369305,-0.016619898532799215
2022-09-26,-0.013470212432753592,-0.011633219026207842,-0.01911084593763379,-0.009686808560482318
2022-09-27,-0.007477220808282725,0.002049841746687875,-0.026330671481051726,-0.0028244934464936033
2022-09-28,0.025548536430448188,0.02078665233491006,0.033481968108028504,0.019642218098749664
2022-09-29,-0.01341414947730768,-0.00019392836526865853,-0.005176082959958195,-0.02085278646969113
2022-09-30,-0.0042084989826953745,6.462244018679009e-05,-0.012910681575394212,-0.015238126096997817
2022-10-03,0.023732036628128617,0.024309785681440932,0.01588912698279632,0.026439509025033114
2022-10-04,0.05811392593310982,0.014328122056449066,-0.002792657852979885,0.030357887518285276
2022-10-05,-0.0138057980534948,-0.005538266375543777,-0.009561656235545501,-0.0017281543887056605
2022-10-06,-0.022519767219626896,-0.00112629171222689,-0.005558146207548131,-0.010530643947569529
2022-10-07,-0.02334972101913213,-0.010962851258976669,-0.009708009236038317,-0.028078989006411148
2022-10-10,-0.004463010926651578,-0.015201476317757034,-0.015546001133073584,-0.007470036090080234
2022-10-11,-0.01056677012024565,-0.002058091550185215,0.004425523235180195,-0.006589398735099783
2022-10-12,-0.00032355182682897166,0.00534932850905423,0.004906864444446546,-0.0031032102046354426
2022-10-13,0.030430462518354906,-0.006923532232980256,-0.009566380757030757,0.026186906831142664
2022-10-14,-0.016651022994594422,-0.012458897998479546,-0.008250278917582676,-0.022514956089123128
2022-10-17,0.034185501579826694,0.0028762090057179446,-0.004869745587477103,0.025407108195320438
2022-10-18,0.013901721493708497,0.0021509701146735782,0.002344821555956722,0.011780341084786095
2022-10-19,-0.010664228121636699,-0.013398358104674823,-0.018205734078380997,-0.00692154765311459
2022-10-20,0.001231760289989614,-0.0015822103586343728,-0.01709328047608316,-0.008209955968484506
2022-10-21,0.02030152710382116,0.017827646105301076,-0.018022384173398742,0.0240300938590281
2022-10-24,0.007838505060421719,-0.003243594030472474,-0.008264640800791367,0.012183692946519775
2022-10-25,0.02572514410764204,0.002277944142005106,0.029112528675702798,0.016260330799868328
2022-10-26,0.0096238052732458,0.006363608620383543,0.01440737114800239,-0.007463065012339842
2022-10-27,-0.009532070483066035,-0.001548523944967184,0.01047038493336716,-0.005354322835560588
2022-10-28,0.01487339605312843,-0.010210687443231947,-0.006873616654815562,0.023336907920458394
2022-10-31,-0.015229942429827559,-0.008161399648159207,-0.007128391207122053,-0.006799386522328477
2022-11-01,0.008754215524175324,0.010203429757038585,0.009345533653778215,-0.0040289064664573715
2022-11-02,-0.02372012429886261,-0.006972548399621914,-0.004339868931693136,-0.025514651338263028
2022-11-03,-0.008889031721021068,-0.003806036048150885,-0.005397164992307246,-0.010653280906665064
2022-11-04,0.053811705095394124,0.030696289684813083,-0.016800440230925306,0.014640745954184409
2022-11-07,0.009645453518701164,-0.003962389674382338,-0.009976688285080693,0.009600693445392272
2022-11-08,0.009272094148759624,0.023099074133724695,0.010934813362151186,0.0054417152125760815
2022-11-09,-0.011692390691937615,-0.0050172660211307285,0.0032873014082517305,-0.02042495841229286
2022-11-10,0.06225335193351955,0.030444387121793204,0.03847367602659091,0.054729914819181325
2022-11-11,0.024661818559985393,0.006606324071935177,-0.003663929567165214,0.00956737445003819
2022-11-14,-0.00854026925795881,0.002187655661719301,-0.0024515117308839818,-0.008029484259880593
2022-11-15,0.006525853658644998,0.0035168677995043307,0.016179922684879555,0.008259641485338864
2022-11-16,0.003111994747598823,-0.0022961020109516506,0.021868573805856384,-0.007591079656210309
2022-11-17,0.001292751748997567,-0.007267423593311895,-0.010552409385723105,-0.00288895161547853
2022-11-18,0.0049054772832703986,-0.006893636502166456,-0.006877383836338291,0.004415046875773543
2022-11-21,-0.009249521567991414,-0.005589952950737276,0.004215130594381389,-0.0035166355897300328
2022-11-22,0.012447868682911034,0.00117372396636517,0.014191358553602873,0.01331659765756088
2022-11-23,0.009477562302423692,0.006231840940288613,0.017441905626202514,0.006257782209655449
2022-11-25,0.0032986149335743065,0.000858470616118101,-0.0033897383298032713,-0.00010831141461487004
2022-11-28,-0.015427012595892409,-0.007903495498554403,0.0028183801699102062,-0.015819265523854598
2022-11-29,0.0056508792405358665,0.004940425418036076,-0.011725839462043863,-0.0017583785110705241
2022-11-30,0.022988440809806,0.012781920270785507,0.007354168566503061,0.030772556620352054
2022-12-01,0.004994015422897791,0.01838479961277617,0.031945989021131105,0.00013332184115655288
2022-12-02,0.0009935650757120218,-0.0034556830535615868,0.012575606571544329,-0.0014416238478489607
2022-12-05,-0.01340287649402816,-0.017158885635801036,-0.01400706359837578,-0.017807559049215937
2022-12-06,-0.0037734318680145984,0.0027373742314797944,0.012880287990389316,-0.014455148396189665
2022-12-07,0.0022725917890027425,0.009039101712364994,0.023562129080517025,-0.0019337646533111874
2022-12-08,0.003779350488836819,0.0008416965556858891,-0.0027405234494225494,0.007887867064798382
2022-12-09,-0.0037651207777847917,0.003544160110315664,-0.026014209626551765,-0.007304145998879075
2022-12-12,0.004535091986235917,-0.008260534556326027,0.003197225033038098,0.01427300649804586
2022-12-13,0.018058684483607035,0.017081132038632596,0.009656282274169037,0.007390684589833052
2022-12-14,-0.0024635262618774023,-0.0024330212847030186,0.004270845280657243,-0.00603714454881954
2022-12-15,-0.03383541422513969,-0.01635930934057528,0.003902138873042693,-0.024594013065799336
2022-12-16,-0.009202557379801246,0.008708721678036602,-0.011170546707576778,-0.011923379481198038
2022-12-19,-0.0019174574775026043,-0.0028178306902848504,-0.01680528772108536,-0.008619031590002768
2022-12-20,0.002596008956456286,0.016594482836064905,-0.017757036255330094,0.0015239274200355979
2022-12-21,0.016571722848125914,-0.0016560135809358112,0.0025132261155322855,0.014957040109379482
2022-12-22,-0.011207314388092415,-0.012085358459954287,-0.00019269658685638902,-0.014060552514081115
2022-12-23,0.0010302261118844136,0.002998321039039853,-0.014660345703262134,0.0056014663409553744
2022-12-27,0.002316195318957437,0.008430011409881644,-0.01977298858954979,-0.003978786473762708
2022-12-28,-0.012066793060599101,-0.004505807286929064,-0.0058916962678911,-0.012269062671548037
2022-12-29,0.020270271757613978,0.005598251568726287,0.011351005741999431,0.017736838948101186
2022-12-30,-0.014264001780397662,0.0046786689817972515,-0.011124324406668995,-0.0027533188176449563
2023-01-03,0.014729009126452475,0.008370656531798915,0.019083863696426784,-0.0038423576951609473
2023-01-04,0.02750155788236719,0.0094119059589024,0.013700029694662774,0.007200303952090259
2023-01-05,-0.011152172484639289,-0.012451461859522062,0.004181114792538354,-0.01092179618522715
2023-01-06,0.030075195152762246,0.01870749684189077,0.018396229877256642,0.022744337477165644
2023-01-09,0.010948765958148421,0.0022451175785793698,0.005324276175163067,-0.0007291264668330966
2023-01-10,0.008423695331755354,0.0036760446135073455,-0.016549953209582524,0.0071281330036490065
2023-01-11,0.011455870462695472,-0.000686793935011365,0.016251307902886536,0.012762188928220342
2023-01-12,0.013921528731878352,0.011568000967502767,0.01968215325128697,0.003742150775364106
2023-01-13,0.006516376888930253,0.012001783992939385,-0.0093725989678215,0.0038923845995233464
2023-01-17,-0.0020811920482071145,-0.00654507834469964,-0.0064636609708711434,-0.0015290756326308275
2023-01-18,-0.00625591042327589,-0.0028717524486322477,0.024231592332337515,-0.016244205669813994
2023-01-19,-0.007227461113342271,0.015868520044824974,-0.006259862431680641,-0.007199959441358095
2023-01-20,0.00986379296299611,-0.003335405556458948,-0.016211217213489948,0.01839629364942641
2023-01-23,0.006744275309524594,0.0018964337632443318,-0.00470799367077257,0.012179861113004842
2023-01-24,0.0004617771316810515,0.003618515163479552,0.014380341956963028,-0.0010592896258451168
2023-01-25,0.005772287991288261,0.004603959599926544,0.002424787801266204,0.00035349997163658387
2023-01-26,0.0029845031598534355,-0.009055266877154966,-0.004652007316061413,0.01068283314774554
2023-01-27,-0.005493016797008532,-0.0013929904624704337,-0.0025238280978998606,0.002850989460288611
2023-01-30,-0.009436445089071599,-0.002566715270248765,-0.0036551022125969057,-0.012497793611052743
2023-01-31,0.011849621396625709,0.0036362115419990015,0.00799504752259228,0.01420393027049327
2023-02-01,0.01423653354105947,0.012596814339808304,0.01202102896652213,0.01095234696637637
2023-02-02,0.004527881005960133,-0.02075193653580043,0.0012944929111722292,0.014329916662012332
2023-02-03,-0.012170517248176194,-0.024957770292002968,-0.014955894145950333,-0.010680556372522854
2023-02-06,-0.012320077148445074,0.0020754098721176284,-0.007403697629996042,-0.005780556739105602
2023-02-07,0.007391956135868627,0.000920425708082595,-0.00802581982801942,0.012902784632491615
2023-02-08,-0.007337716060611066,0.002471594120761589,0.004759336427727634,-0.010956136123078775
2023-02-09,0.0036960759020723266,-0.007912418174625069,-0.009473418300533276,-0.008560069639174994
2023-02-10,-0.008975978540153418,0.0019071943211166342,-0.011189810215430529,0.0024326037147175406
2023-02-13,0.015095100124185246,-0.005076170279846859,0.008414729117901532,0.011546002667212063
2023-02-14,0.004117998784366694,0.0007537389032514774,-0.0023017948535456467,-0.0003691744947910136
2023-02-15,0.0036455494219027607,-0.00996466725346834,-0.009325198735960494,0.003349110114450937
2023-02-16,-0.005221316076242433,-0.0008192368783922488,-0.014167711875158195,-0.01390337869963898
2023-02-17,0.0025101193444752035,0.002986790669610162,0.007776103065646245,-0.0025854998129823947
2023-02-21,-0.015706641731479953,-0.003737004613899475,-0.01943718794923721,-0.019854567193417716
2023-02-22,-0.004162759386434733,-0.005626488586046308,0.009163894167649955,-0.0012540528167687137
2023-02-23,0.010450400970820173,-0.0005304511136865475,0.009772250993574927,0.005022859127265633
2023-02-24,-0.024821761681029453,-0.00719467575637045,-0.013000915634908683,-0.010701531725166191
2023-02-27,0.01720457777260509,0.003920334893926292,0.0027729867242149986,0.0034591796074783243
2023-02-28,-0.007182344892879167,0.00455596886271592,0.004543246591284245,-0.003775715000312485
2023-03-01,0.005834154518561396,0.005772150633673867,-0.010743019751420557,-0.0036526772884616365
2023-03-02,0.004408581049881732,-0.0005855636445488699,-0.0088675067855013,0.007469987797999789
2023-03-03,0.01593884427163017,0.010723085619275707,0.024226176811100508,0.015841807608893088
2023-03-06,0.00045482130809415544,-0.005043830646819902,-0.007753604800455616,0.0012120859054789435
2023-03-07,-0.019545537543912972,-0.017480480627863337,0.006132560039543655,-0.015468201660385095
2023-03-08,0.00556334296161709,-0.00047445044105887124,0.0009830853619348101,0.0015572219621799999
2023-03-09,-0.011295829293843429,0.009849316056938173,0.002455471907211848,-0.0183058327724982
2023-03-10,-0.006528236442017832,0.021562856843419187,0.03448590524491646,-0.01433941266266514
2023-03-13,-0.012438151164616773,0.022948211912439564,0.002272863567219563,-0.0016921739166518845
2023-03-14,0.020674776024433905,-0.005791064746217711,-0.01644147305972199,0.01660685945399898
2023-03-15,-0.036321306367159356,0.007804133170404848,0.01931034378163332,-0.006167462906557231
2023-03-16,0.019086722873226547,0.002020092008242713,-0.007822715749394415,0.017107208224396375
2023-03-17,-0.014698836021677097,0.02912021467748982,0.015008889895678168,-0.010938039700121083
2023-03-20,0.019890955804918953,0.0003808677357699519,-0.008797019216120971,0.009030760865274434
2023-03-21,0.02082844978412468,-0.018875115806276432,-0.008592299606928755,0.013080696219122334
2023-03-22,-0.0016230539038498693,0.01702060989813825,0.013333256488444079,-0.0165814046793189
2023-03-23,0.0025544215316117835,0.012538176085624908,0.0,0.0023771008019686235
2023-03-24,-0.009497344811508213,-0.011252350246951037,0.004229134397814249,0.00666467912407076
2023-03-27,0.00818539355128145,-0.009256722051406152,-0.023490647375250195,0.0016504716346934512
2023-03-28,0.0023196682662858237,0.008189093257242153,0.001820892222899717,-0.0017576547056836755
2023-03-29,0.017588307666274616,-0.00496077000653139,-0.0020091322974938874,0.014222125995226209
2023-03-30,0.01751204308801535,0.009039576549164652,0.00460148746089839,0.005967179003011136
2023-03-31,0.003576175125012737,-0.005212246135594234,0.01498079605066871,0.013966319177572961
2023-04-03,0.005345241525919642,0.007204410308019105,0.0047031028721404855,0.0039621039135275815
2023-04-04,0.0028801049242537236,0.018640958960437715,0.004971762558474646,-0.005641403737619899
2023-04-05,-0.006848068282425901,-0.0007979247786651378,0.010454597419565559,-0.0024240407809213993
2023-04-06,0.0053379207395436445,-0.007134091065472581,0.0025867892481565846,0.003818207806749019
2023-04-10,0.00022144647981359178,-0.007399886547073353,-0.016124489724195556,0.001090581123699419
2023-04-11,0.0022120135990886247,0.006320556237305208,0.0020600532770986835,0.0001329250868076226
2023-04-12,0.008827966550811528,0.004885138866613126,-0.0010281134873773023,-0.003985106242128222
2023-04-13,0.014001421910461831,0.013515672558895409,-0.007858533305670545,0.012963064797305357
2023-04-14,-0.0017259769735544772,-0.017710313033589165,-0.009146676708562396,-0.0020540052346927906
2023-04-17,-0.0079965592305129,-0.0044537552497120325,-0.011895354382207124,0.0034039875571079126
2023-04-18,0.00827862901319576,0.003880780603893852,0.003563213442054458,0.0006838339345194289
2023-04-19,-0.0012963041512108475,-0.004778520212877502,-0.0009595274044182922,-5.2669722738762914e-05
2023-04-20,-0.0021635852382985155,0.00393825919904689,0.008549332110215468,-0.00565010924728071
2023-04-21,0.008456168466515646,-0.00988766926809792,-0.005619688474080897,0.0005815107050184398
2023-04-24,0.0030102962752383,0.003039335460481629,0.0096746814315114,0.0013204951810636967
2023-04-25,-0.017792282291796524,0.005086318131183543,0.01470422984068076,-0.01580100527551942
2023-04-26,0.002400923110204678,-0.0054373863086726315,-0.010658102147561133,-0.00444911099769274
2023-04-27,0.01240996963087837,5.410039265330013e-05,-0.009922575210261408,0.019841530606869995
2023-04-28,-0.003870966921925789,0.0002706525128974846,0.01613053658209118,0.008553126879513373
2023-05-01,-0.0019428224889836976,-0.004491351825477108,-0.028834343023311226,-0.0006803322510181564
2023-05-02,-0.011031823607708047,0.019296640909943763,0.024919628227404234,-0.011210381141107284
2023-05-03,0.0024058970701537064,0.008479075840785555,0.005582171526392843,-0.0069666770910223885
2023-05-04,-0.0037092469200760148,0.00703295344911492,-0.009878787207081352,-0.007309141850306844
2023-05-05,0.01620659469570751,-0.015647950479605433,-0.00332578377927939,0.018353195797248034
2023-05-08,-0.0006462482663296409,0.0012269055761324754,-0.014014652828300389,0.0005541882327952941
2023-05-09,-0.009489049965181295,0.007086162362163639,-0.003577447576078696,-0.004324744686025506
2023-05-10,-0.0013064577192174465,-0.001428442843921074,0.009703838832070932,0.004370115660616403
2023-05-11,-0.004360187811298211,-0.008582755587748347,0.010571922391779287,-0.001397649760163433
2023-05-12,-0.0032842768550178647,-0.0017100802429794726,-0.008368795291486264,-0.0013470954516594524
2023-05-15,0.004613231162083009,0.0021412620336231925,-0.010358052006676943,0.0034644672178771874
2023-05-16,-0.006341609227999201,-0.0124993937971285,-0.00300387606732222,-0.006614798179880865
2023-05-17,0.007482536953503649,-0.0034618889303412725,-0.002916063677059655,0.011938109225110738
2023-05-18,0.0015289181778872507,-0.012972911279784505,-0.007408966332825395,0.009778293249891101
2023-05-19,0.007851780279792164,0.0098988291245512,-0.007071155489317693,-0.001583476712940235
2023-05-22,0.00021633224393724504,-0.002341497915543389,-0.003560972186750444,0.0005459524326203447
2023-05-23,-0.01947217580792393,0.001200731149241463,0.00287848265998103,-0.01117535923843882
2023-05-24,-0.016549043841613043,-0.008068450017086337,-0.0049488441511834624,-0.007490248071703065
2023-05-25,0.0024681642987771646,-0.009618027091793824,-0.002486771908096763,0.008712160014554104
2023-05-26,0.01521934385529744,0.003995567330169925,0.008077509141431571,0.01299468725401054
2023-05-30,-0.011904665512431634,0.006190554546333882,0.009990992456883951,0.0003110752020791807
2023-05-31,-0.017402969953656755,0.0015382006614657051,0.008716737897374705,-0.005440430783186123
2023-06-01,0.014305076225776592,0.00789813034647624,0.003923925063808786,0.009586073499040504
2023-06-02,0.010521642216533511,-0.014747450675273721,-0.010958596581251423,0.01468112421601142
2023-06-05,-0.009968982478270605,0.006020416015011243,-0.0018626267542765085,-0.0019326613529553338
2023-06-06,0.002685226653023509,0.0010980396887689814,0.005893851008959006,0.002063781658866004
2023-06-07,-0.0035707768347383873,-0.012010543410059138,-0.014843812879550833,-0.003279889168847361
2023-06-08,0.012765923248455602,0.013211240429905624,0.01169695379175284,0.0059946599975160275
2023-06-09,-0.007518754174790643,-0.0026845203333208945,-0.001371708892094814,0.0016734314418302976
2023-06-12,0.011140733906828126,-0.0008788640365902101,0.0029434990946890505,0.00918926292060629
2023-06-13,0.00815348413393524,-0.007367558613950331,-0.009881005806291365,0.006597236015642771
2023-06-14,0.00721323601264201,0.0005539277015322863,0.008003572353881383,0.0007723010258835483
2023-06-15,0.012152722427499318,0.007030581691497284,0.009605811378113227,0.012823903273922577
2023-06-16,0.0015009979649678318,-0.0015392159510752013,-0.003883570288972016,-0.0036878517658288645
2023-06-20,-0.01061948566260984,-0.010350739592973501,0.006920165740607498,-0.00461455271108413
2023-06-21,-0.00044176220368086216,-0.0014464228474878604,0.0024199270028841813,-0.005478579004136286
2023-06-22,-0.004860617991031102,-0.009916979914319946,-0.012070089312576582,0.0036393045527129964
2023-06-23,-0.01487568605655376,0.0027572461643308177,0.009969796794849994,-0.007500720583912823
2023-06-26,0.004056749182581365,0.0017396047357047806,0.0010643559269556402,-0.004128999641968889
2023-06-27,0.015039395746505368,-0.004593535884055422,-0.0026103977562661473,0.011081485998631235
2023-06-28,0.0008843306811341378,-0.002307409851291853,0.004264955836672968,0.0004473595806462338
2023-06-29,0.0004419574437750651,-0.001071764681377263,-0.018048600773552304,0.003830737963639086
2023-06-30,0.015459393411896949,0.006663323502016594,0.011794999712579912,0.011850598696412806
2023-07-03,0.0,0.0011218766110339118,-0.005669298874357964,0.001915093122123901
2023-07-05,-0.019573687326386757,-0.00353003237800964,-0.009502223315852154,-0.0022299527874448666
2023-07-06,-0.023735552653276315,-0.002980200124891419,-0.014143190468149935,-0.008154411986538102
2023-07-07,0.009770557913058031,0.007500997402107412,-0.0060190571258379455,-0.0023275856309667997
2023-07-10,0.007875754864163031,0.0007836956455820054,0.0013119123233296115,0.0026805970106924537
2023-07-11,0.01004681767352622,0.0037476125602418087,0.005140777120746565,0.00641148784750345
2023-07-12,0.026083082298565374,0.013541420874312982,0.011131126157985394,0.007870907713901865
2023-07-13,0.0174494017782032,0.0007146999149643118,0.010512936147743845,0.008151193875578056
2023-07-14,-0.0038111816029172685,-0.0031866482531699436,-0.0058888420371151495,-0.0007990706807982084
2023-07-17,-0.00276290401361301,0.0007165567329587841,0.0004935724188990243,0.00348881048487093
2023-07-18,0.002770558801646006,0.011456278139590825,0.004539311292264925,0.007580637374914545
2023-07-19,-0.0076514366432738345,0.00016335645500209495,0.011296486079541035,0.0021564347999218914
2023-07-20,-0.005782802249442387,-0.005063389149303599,-0.012141528810480251,-0.006527325287065899
2023-07-21,0.007109088143586462,-0.0030645332195952113,0.000294778813476837,0.00012053751481899688
2023-07-24,-0.007272753011291377,-0.00428147332668416,-0.0036369797949169502,0.004235031128994926
2023-07-25,-0.003663016721537682,0.005567859975791123,-0.001874793523527707,0.0029472056154111748
2023-07-26,-0.0010812977003639146,0.0048791150253855164,0.0009886590749363933,0.00023909661065202314
2023-07-27,0.0012990871734328557,-0.01571197400361901,-0.0194527360796235,-0.006783474299391856
2023-07-28,0.017513537220458675,0.007981390400291666,0.0051355912336843446,0.009739470406993744
2023-07-31,-0.0006377551020407823,0.0026944104889450315,0.0024048867507480143,0.0019291812092308014
2023-08-01,-0.01509654400398519,-0.010364679607279714,-0.016386954736540837,-0.0030901023319120924
2023-08-02,-0.022236545566540977,-0.004765602229612864,-0.01069934704278308,-0.013853656262397873
2023-08-03,-0.004195356750079426,-0.0003341470787491252,-0.023071066555525377,-0.0028291795363994954
2023-08-04,0.003769506607435691,0.003620414278603157,0.017712001546244638,-0.004898152567885838
2023-08-07,0.011265778256956516,-0.0022753962847783527,-0.009841418604705332,0.009015949671369539
2023-08-08,-0.012014058610673173,-0.006341080194621318,0.01161322164364953,-0.0043227072592645355
2023-08-09,0.0035372724538382805,-0.00475820704444585,0.005171099244195121,-0.006645779695859666
2023-08-10,0.009694031863027641,-0.0010686044760203073,-0.016462567052565547,0.0005860529473495912
2023-08-11,-0.010909890381242349,0.0,-0.0023011405464169465,-0.0009273607675043261
2023-08-14,-0.0015444620005409249,-0.003040588549344525,-0.002201984872176932,0.0056421265135058185
2023-08-15,-0.014140444863615542,-0.002654474343068869,-0.006095154447720907,-0.011463857645723552
2023-08-16,-0.00672342864919051,-0.005776029417432049,-0.007824036107359711,-0.0073958124397758285
2023-08-17,-0.011281502995854509,-0.0015378724223797935,-0.0042629804281262285,-0.0080941407104409
2023-08-18,0.0013692537312306463,0.00017112823031739666,0.0035319208182036377,0.0009232421864016072
2023-08-21,0.007520409388686478,0.002737670236275802,-0.01333064165435982,0.006607010405936586
2023-08-22,-0.0018095353841774964,0.0016495566176504273,0.007674358925662705,-0.002798693733284452
2023-08-23,0.0056651780601024715,0.01016464068195777,0.024777174862654405,0.010779589770919529
2023-08-24,-0.01757568866338355,-0.00022482031744353037,-0.006593931061199543,-0.013294070712494888
2023-08-25,0.00871576265484686,-0.0012932863561120334,0.0032660914717193013,0.0066245843084611344
2023-08-28,0.011823537300802212,0.0028713533365909427,0.0010500952330567692,0.006580830947597205
2023-08-29,0.01460678825682904,0.009768091768254772,0.01038605455875019,0.014206633387211065
2023-08-30,-0.0002215170565385005,0.0025018747942815445,-0.001038480394469743,0.0041680297419501855
2023-08-31,-0.012405779412492324,-0.0016637258183913595,0.004469613001201855,-0.0012790683957657478
2023-09-01,-0.007178344663533065,0.0004999240959600026,-0.015578110841587334,0.002126534232399724
2023-09-05,-0.011296891182122404,-0.008161685723844458,-0.014022432106466476,-0.004364510147910838
2023-09-06,-0.004798581872406338,-0.004534245193468567,0.002459556971539323,-0.006902396036656988
2023-09-07,-0.007348023999277364,0.0010684498647577367,0.0027733989717002583,-0.0029752247538203935
2023-09-08,0.0025447184319191685,0.0003370270596214642,0.0038291877851535094,0.0013698133477924035
2023-09-11,0.011536405591614507,0.001853109993606994,-0.007205583916027658,0.006570668489345621
2023-09-12,-0.007071188156233976,-0.005156651253074851,0.0057637686600571225,-0.005363021019594849
2023-09-13,-0.005972740918620212,-0.0023100098564432514,-0.00021237844905486192,0.0011711133429095355
2023-09-14,0.010861932400750174,0.0005082241752882855,-0.0072177294806532455,0.00865113567910103
2023-09-15,-0.0013716636327100185,0.006603816566220333,-0.006094164525372703,-0.012466793381329055
2023-09-18,-0.00642807056086292,0.005887647601878543,0.005700971330921734,0.001100890986322156
2023-09-19,0.00046214565775115624,-0.0009476457412548323,-0.0073803922763185925,-0.002003889565625916
2023-09-20,-0.0004619321778011054,0.0007253927124595272,0.0031250348724320975,-0.009354354165296841
2023-09-21,-0.015711427444894954,-0.007248413758109917,-0.025674127903877686,-0.016388612979709283
2023-09-22,-0.0007044290333985126,0.0032013033173832195,0.008048516213301049,-0.002412487023260579
2023-09-25,-0.009396294930407612,-0.005150588926742139,-0.024608939900008786,0.004156601988868358
2023-09-26,-0.01470224877255466,-0.007990985893820302,-0.0034764847152148892,-0.01467600476008657
2023-09-27,-0.0024068394586259645,-0.012366647894697436,-0.005175626981195336,0.00022918495896928626
2023-09-28,0.012545283144106856,-0.004997187509914736,0.0030537511943891094,0.005833505223064472
2023-09-29,0.0009530426256840752,-0.01027534966921384,0.0001127863961896125,-0.0023879210138575413
2023-10-02,-0.017614648487629947,-0.010498705650611395,-0.01674042039185497,-7.625047354609116e-05
2023-10-03,-0.007996336261911652,-0.0028882419805683623,-0.021511352202079448,-0.013446391265780289
2023-10-04,0.008549151956286805,-0.00011825651470720455,0.01410789053176642,0.007356797796086667
2023-10-05,0.003148274078667246,-0.0018327868021307259,-0.004984992963207646,-0.0008456630498238082
2023-10-06,0.01569296365074213,0.005153083621109555,-0.012116793003324577,0.01192585601683116
2023-10-09,-0.008557094145194122,0.01838544744893622,0.023469481861410735,0.006665587470208623
2023-10-10,0.015104508626549107,-0.0016780958953311886,-0.0013826681927432416,0.0051612868301129655
2023-10-11,0.006849152251423796,0.007303045938392039,0.020886271845542925,0.004233104685964273
2023-10-12,-0.01337086354481487,-0.0030496507265770356,-0.027127832427963794,-0.0060111772359973115
2023-10-13,-0.01474099209540436,0.03214825984540237,0.01789207822724359,-0.005269422575572946
2023-10-16,0.011100413963679445,-0.004864928190345896,-0.01609361695108047,0.01046880797725569
2023-10-17,0.0014321000294355013,0.001854273768354009,-0.011021301409146145,2.5022705934851786e-05
2023-10-18,-0.019065886106828578,0.014470816805260078,-0.008797477589550518,-0.0133806558484455
2023-10-19,-0.0019433954019938415,0.012274016037125302,-0.02047379214521783,-0.008476478751519911
2023-10-20,-0.009737303469618541,0.0027308974274993236,0.005678475795491744,-0.01245305544653641
2023-10-23,0.006882851692235015,-0.0033770637265356784,0.012013663996481183,-0.0017570867053042782
2023-10-24,0.00512712835192608,-0.0001093308866343401,0.013176643013480094,0.007480987933378147
2023-10-25,-0.007286964009130648,0.004208823642007475,-0.022261427720031812,-0.014105724937470088
2023-10-26,-0.004404070323423048,0.0015784524505007003,0.015338878532188183,-0.012275121532042466
2023-10-27,-0.008601474929572972,0.011629799758343662,-0.00424897209902575,-0.004432554959551749
2023-10-30,0.01586492811276341,-0.00564054701797434,-0.004503960248750216,0.012032244534883274
2023-10-31,0.00414845831938826,-0.005456562573315948,-0.004881589623633831,0.006049383411190767
2023-11-01,0.008505522610339655,-0.003150642851826202,0.021682304322761414,0.011010693569660557
2023-11-02,0.024096298122224358,0.0033240729584831374,0.022796946773443016,0.019001021117338368
2023-11-03,0.007294286890888735,0.003638921283475316,0.006778190924215499,0.009247580331523508
2023-11-06,-0.0056064388966956535,-0.007792560392528847,-0.0096999215185678,0.0019276870383628797
2023-11-07,-0.00399312496475368,-0.0041451308444239165,0.0147499925412784,0.0028234727869904663
2023-11-08,0.009433771364374177,-0.00996764391222027,0.01703382006629295,0.0008223530658413303
2023-11-09,0.0009344643281543608,0.003982968433291267,-0.02300144285502459,-0.007543483050798772
2023-11-10,0.00793668675391368,-0.010909752197912126,0.005600526965487518,0.015602989215270702
2023-11-13,0.003242224345493927,0.005570720464602941,-0.002272903979745,-0.0010127950503624472
2023-11-14,0.030701780278958646,0.008919177105678688,0.02266753930638421,0.019211329787458542
2023-11-15,0.002015706230702241,-0.002635601473798599,-0.014034625012198876,0.0021834114728473963
2023-11-16,0.0004467877701850309,0.011286077178189302,0.012426807487870395,0.0014039367939895353
2023-11-17,0.012958062820754845,-0.00010890234740634774,0.004686210079732911,0.0014744248321543196
2023-11-20,0.005293506441046869,-0.0016333808174913145,0.006108655749155645,0.007530620572925084
2023-11-21,-0.006581927852369329,0.01079790063288577,-0.00044166656020105943,-0.0026112524353850697
2023-11-22,0.0011044686707677442,-0.004262252597287075,0.0035340416249451945,0.004323457964380939
2023-11-24,0.010588799262704285,0.005201596914642392,-0.011775322410444655,0.0005499779721458431
2023-11-27,-0.003929149252204667,0.006737817869841178,0.016704053780162154,-0.0017447837684170242
2023-11-28,0.00021894624480967018,0.013331852960406732,0.001971621125727463,0.0009815001158737235
2023-11-29,0.005696688634224456,0.0014794398574642376,0.01257088512942417,-0.0006458509390554479
2023-11-30,-0.0037036973797147654,-0.004167950375202456,-0.011551310590492303,0.0038776099923876206
2023-12-01,0.006997725845086844,0.017271494075951965,0.018834002703573605,0.0058657214725077456
2023-12-04,-0.0023887720190847173,-0.02161342646325959,-0.003978923057764927,-0.005025253310737665
2023-12-05,0.002829878568516131,-0.0037794459254785195,0.02148565344041553,-0.0003099112308470042
2023-12-06,0.00043397896844976636,0.0036868953454944897,0.013317920804448047,-0.00417063061318379
2023-12-07,0.0056412481895926625,0.0016503277504122948,-0.005737075445586326,0.007825772959661581
2023-12-08,0.007982735739844982,-0.01334039111485108,-0.008182826079823013,0.004250405894616893
2023-12-11,0.0034247654777281866,-0.011042895165362276,-0.0021156240426516426,0.003877883310313246
2023-12-12,0.003199352263369537,-0.0005446421195114404,0.0029680988034028744,0.004969760648641186
2023-12-13,0.013183295423030428,0.022562533466176538,0.023462271507714405,0.013617227768087936
2023-12-14,0.003987436398346533,0.005862552982469849,0.02601277067256591,0.002936388508991916
2023-12-15,-0.010033501913502052,-0.009166511771857233,0.0011107523476405756,-0.001521521340554166
2023-12-18,0.0006139453474542922,0.004545487184575592,-0.007967769107129374,0.005657014682874939
2023-12-19,0.009096814587283397,0.00681394057869511,0.005388459163788495,0.006084303407588809
2023-12-20,-0.015304274048661637,-0.005445982936102989,0.0067750636653551854,-0.014434270254098824
2023-12-21,0.016180646628437767,0.007070635455129759,-0.006327841862478034,0.009742107966365987
2023-12-22,-0.0025141536982800083,0.004434417088942322,-0.004548694913075302,0.0023255249053841798
2023-12-26,0.007351294079418036,0.007620733251079592,0.002843447342550487,0.004158248855000268
2023-12-27,0.004170304566067484,0.004537842226414179,0.01771960411910589,0.0018303636780692134
2023-12-28,-0.008305543530608306,-0.005815437657636813,-0.007262868742466955,0.0001598561222988515
2023-12-29,0.0010468125329416988,-0.001566841018672216,-0.009019975284347392,-0.002671536022848753
2024-01-02,-0.014432128556084,-0.002353909884146743,-0.005764771478479758,-0.006387207101616332
2024-01-03,-0.013794622824116254,-0.008336809604204354,0.004170819737559173,-0.007419216610477952
2024-01-04,0.004519087586839721,0.0010046128932528209,-0.015194423646090471,-0.003157056430464933
2024-01-05,-0.00149967391303385,0.00015845540955172766,-0.009566180010244674,0.0012808277313465233
2024-01-08,0.012872746128461454,-0.007816271130823282,0.009866209936188142,0.01430287002127173
2024-01-09,-0.011014435055150651,0.0003193567900841021,-0.00637596689213793,-0.0024304615927573936
2024-01-10,0.005568684168690385,-0.00228804710551489,-0.004657356538209978,0.006596661846784535
2024-01-11,-0.0012779171930341615,0.0019733072916665595,0.005614890225791314,-0.00034240458617940117
2024-01-12,0.0012795523549880006,0.009794068475553752,-0.0019644432425909297,0.00045681570323941045
2024-01-16,-0.018317543405322434,-0.009488181898979597,-0.017613204956907103,-0.0034020142046441437
2024-01-17,-0.006292059321508892,-0.01101595063528893,-0.0015818932516729056,-0.005567100477759213
2024-01-18,0.01419237864981282,0.008232882099906247,-0.00929539028617632,0.008892661852800687
2024-01-19,0.0034443432172330812,0.00298872590696031,0.0031986216235977416,0.012239482179238648
2024-01-22,-0.0006436196512412673,-0.003777957126316789,0.005951867912352027,0.002278399959992683
2024-01-23,-0.00193210249285658,0.0038991332271092194,-0.0079240306823537,0.0029709067587597726
2024-01-24,0.02000423933009743,-0.008246890539639895,-0.00585731538003198,0.0008302349977016288
2024-01-25,0.005272025587545359,0.003969986681303217,0.0065344375453249,0.0056280503424235295
2024-01-26,0.00902022503176747,-0.0006946931881827156,-0.001915501436535405,-0.0006019149925839962
2024-01-29,0.003326533363535056,0.0070584854445867595,0.011516337444619662,0.0072729944889464715
2024-01-30,0.002072190142564656,0.0013805262268788976,0.009065647095673812,-0.0007087544919635036
2024-01-31,-0.010545932888930132,-0.0007423479101065222,0.009820483319889162,-0.016290999524974925
2024-02-01,0.01212125381250595,0.01040067256889099,0.019616082362111875,0.013158624784256112
2024-02-02,-0.006401027521963032,-0.009453300862028224,-0.02208884910629183,0.010274224660646203
2024-02-05,-0.003740708403708215,-0.005513988032274764,-0.02019331818394754,-0.003654126995261797
2024-02-06,0.00813518555726045,0.005224693124019186,0.009773467611767117,0.003115270432578532
2024-02-07,0.00020687631324944888,-0.0002651978305409086,-0.004839435737444386,0.008215354034992517
2024-02-08,0.0035168508463874204,-0.0009018470501077624,-0.005814521851810084,0.0006771712594595414
2024-02-09,0.007214990936731613,-0.003876152075832917,-0.002020330073626675,0.005675961296470522
2024-02-12,-0.00020471646180564296,-0.0026119694947860372,0.0011717660036401067,-0.0004558642849165073
2024-02-13,-0.019651919178136468,-0.013788690196348319,-0.01713488022546472,-0.014094538725275108
2024-02-14,0.013572826064169874,-0.0005961123453055439,0.0050893292164606585,0.009515915176860457
2024-02-15,0.011948863411444854,0.0067238125229136525,0.005171506554972227,0.006764363218002778
2024-02-16,-0.002239542602573641,0.0036625695484677756,-0.005788251033534975,-0.005114993162469106
2024-02-20,0.006529366449799179,0.006064210073093879,0.0008627653804520463,-0.005489847106519896
2024-02-21,0.006486843564911471,5.331256612173263e-05,-0.007109277822492155,0.001007708636522997
2024-02-22,0.01591146139351407,0.00042672195902415666,0.004881967083246286,0.021007927656388592
2024-02-23,0.0005946668417766698,0.005651511902278639,0.01338672353538417,0.0004499646649167577
2024-02-26,0.0011889529444806257,-0.0022266895335479875,-0.0029829301064813185,-0.003663400521311422
2024-02-27,0.004749594062750884,-0.0010626830578386315,-0.007052306466220126,0.0018493363365441606
2024-02-28,-0.0021665156029968546,0.00180849115899262,0.006349118747507765,-0.0015453764244601764
2024-02-29,0.0009867260212947926,0.005150266749304189,0.007057494487311411,0.003697220887439956
2024-03-01,0.003944230490862788,0.018910791174389097,0.0062306770527211786,0.009637480063258153
2024-03-04,0.0031428422489099272,0.016174996770490724,-0.004021945934767568,-0.0011879589522609812
2024-03-05,-0.0066576260131056,0.006020141664404566,0.014241296782881774,-0.01002396064379496
2024-03-06,0.012221472706764436,0.008215401882095241,0.005868405095932783,0.005298789870961995
2024-03-07,0.017137320113066012,0.005683843351386164,-0.0009378230793894993,0.009901342712114403
2024-03-08,-0.00919008473841243,0.008452547868211147,-0.0017726357053122754,-0.006064273675791765
2024-03-11,-0.002125567329456124,0.00183502012710135,-0.0005223100765789912,-0.0008290919772615535
2024-03-12,0.011618873785776529,-0.01094062729637224,-0.008361151494492791,0.01070211777796648
2024-03-13,0.004019788857315687,0.00700740378557585,-0.004848265543350716,-0.0015156396458027022
2024-03-14,-0.00781692060584549,-0.004175139558116325,-0.015356875222833799,-0.0021927279612515838
2024-03-15,0.0015373389377735247,-0.00319440663913817,-0.00032294445218850054,-0.006888192066156873
2024-03-18,-0.005209408528575987,0.0016022835845583838,-0.003012632509654556,0.006255141209658754
2024-03-19,0.0025121249548856195,-0.0011498061737871268,0.002805871511090796,0.005603114280893884
2024-03-20,0.013878242119411688,0.011911859798154678,-0.0003224806450122797,0.008725869221803961
2024-03-21,-0.004562757651056959,-0.0010386361790747367,0.0021527514968977535,0.0033350241465988084
2024-03-22,-0.005156621010081519,-0.00802096899240623,0.009560820576555384,-0.001306809684783805
2024-03-25,0.0030716466851823387,0.0031944066391380588,-0.0050012465512682125,-0.002587758790617567
2024-03-26,0.0021052363519811212,0.003233961285236564,0.0027806380042554313,-0.0028036460665121776
2024-03-27,0.008212428377431413,0.007240660177973313,0.009917833133820553,0.008728581193606866
2024-03-28,-0.0045464131746872916,0.012900024807739996,-0.0008448570844511449,-0.0001248984343299453
2024-04-01,0.0022835887252095066,0.010208079384865787,-0.018640861051548496,-0.0013105852663339856
2024-04-02,-0.01139177320341933,0.014772360490971526,-0.005510458786783801,-0.006540799312901524
2024-04-03,0.008450056608438672,0.008772374739768773,-0.00021779346982575554,0.000901646610733442
2024-04-04,-0.011616767731513544,-0.005734705223284009,0.007172613803082539,-0.012317693643061678
2024-04-05,0.001541485553389732,0.017114197447370305,-0.013918724284892714,0.01062606943414579
2024-04-08,0.0065409736207355795,0.00622848536623688,-0.00010948662864540548,0.00039880356296140285
2024-04-09,-0.005925158560608823,0.005497054993034878,0.009302027561706838,0.0012376814609855735
2024-04-10,-0.012305250369652576,-0.009463856185613961,-0.021793846453040056,-0.009680073785012233
2024-04-11,-0.00038940732141723444,0.019433247203493043,-0.004544175116353633,0.007214604157717908
2024-04-12,-0.02122684779015027,-0.013239324939518515,0.005344714599098133,-0.013632623985722403
2024-04-15,0.0005969703387613823,0.01871915519396472,-0.015505526027820404,-0.012692694571583951
2024-04-16,-0.0029829075672660466,0.0012220152803359419,-0.00663768616913496,-0.0017901752883636712
2024-04-17,0.0013963192800994229,-0.007368252752093185,0.01109848199656871,-0.006028708958267459
2024-04-18,-0.0005974829649877389,0.0034154561341945833,-0.00503993754083476,-0.002282675034200543
2024-04-19,-0.0011957621684616226,0.003131535140574959,0.003602356932416839,-0.00836698062906105
2024-04-22,0.010973606675770409,-0.02470249054532203,-0.0016829015292988414,0.00867918141371371
2024-04-23,0.01815663422027347,-0.002458663172418052,0.0003372804051460232,0.01261317515256799
2024-04-24,-0.004264259425924566,-0.0018600907225296837,-0.007076236059891716,-0.0007315021717504422
2024-04-25,-0.004866672161485619,0.005963468053189924,-0.007013762492757425,-0.004133549671758829
2024-04-26,0.010758943071175864,0.003241927353549112,0.005240434385915149,0.01000912721227687
2024-04-29,-0.0030964560484694204,-0.002031218037689575,0.008386648634358673,0.003488737067641523
2024-04-30,-0.01960775403090398,-0.019937078844561418,-0.00854142249520018,-0.01580484558655415
2024-05-01,-0.003168520344180803,0.00906215232545482,0.007370629773224335,-0.003250816819679536
2024-05-02,0.007946030753607669,-0.0030870874411647042,0.004290891271061303,0.009327553514598907
2024-05-03,0.00946003454698885,-0.0007976266365629092,0.010119286414060902,0.012407925380027995
2024-05-06,0.009761768306352225,0.010518361024399514,0.00389614072073452,0.010085483168843945
2024-05-07,0.00734716168734284,-0.004600326433150892,0.006097826418284047,0.0014322915289166627
2024-05-08,0.004990576997974783,-0.002941061869504713,-0.006060868295474253,4.219025387963704e-05
2024-05-09,0.009740214412405024,0.015778607960932778,0.004878261134627415,0.005742254041031902
2024-05-10,0.0035937526215612525,0.008112513438038427,-0.005627033583257779,0.0012338765142738684
2024-05-13,0.0009423174771681087,-0.011202103844459854,0.002552133700199244,6.267994668540666e-05
2024-05-14,0.006401649061210213,0.008462045119477013,0.005644563878345776,0.004741348988526406
2024-05-15,0.008793385107517926,0.012838750510223873,0.013647370944204873,0.012181962671944602
2024-05-16,-0.0102003962623326,-0.0038933433506626036,-0.0009771082452271207,-0.0019100627279839966
2024-05-17,0.0028106863793555537,0.0164977725898805,-0.006738352367994693,0.0014816152532157734
2024-05-20,-0.0013080591776499784,0.004023937591649318,-0.0029543734892930607,0.0009861747217059236
2024-05-21,-0.0011225303755489913,-0.001469548604570936,0.00515813958208966,0.002689061423108541
2024-05-22,-0.009177633572778121,-0.01837396956557802,0.001200831825256099,-0.00290700793894616
2024-05-23,-0.0037807481271513455,-0.019944570339717638,-0.006434283711938105,-0.0074323556647278854
2024-05-24,0.009487702113957885,0.0009271136061119734,0.0029635461492769632,0.006805492648143563
2024-05-28,0.0007518701805815375,0.010513172896031486,-0.014335458035153348,0.0008012051094754558
2024-05-29,-0.018031635661053036,-0.009303812074716977,-0.012101945251513535,-0.007041403589713724
2024-05-30,0.007268541138728324,0.0018967600627461945,0.009665081110356244,-0.0067191056282470685
2024-05-31,0.005127400876137722,-0.00586417430627717,0.006789844505298959,0.00870036806535679
2024-06-03,0.003022744329706617,0.008917780500373507,0.016174537099218567,0.0010935644663832012
2024-06-04,-0.007346000929176366,-0.008977059834655465,0.011681194717160226,0.001216073468538914
2024-06-05,0.016508564273586712,0.011845603201319,0.007338090676924258,0.011961086646359975
2024-06-06,0.004666732083965064,0.007391356612921562,-0.0014998121868939895,-0.00022375196022428323
2024-06-07,-0.014121043071390393,-0.03568330143379639,-0.018345867770637958,-0.0013022544861641672
2024-06-10,-0.00640791364022153,0.009168181127878317,-0.006666487799701026,0.0032803785804893515
2024-06-11,-0.012518888049852794,0.0028566106093961263,0.010342013410840956,0.00227453559174573
2024-06-12,0.018248101192330335,0.0026617200115086614,0.007513974251228017,0.00832777893671044
2024-06-13,-0.022448621012948644,-0.008150148984962247,0.014699612364489578,0.001888897719345417
2024-06-14,-0.026244758715674665,0.012959545903254766,0.008414988419986447,0.000802308361527615
2024-06-17,0.015259664475870904,-0.005191652247571676,-0.009929518148477201,0.00793613300093332
2024-06-18,0.003123050548383688,0.004007271832187298,0.009175502720005113,0.0026642832700423114
2024-06-20,0.0023352952754442935,0.012484347826456466,-0.006660325608438655,-0.0027762145845441344
2024-06-21,-0.008542002116904257,-0.015493238109986152,0.0,-0.00218741977406256
2024-06-24,0.009280617267877878,0.003957566385821121,0.004044337726544223,-0.0026903348743790856
2024-06-25,0.0007929176645196101,-0.004962237629221655,0.0016957159304131775,0.004156404655404122
2024-06-26,-0.008118976526355293,-0.009228168111804491,-0.014285759883900906,0.0011144721979101657
2024-06-27,0.00019961340654051085,0.011336925587312363,0.003972468680065289,0.0015504254201634815
2024-06-28,-0.00139733596970526,9.297647872519299e-05,-0.01860606338613424,-0.0038560775646095946
2024-07-01,0.011193365689616375,0.002604589701363791,-0.017258704096372424,0.0022994134206870687
2024-07-02,-0.004546368805563583,-4.643394389247657e-05,0.007785725479442229,0.006483398913566418
2024-07-03,0.01707719155947829,0.011273000380832565,0.013133009548547792,0.004519168931169215
2024-07-05,0.006833277433952345,0.013486798057397165,0.00827904240528854,0.005978496322453841
2024-07-08,-0.005817399107054477,-0.012402074526820739,0.002160483021308668,0.0009610680922815806
2024-07-09,-0.012678053060441341,0.0016957473442755777,-0.004419698677863071,0.0010973702339014402
2024-07-10,0.014421116946978563,0.0036603361122538036,0.003140425324865914,0.0096301713247402
2024-07-11,0.0025317702442577694,0.017733403441032136,0.009714632172793891,-0.008568967041538866
2024-07-12,0.016317054909700923,-0.0006270969301161999,0.004276321839983721,0.006179262589975254
2024-07-15,-0.012805830136716878,0.0032271131671974818,-0.011496539977742581,0.003031632397946904
2024-07-16,-0.0005808311100055086,0.019925798233449088,0.014107275265952124,0.005677144588804639
2024-07-17,-0.013366801545774742,-0.004643206403117217,0.0002121505690770853,-0.013967966748049787
2024-07-18,-0.00765762860670971,-0.006381186355259194,-0.007643869781012502,-0.007522660476914855
2024-07-19,-0.009497563203731962,-0.017937829186174925,-0.005884534276931919,-0.006674130602539408
2024-07-22,0.019776302200035012,0.00031573231212611574,-0.0029057076432236206,0.010385593238463331
2024-07-23,-0.006660252466024419,0.003516676143213937,-0.001403224983498652,-0.001667278564546515
2024-07-24,-0.015184215132983514,-0.0035043524704835294,-0.010808351956749673,-0.02289083331136288
2024-07-25,-0.00420511629056497,-0.01564473026582147,0.008195133240728847,-0.005047434284325192
2024-07-26,0.014478228693747486,0.010534525866662925,0.007803197151071695,0.01121712631946381
2024-07-29,-0.013082228039768773,-0.0014050562105476505,0.005376725084650369,0.0007396590729293884
2024-07-30,0.0028116681361154416,0.009985461488319247,0.003850685284938038,-0.005232818213897983
2024-07-31,0.007610905749477981,0.018110725786084414,0.010229253352520562,0.015760625275752282
2024-08-01,-0.027430103998735467,-0.003442943141866439,0.008624482211289752,-0.01363825425004217
2024-08-02,-0.00980990918159741,-0.0019046282784819235,0.031161688591856196,-0.01827552835014634
2024-08-05,-0.015067015545973672,-0.012691935106198704,0.005290807208711001,-0.03002583536880954
2024-08-06,0.00041905428193600436,-0.008000713832612472,-0.022368072504767134,0.009974722742633668
2024-08-07,0.005027302910979969,-0.0006796279952806517,-0.007040060120775848,-0.006938378722331273
2024-08-08,0.016256733243926735,0.015688013635013043,-0.006151911597169213,0.023331389094658483
2024-08-09,0.0018456882586770362,0.0024552612171107047,0.009861719004759628,0.004285188799177497
2024-08-12,-0.00368465823891595,0.017144665770273848,0.0036358711847954694,0.0005104551351824416
2024-08-13,0.016231697635223696,-0.001532358906807807,0.006935120729365085,0.016609856394933953
2024-08-14,0.007076435616522936,-0.008155751250824572,0.006270645617218351,0.003191267630038297
2024-08-15,0.01586028485394464,0.0031388449312386157,-0.008070511979401784,0.017166998975506997
2024-08-16,0.007905092803181857,0.02238773852658915,0.0035018001517759245,0.0021047826264839475
2024-08-19,0.013137276387162222,-0.0016380226467286318,0.0046182029024335325,0.00961816034802232
2024-08-20,-0.00019343169456897957,0.0036699887797402297,0.00796821151144722,-0.001652618869128819
2024-08-21,0.0098721391707568,-0.0013336178629832496,0.0006081912708817416,0.0035053169364080983
2024-08-22,-0.009200668071827622,-0.011975011209935604,-0.009926235128226879,-0.008092293984041432
2024-08-23,0.016444276477890707,0.011553425520716143,0.006547409747655886,0.010819088013125588
2024-08-26,-0.0047583950454230806,0.0031893380775307456,-0.0025410457917027784,-0.002458007797483841
2024-08-27,0.002868764260880674,0.002706671669018279,-0.0017321332041903004,0.0013388105965634889
2024-08-28,-0.0036233070157193348,-0.007026862307456638,-0.001224903747852002,-0.005716200851872633
2024-08-29,0.0026794450256333313,0.005177980359189593,-0.0032704442965316716,0.0001559814021891981
2024-08-30,0.002672208046383462,-0.0071260085162319076,-0.010663328618790269,0.009411238575260494
2024-09-03,-0.017894621556892032,-0.0043235765879541255,0.016355463302417883,-0.020230113488167167
2024-09-04,-0.004458088265892779,0.000607926500195255,0.01288987338462766,-0.002482357807940594
2024-09-05,-0.00486764161965092,0.008332306942507639,0.005656040151750696,-0.002468952151403414
2024-09-06,-0.018587421125699333,-0.007402630408956501,-0.00010033147720100999,-0.01665183668424053
2024-09-09,0.008173931568751014,0.004205876079289794,0.00431868674586533,0.011255664312111557
2024-09-10,-0.0069211092759654536,0.004404097525005923,0.0070009239191497485,0.004121550394471596
2024-09-11,0.010752742402823978,-0.001590555949419148,-0.0007946301690000546,0.010232029198644854
2024-09-12,0.007092181168066647,0.017567284525531468,-0.004671618519619947,0.00859737296285279
2024-09-13,0.004694824234686479,0.009943683944142245,0.0026965967780370192,0.0053129615834723865
2024-09-16,0.005646429836457578,-8.374817448153493e-05,0.00916244741027561,0.0015098887815572226
2024-09-17,-0.0005808311100055086,-0.0055309113549146804,-0.00483584636523382,0.0004638854057346098
2024-09-18,-0.002518449496193287,-0.007710465405288858,-0.012396321224478979,-0.0032457526397120517
2024-09-19,0.0238881544992664,0.01554075728197235,-0.003313274668953703,0.017445014405853332
2024-09-20,-0.012898325076165285,0.012710660066880486,-0.003828265467310077,-0.001962528200617375
2024-09-23,-0.00028877990413245236,0.0019404068737312041,-0.0021237617124086894,0.002462640969896457
2024-09-24,0.014824839710994464,0.01396907347432852,-0.00020266145790281964,0.002875274273102635
2024-09-25,-0.009296070769477915,-0.001381767735031958,-0.0083124021234815,-0.0020317092011983284
2024-09-26,0.030448026796335848,0.005086884066794806,0.00235121216937606,0.0039764800701131975
2024-09-27,0.0,-0.007935830791900744,0.0052008607714382205,-0.0012945988166174205
2024-09-30,-0.01059265552610833,-0.007999374253898295,-0.0047681334740663495,0.004358628954158172
2024-10-01,-0.015589936326649734,0.010491249392624136,0.007219706375432233,-0.00934289399497823
2024-10-02,-0.0022896467026966016,0.00020358719772617384,-0.008427149337073891,0.00017214307511226323
2024-10-03,-0.010518226875053327,-0.0006920058878576718,-0.00942059755445046,-0.0018934864661936945
2024-10-04,0.0073443729976123695,-0.001996030315693287,-0.012300861524535356,0.009217471525896359
2024-10-07,-0.004221029105239804,-0.0033877625757333663,-0.007535136937413811,-0.00900043018198482
2024-10-08,0.00019272395904512685,-0.007371925565205384,0.0016870911623163565,0.0094653620180154
2024-10-09,0.004045418109143828,-0.005446185963701722,-0.005684778010163094,0.006832953185606394
2024-10-10,-0.0024941429572786777,0.007342892553628744,-0.003917445465134617,-0.0016777178241089707
2024-10-11,0.006347259113545389,0.010913408354139564,-0.004038960176981465,0.005948473179291369
2024-10-14,0.005925101936701482,-0.001629502157067031,0.0007469154431167802,0.008184311720736526
2024-10-15,-0.026030857781908945,0.003468359323146597,0.012157291195066255,-0.00761545477398462
2024-10-16,-0.0052671059967300815,0.005001609209081437,0.004214609501811628,0.004202875285721941
2024-10-17,0.0013727503197100699,0.00598831083503093,-0.015842954188174052,0.0001494869498359641
2024-10-18,0.01351349757918574,0.010618185005034864,0.0007463837421133324,0.0038483350132083594
2024-10-21,-0.012753547650515284,-0.00019900127714245208,-0.01747085591519726,-0.0015445039727255416
2024-10-22,-0.00371902410695657,0.01078732362833379,0.0009753822907629939,-0.0006897035076898206
2024-10-23,-0.0062867520366650664,-0.012050555849465017,-0.0027076609496773374,-0.009120511928509822
2024-10-24,0.007908156665856758,0.007693259346016168,0.006408000303264938,0.0022588585721416976
2024-10-25,-0.00392301483930535,0.0020569789010425055,-0.005611721966136907,-0.00039432735447808565
2024-10-28,0.0102402316143686,3.945407605776552e-05,-0.002713398384042831,0.003118840231961073
2024-10-29,-0.003898856475747059,0.010894858433216914,0.0015235257231211996,0.0015918299842885286
2024-10-30,-0.009588883785025315,0.005505891218995584,0.0029337649429244106,-0.0030109126342068304
2024-10-31,-0.007113162411762519,-0.015495166963743978,0.0016252710017083949,-0.019674775104907782
2024-11-01,0.003581981110968524,-0.0041023758773532926,-0.0140984313734962,0.004342869223971757
2024-11-04,-0.0017845981585895565,0.0014259144001700363,0.015521850176157592,-0.002171578457181411
2024-11-05,0.009137958487614783,0.002254447895034817,0.005311846719160851,0.012027415721775903
2024-11-06,-0.02795275133278874,-0.030386729020158154,-0.02738832228427679,0.02490099210819019
2024-11-07,0.018226018825161505,0.016076503855530166,0.012527587550234642,0.007785811669029918
2024-11-08,-0.01829756416720496,-0.006769426092267161,0.012701289903399582,0.004420000250566991
2024-11-11,-0.0036466482793300337,-0.02347155656813127,-0.004865557936768128,0.0008181294306839337
2024-11-12,-0.02074032529353209,-0.008631355179477884,-0.01499340146328465,-0.0029979221883971174
2024-11-13,-0.005191012335332146,-0.010081225320474285,-0.009485853502243069,0.0005104746743991306
2024-11-14,0.008557733536030954,-0.0026091417886487944,0.005790334486774018,-0.006357005705835195
2024-11-15,-0.0028972912374529702,-0.0017720694429753658,-0.002657097768421157,-0.0129044028258688
2024-11-18,0.0033209184539280123,0.019020246289590537,0.0017763008416016302,0.004141263631423087
2024-11-19,-0.005999267652927243,0.008959325127211537,0.0050973072892388505,0.0036431582433864573
2024-11-20,-0.004786563906863939,0.005632045702723465,-0.003197242343263018,0.00036850895096396385
2024-11-21,-0.002091083897932111,0.008339500390982302,-0.0007744090185191066,0.005046839221235944
2024-11-22,-0.0004191267830341294,0.012892210445830665,0.00055347371821024,0.0033539121317536225
2024-11-25,0.005240987036290168,-0.029458856541118794,0.0258879862147654,0.0032146700674600126
2024-11-26,-0.006673611631378917,0.0019383092584315254,-0.0038822836485767898,0.005607929740500728
2024-11-27,0.004618853957922164,0.002222714763140843,0.006928964968958562,-0.003186612321620319
2024-11-29,0.015047070853315025,0.008624546377060671,0.010321173888853341,0.005267475243296849
2024-12-02,0.002882295443629612,-0.008754403389975018,0.0024028407783123207,0.0028186972381589737
2024-12-03,0.006774915229097678,0.002012776164397767,-0.008629158980994256,0.000234268662673065
2024-12-04,0.007137088074613329,0.003033679807253664,0.010745837378248746,0.006304675862150999
2024-12-05,0.012755638571034345,-0.007397709454119217,0.002019862755177071,-0.0016647228341970521
2024-12-06,0.003398484050788797,0.0003705687954560499,0.0014855445490362662,0.0019901971691769216
2024-12-09,-0.0003984204253565382,0.009919751769426055,-0.009217338998544267,-0.00520737665567772
2024-12-10,-0.008770183073631421,0.01316431251835759,-0.004704420785318519,-0.002842232908967124
2024-12-11,0.003217411131356318,0.009533812345188464,-0.00945472593332064,0.007576779422695079
2024-12-12,-0.006213696649894351,-0.014663722649505995,-0.012147083926538182,-0.0051561527938864815
2024-12-13,0.006252548086995935,-0.012091578404740733,-0.010210951536152146,-7.227588107838745e-05
2024-12-16,-0.005211495298575897,0.002415209844427002,0.0029949580756896133,0.00392360695285876
2024-12-17,0.0002015388608087587,-0.0038386247250202787,0.0024330358704272026,-0.004195037082079689
2024-12-18,-0.025382876998821025,-0.01918507783771317,-0.012504226544028718,-0.02936356122434547
2024-12-19,-0.0024802890197100913,0.0014210967336203417,-0.015141442370415592,-0.0003711736095447504
2024-12-20,0.0004144370816643317,0.010434056495473909,0.0056941904664638,0.011318692470014824
2024-12-23,0.005755986126640078,-0.004708795377563968,-0.009172142578445897,0.007158106126420316
2024-12-24,0.003512551954878873,0.001992014086009908,0.004228518419462812,0.010288974185717947
2024-12-26,0.004323633835906726,0.006751179863859091,-0.0005689649809969,-1.821597057105606e-05
2024-12-27,-0.004100062487999989,-0.0068705038771271765,-0.008198598524433054,-0.010365188511180512
2024-12-30,-0.008233802062959428,-0.0031896811646235923,0.008036679303634386,-0.011131861386845077
2024-12-31,-0.0006226142841401217,0.006233636577161361,-0.005353000859346757,-0.004029537918205706
2025-01-02,-0.010176671551475613,0.013587714119632333,0.0027482937005121055,-0.002505677836674436
2025-01-03,0.005875029128352027,-0.007864039973028869,-0.0031976794165202715,0.012912732132458249
2025-01-06,0.02565690098624862,-0.0012320959587239777,-0.00446779004780129,0.005822896305150982
2025-01-07,0.0030506367623495123,0.005633435188264313,-0.011277321856392852,-0.01124972570158811
2025-01-08,-0.004460599913333474,0.005315681488123669,0.0012803219356365414,0.0013483754968575123
2025-01-10,-0.008350223768559983,0.009558310004399662,-0.006625782485860654,-0.015217364384318088
2025-01-13,-0.0039022221820513847,-0.009951255605703757,-0.00035081453793062156,0.0012922694598969109
2025-01-14,0.009484478526909035,0.005249423200524461,-0.0016388903282483769,0.0012719967115761843
2025-01-15,0.010212431519173615,0.007488993695735191,0.01723539812481234,0.018290045854022496
2025-01-16,0.015365968737111046,0.006910965874952435,0.003227250636910206,-0.001485921551918401
2025-01-17,0.004181579159946214,-0.005307269747253374,0.0017231715908512246,0.009591483617803931
2025-01-21,0.022407245157619604,0.01548521901629396,0.008946110679625585,0.009099761144704344
2025-01-22,0.002133444282264474,0.005135652699768123,-0.005228992712225655,0.0056812588974624045
2025-01-23,0.0077414773057224995,-0.0014148699521492336,-0.007770410335787403,0.005541364983072672
2025-01-24,0.001728455466455614,0.006218705580030903,0.0044915522010189335,-0.0030141703032828815
2025-01-27,0.0015337964457218245,-0.0104048052682425,0.011809055738983165,-0.013917354331591247
2025-01-28,-0.00612563690012724,0.008656417783572623,-0.0006799107558024264,0.008381188572119447
2025-01-29,0.002311291113646252,-0.0038404097330004827,-0.002040934482078427,-0.004389715185732834
2025-01-30,0.010568829429586923,0.01514551884715587,0.0037492879495355513,0.0052220737668045025
2025-01-31,-0.008937194300674856,0.0019763991077348386,-0.006565251074541201,-0.0053385324131247636
2025-02-03,-0.018419069996472914,0.005337271410283728,0.008142107357555384,-0.006560467336965692
2025-02-04,0.021501249371560505,0.00984841707528572,0.0030625146413707505,0.006640090773576857
2025-02-05,0.00593198326302935,0.006209542410714253,0.016510082200505982,0.0041021943712415965
2025-02-06,0.00836966876726497,-0.0026502562908058414,-0.00044490352804416045,0.0035994387323459165
2025-02-07,-0.010563964919663715,0.0017841598670260694,-0.006455288346406407,-0.009719736144351176
2025-02-10,0.008770204219336497,0.016938239196991,-0.0030246181780320125,0.007153294038715341
2025-02-11,0.010395122165520965,-0.0036516022155236305,-0.006404259404615642,0.0008989741099256765
2025-02-12,0.012719676857480211,0.0010471549570203464,-0.013570233704355728,-0.0033055615981760766
2025-02-13,0.009604735033281298,0.009862831092105617,0.016622709271675085,0.010562101673365465
2025-02-14,0.006769128388809387,-0.014871773334245608,0.0053000715214521765,3.570012207898543e-05
2025-02-18,0.005451564313097235,0.01656090548123368,-0.011777920877460213,0.0028893893379515756
2025-02-19,-0.016266017697694535,0.000554096378723612,0.0012486439552656936,0.0024186484995900592
2025-02-20,0.006797731918586569,0.0005168326664386491,0.0037409830689389967,-0.004204639693686674
2025-02-21,-0.006386949640743711,-0.0009225433005247696,0.012085139659721689,-0.017014162022646828
2025-02-24,-0.0025710550429292045,0.005429568123388684,0.002901499773941607,-0.00473024127768118
2025-02-25,0.010311171614554304,-0.013188334192659745,0.017246860306074474,-0.004971420951599526
2025-02-26,0.002915940178895182,0.0015263333689308212,0.005906882256735635,0.0006221718427481537
2025-02-27,-0.021442897179350218,-0.015239958822878874,-0.007068605593973487,-0.016058515322071365
2025-02-28,0.0038997756687311202,-0.006265820058134697,0.01226616257493962,0.01553995655389162
2025-03-03,0.019607850392703075,0.013180390342641513,0.004666918187087532,-0.017224133789834006
2025-03-04,0.0029027148498557143,0.008697635934455272,-0.012314985255891586,-0.012050119085273203
2025-03-05,0.032018813327129525,0.0020813110966888537,-0.007984417509198094,0.011216832631680607
2025-03-06,-0.008764253386271736,-0.005081207410422395,-0.0033076687535211757,-0.01813934477618462
2025-03-07,0.01237845669719162,0.0005219558189655249,-0.00320778744843242,0.005392313306775698
2025-03-10,-0.027074221892503636,-0.008755937163287819,0.0104317542842145,-0.026439538485541036
2025-03-11,0.001615811044344273,0.011727541035094546,-0.00713916975673623,-0.008205452664588053
2025-03-12,0.0001792050952476032,0.004346793335703092,-0.005973220666070422,0.004850617951815295
2025-03-13,-0.01146958056385361,0.017756144523255468,0.008791255904554651,-0.013060665600233112
2025-03-14,0.023930396380938967,0.00039975774946587883,-0.005294956086966951,0.02053056242407192
2025-03-17,0.011508577758356564,0.0054135329342379634,0.004990710303900858,0.007633354407791115
2025-03-18,0.003850879707873789,0.011671955843306048,0.000992880410648933,-0.01054834727220022
2025-03-19,0.0017436534363401979,0.004107707999658539,0.005181511962466745,0.010505852328515086
2025-03-20,-0.015491817143632347,-0.0012805854303336028,0.0006580333147416795,-0.0023017963956190046
2025-03-21,-0.009724079689735987,-0.008049901213267985,-0.005918583488060736,0.00024989823608412287
2025-03-24,0.00010735786368853972,-0.004452548665506595,-0.010253495338697127,0.017548844333177938
2025-03-25,0.009665312969573181,0.004400365088198743,-0.00011136464424243986,0.002380356330136779
2025-03-26,-0.019322775828679584,-0.0008259812019960622,-0.0065731473741095225,-0.011665122734414113
2025-03-27,-0.0007230457711632221,0.013405732882559862,-0.00291578407283144,-0.0027513128679967913
2025-03-28,-0.0048843069272054285,0.007412123023167849,0.013834186489646072,-0.01997290182259015
2025-03-31,-0.010907096511091341,0.014363222998346137,0.009873475246881869,0.0060885534346510894
2025-04-01,0.0038595512618033734,-0.0019782303576065807,0.008665674984062344,0.003677613058621132
2025-04-02,0.005309483019984462,0.0020516615880092903,-0.0006558451479585781,0.006029533002130272
2025-04-03,-0.024221509361319615,-0.006038278082531101,0.004593751785403555,-0.047696112100194865
2025-04-04,-0.061776639452157944,-0.02339226273628292,0.010886998574946238,-0.05795692176317624
2025-04-07,-0.027452029732945138,-0.02148580630415131,-0.03015595825099071,-0.004210329932711199
2025-04-08,-0.013704101909775779,0.005443793790763651,-0.01887829257616669,-0.014712201400722269
2025-04-09,0.09062643937165893,0.03699125081478161,0.005885605470193012,0.09274416678104624
2025-04-10,-0.015782560992820605,0.0244235794430141,-0.027568207199888062,-0.034141480324483386
2025-04-11,0.019126749086356476,0.019086664805096243,0.005438555076545448,0.017611934122639727
2025-04-14,0.006824682537545312,-0.005705977012200658,0.007135225540254364,0.010049934287021278
2025-04-15,0.006590063588794326,0.005232379352138938,0.0035424762128988263,-0.002805278795052879
2025-04-16,-0.00299295828526136,0.0325408102664011,0.0055795459009708726,-0.021979916384718523
2025-04-17,0.008818141983113481,-0.004390692094044635,-0.00883227103789297,0.0013864708493718236
2025-04-21,-0.0119025885898294,0.03093558529908469,-0.01747979349935247,-0.023827133555265223
2025-04-22,0.027291618834364595,-0.014195668551963636,0.005581228644386815,0.02523451301988966
2025-04-23,0.012641934627311668,-0.023978630729734163,0.009713291169765048,0.016064767650097345
2025-04-24,0.014293505342484636,0.014556277018207942,0.010535916607493867,0.021013236636419297
2025-04-25,0.006600030493217002,-0.010841679678267213,0.007366477433864427,0.007364405267680452
2025-04-28,0.004607421288030045,0.01424210344049559,0.006299839028206966,0.0006126002758108928
2025-04-29,-0.0031752161114309008,-0.009738925467677184,0.008384531545637675,0.006062069485177846
2025-04-30,-0.004600969778058572,-0.007482221012837353,-0.008093223766831414,0.000490719731188749
2025-05-01,0.0008889352986907184,-0.02077228754256477,-0.005070672417616717,0.007081989964380808
2025-05-02,0.019715830201209483,0.0017481999132260562,-0.010824067328078835,0.014337274603110073
2025-05-05,0.002264420729774619,0.029867754776654154,-0.005585488472709899,-0.0052237282497824555
2025-05-06,-0.0012165113503033176,0.02802400275899264,0.00332425923987012,-0.008513647398305735
2025-05-07,-0.004524113061583401,-0.014993060801348546,0.004227266068953295,0.004517362481249343
2025-05-08,0.0006991591049396728,-0.0196942722998793,-0.01114918774255802,0.006668063138539848
2025-05-09,0.008733661586783903,0.007254674259445482,0.001495719255575123,-0.0013285958655542274
2025-05-12,0.0046752642295058155,-0.028190568373488878,-0.009304807193275422,0.03329802140322191
2025-05-13,0.008272986903768986,0.004258992599597278,-0.004058550843695219,0.006568020368700189
2025-05-14,-0.002393096281471885,-0.021037827999516923,-0.0066364298767392915,0.0012419421609792813
2025-05-15,0.004626465111670974,0.015963953531585195,0.008790511857293959,0.004906439422178055
2025-05-16,0.002899459167356566,-0.012087047232674286,0.0026722326304879918,0.006448498920703871
2025-05-19,0.011394582417501242,0.012880671121226372,-0.0028969896888709767,0.0010252625555540185
2025-05-20,0.004371965580919568,0.0186222454642182,-0.007205097101945057,-0.003547755987978185
2025-05-21,-0.004018103847267973,0.007378683875855163,-0.017089811974004276,-0.01671927987791655
2025-05-22,-0.0005042724987165403,-0.008861493387459118,0.005239811110036907,0.0004666494236080787
2025-05-23,-0.011099927736820336,0.021906288045034472,0.001658635256060359,-0.006753552872918012
2025-05-27,0.01649668590273401,-0.016949152542372836,0.013956381155411535,0.020548516613378753
2025-05-28,-0.01204617706772726,-0.0022660178699712707,-0.004316020902808471,-0.005705560299041457
2025-05-29,0.004572337167547236,0.0059247154716217665,0.00925487853237783,0.0038501102332988424
2025-05-30,-0.0021915103878291653,-0.006576942326457891,0.0015088066013215773,-0.0010324827125681724
2025-06-02,0.012502170773248222,0.026581051258171673,-0.009306484883835897,0.005814132316104059
2025-06-03,-0.006507545106244295,-0.008855551213511115,-0.001761405166895491,0.005670933736223738
2025-06-04,0.006550170637118935,0.006441974072654677,0.0162333511244126,-0.0006387967695942187
2025-06-05,0.0,-0.00504987891618125,0.0006943818256957002,-0.004674420530213275
2025-06-06,0.0035039910448679823,-0.013416073696802311,-0.012723886665728656,0.010218376531065942
2025-06-09,-0.0013301927479016928,0.004718534884218695,0.0010544527103155676,0.0010714055098861586
2025-06-10,0.0016649556468040227,0.000293510988597534,0.005149661599177291,0.005696285177005045
2025-06-11,-0.0013296842134308262,0.005412290790508978,0.0030275747724755053,-0.002759939357316221
2025-06-12,0.005492590724316848,0.0124202002480438,0.011957460982117807,0.0037804887340540105
2025-06-13,-0.02002977178924803,0.013100564311248064,-0.009636385753126087,-0.011136336034377137
2025-06-16,0.009797363562648265,-0.01425909653729851,-0.010077674508303436,0.00965802500060109
2025-06-17,-0.016393522504047242,0.0005131941200071655,0.012169531911050857,-0.008518828461238748
2025-06-18,-0.0013604387769636794,-0.005385627565021256,0.0017341184434773727,-0.00020015538823947576
2025-06-20,-0.003746693993601391,-0.00041901914110908933,-0.0018465304330537169,-0.0027675471319321687
2025-06-23,0.010099242829629596,0.0030631724583116693,0.0032371970936981853,0.010297454239223125
2025-06-24,0.016031803216584484,-0.015719378751237634,0.007260654033281799,0.010987205084158624
2025-06-25,-0.007804613234385083,0.003037305817845004,0.001258751241504985,0.0005004987270500472
2025-06-26,0.006155991759411172,-0.0011070472235482631,0.00502794019716557,0.007914880750531816
2025-06-27,0.011046876440744535,-0.018123728993798327,-0.006367465325229138,0.004963200394596301
2025-06-30,0.004034274409414618,0.01198454729743359,0.00984100201634841,0.004998018515056435
2025-07-01,-0.003850563103536042,0.008923010663382636,0.002479499425148468,-0.00045760097064895255
2025-07-02,0.0089074752345919,0.005527596405484614,-0.0063533874828507475,0.004438444723546819
2025-07-03,-0.0018324583243143344,-0.006822911403597365,-0.006965300157660059,0.00864469335703566
2025-07-07,-0.005173461386537848,0.000748780548875283,-0.00954345134409973,-0.008014367435701941
2025-07-08,0.011407433051227933,-0.010443411868664265,-0.0012770655850118384,-0.0006659272525614268
2025-07-09,0.015757155587551974,0.004471282664348264,0.01046158830467947,0.005927377148337243
2025-07-10,-0.006858265602608604,0.0022257895319868215,0.0006900833093630432,0.0029288377690446232
2025-07-11,-0.012167031186809174,0.009601575193336043,-0.013794542286653555,-0.0035981849663948573
2025-07-14,-0.0006657109378784831,-0.0036553174266280575,-0.0020981333391091317,0.001971340046892811
2025-07-15,-0.012491732606274675,-0.004155705135267751,-0.007008638452113969,-0.004335339825805806
2025-07-16,0.0026986547161642616,0.004988096125243757,0.0014115270184191786,0.0032874769073700794
2025-07-17,0.003027708451226463,-0.0021735334020257513,-0.0002348288209852445,0.005995846694303086
2025-07-18,-0.0065403534975728705,0.002600924347578637,0.0015274986935989165,-0.00045056057931969207
2025-07-21,0.0035449697488287857,0.015370115792427752,0.008915736573847699,0.0017854994324508766
2025-07-22,-0.00016835611423282604,0.009484882235462067,0.006046392117897703,0.0
2025-07-23,0.023721449524631844,-0.01240118112003663,-0.005547385172431696,0.008495497832796461
2025-07-24,-0.013147027765515795,-0.006118276977772341,-0.0017434260346221864,0.0006862602788058059
2025-07-25,0.0043297394165133785,-0.0092499926477293,0.006286978110227048,0.003977622314242035
2025-07-28,-0.019399831160659686,-0.00647361832754334,-0.006479181024253489,-0.0002390806983307847
2025-07-29,0.0023672210429246388,0.002750389076383808,0.016885925681071612,-0.0025964444512893703
2025-07-30,-0.007253664482333555,-0.017273497289540862,-0.0051532430081114855,-0.0012158295165036748
2025-07-31,-0.016652469543860016,0.0066454015709211944,0.0005754972768523547,-0.0037550653726787786
2025-08-01,-0.012441694470530229,0.020299689958884537,0.014216521628076295,-0.016470962122335453
2025-08-04,0.012948292374241888,0.005823229257701401,0.0027326745950388975,0.015206923416176465
2025-08-05,0.0024184711648742585,0.0008040912066364925,0.0030662659373661416,-0.004809312602232052
2025-08-06,0.008271616130802517,-0.00212110700071233,-0.005773789398863749,0.007430617141912288
2025-08-07,0.013672885024869741,0.008437987494967825,-0.001708035188068724,-0.0006018036058313969
2025-08-08,0.004046451800395312,-0.00022357985855403495,-0.004334638181164752,0.007655306077850144
2025-08-11,-0.007892411962091006,-0.014374701087597641,0.0011458479009394118,-0.0020486583507156597
2025-08-12,0.009817121557552655,-0.0009074665058316222,-0.0050351020998445906,0.010675188448601824
2025-08-13,0.010727410149502514,0.0030492830145867345,0.008280786587551825,0.0034868027609673558
2025-08-14,0.004146000814518214,-0.006338706734070332,-0.0074142707876111436,1.687550450735209e-05
2025-08-15,0.00677125078936891,0.0005858183101099534,-0.007124630187178682,-0.002158986445136013
2025-08-18,-0.005905486764561263,-0.0015612675411803556,-0.0028936654813734863,-0.0003550419771108926
2025-08-19,0.0028052200778410086,-0.005473279447945512,0.005803848319947624,-0.005462027613926335
2025-08-20,0.0023038553091199176,0.010122175284489776,0.0021926936974581146,-0.0026354958736045653
2025-08-21,-0.00788050987895128,-0.0034698951143765644,-0.00495150161645963,-0.0039380540569905476
2025-08-22,0.015555153933527022,0.01070642694476942,0.007406501836228596,0.015301226379067279
2025-08-25,-0.018901727422051873,-0.0024148368614391735,-0.002871967129752351,-0.004231131395353027
2025-08-26,-0.0041521328354598985,0.007262047243691283,-0.0005760662004578032,0.003995060356116964
2025-08-27,-0.0015010759583895528,0.0020187288833615202,-0.00115270451445737,0.002293176025887078
2025-08-28,0.005344957116155902,0.007419038046796889,0.006578357331449514,0.0035329818913640842
2025-08-29,-0.006479438065580823,0.00964990177666114,-0.007108840425921192,-0.005766772198780856
2025-09-02,-0.011203949294848359,0.023642559312442524,-0.007441480192030725,-0.0073683826898246485
2025-09-03,0.0030440937466129636,0.007831992196408066,0.010977692627576863,0.005112853602762701
2025-09-04,0.003709341052183124,-0.004418882618094533,0.007623916299342781,0.00823037794300463
2025-09-05,0.0011757904045026635,0.01334594055214322,0.015246820811197326,-0.002732278053259929
2025-09-08,0.009395933629954722,0.011388067271604019,0.01332430542292129,0.0025884255019854585
2025-09-09,-0.0004985867406791522,-0.002269905468609168,-0.005683070273334367,0.0024307952217310635
2025-09-10,-0.005155523369727577,0.0035922056391106683,0.005715552157898651,0.002893273588173484
2025-09-11,0.010531664900202076,-0.0014913797811720864,0.006685975447733528,0.008154392495030027
2025-09-12,-0.00033088292473026915,0.0019715725978484144,-0.004316941361920401,-0.00021512504781828756
2025-09-15,0.011252770749032193,0.01040483601055886,0.002334795872372064,0.005211519247566576
2025-09-16,-0.002291036949349068,0.0020064107533963593,0.0021071065321713878,-0.0013168597793354886
2025-09-17,-0.006068548538654461,-0.007715171664187115,-0.0025454510904602268,-0.001153517225053191
2025-09-18,0.0128713291782514,-0.0040063094596702875,-0.010319623990453386,0.00470233793313346
2025-09-19,-0.0014663491193703804,0.010607227252210416,-0.0019062461957510823,0.004663900117003239
2025-09-22,0.0010289615707557154,0.01730643093326134,-0.0035945875287152207,0.0048708890864042065
2025-09-23,0.002936859156287497,0.004086375052867464,0.00698991823723194,-0.00523774900152274
2025-09-24,-0.005368485940924095,-0.009063049726670935,-0.003806587685489471,-0.003335919207619664
2025-09-25,-0.008014394085782417,0.004165188877066628,0.0,-0.004774413738347416
2025-09-26,0.014179634382203377,0.00577227044053652,-0.0008990954108616389,0.00588534551207287
2025-09-29,0.003739298940774738,0.016496514338703028,0.008211438667014681,0.0028105788857297753
2025-09-30,0.006154797102255749,0.008540004081594166,-0.0029006698171510914,0.0036878503503250393
2025-10-01,0.0122344205952023,0.0015753722020723782,0.002582523898818634,0.003576155171125528
2025-10-02,0.006997452620306044,-0.003482825151325697,0.0029119050476775765,0.0011065083694037359
2025-10-03,0.0022110274126980745,0.008032937892485048,-0.0018984541525489673,8.117236516347326e-05
2025-10-06,-0.005357756540272041,0.01884573861512795,-0.007943689726322534,0.0034130659486448778
2025-10-07,-0.01093157581974269,0.005159462258136571,0.005751797280322046,-0.003563335683556268
2025-10-08,0.006567425651510028,0.01649095687844504,0.0007848081882957381,0.005803044621503384
2025-10-09,-0.010502890916739283,-0.018452848086064955,-0.0007841927474063759,-0.002698978239687011
2025-10-10,-0.017529737908903886,0.010097700011942212,0.016147011023019964,-0.02688380259026757
2025-10-13,0.008839422192060908,0.02430104394061705,-0.0005518068198883119,0.015153735427828607
2025-10-14,0.006328079892548466,0.007141189222626965,0.0032021241380637555,-0.0014106778769343853
2025-10-15,0.002579800388843978,0.017332403569977117,-0.0022013095922124304,0.004402494919089284
2025-10-16,0.009006193374588856,0.02338727694573084,0.007500667502617686,-0.006607579454715351
2025-10-17,0.0028689221432811607,-0.01881705572696646,-0.0015327583632239739,0.005548365707924496
2025-10-20,0.007628759850577982,0.03640197438905224,0.0038375611645238283,0.010495181016741961
2025-10-21,-0.007886473787026449,-0.06426889260666147,0.0049153798820695815,-0.00012971121095994853
2025-10-22,-0.005723311458872948,0.00010605594835544352,0.0006522701169713319,-0.005056000600341393
2025-10-23,0.00687562048717405,0.004002358382396931,-0.006843339359629441,0.0056517869375618535
2025-10-24,0.0004763450704592387,-0.0033528327110016187,0.0004374132580660106,0.008276045992638759
2025-10-27,0.009047613752979133,-0.027839530498784404,0.003389011811575582,0.011967006900055477
2025-10-28,-0.0012584491164385758,-0.007166030388359279,0.0026150757160259275,0.002682439983301199
2025-10-29,-0.002835093722908799,-0.0037872684129753864,-0.01010661126904544,0.00041167652266205224
2025-10-30,-0.007581703677266627,0.01964188672951095,-0.0058182942615149225,-0.010617916472143607
2025-10-31,-0.005570614431191778,-0.005430550723012573,-0.002981450926718976,0.0028788632833440797
2025-11-03,0.0009603495815280194,0.0017929035935666526,-0.0025010226830800564,0.001961690709285424
2025-11-04,-0.010873081534689688,-0.017517195825319742,0.002228676000586738,-0.011587531626996439
2025-11-05,0.008567699630058323,0.011564369498527016,-0.010896149263818877,0.0030114149763156295
2025-11-06,-0.007212729900943793,-0.0012005195756799036,0.008992690389358238,-0.010628430168318048
2025-11-07,0.0037132767111389686,0.006119021470095687,-0.0021165112585895818,0.0010548446257634403
2025-11-10,0.013189719316795578,0.02734111859838051,-0.0002233698626032954,0.01552948640892926
2025-11-11,0.00968403714970556,0.003937814406542062,0.0045783866272472995,0.0022984704943447287
2025-11-12,0.009591156038321724,0.016110762091908537,0.001778510362463681,0.0004937886584541751
2025-11-13,-0.007631150437386491,-0.008083098515826892,-0.008211094641844552,-0.016284042716389058
2025-11-14,-0.008003781137902122,-0.018047911171504505,-0.005706052972516251,-0.00025897855430379035
2025-11-17,-0.015820297457920685,-0.011463979297139493,0.0024755341736502068,-0.009371591553896108
2025-11-18,-0.012377379094820284,0.007264932736103624,-0.0003368157411482997,-0.00823466770554171
2025-11-19,-0.001790411534148273,0.0016294519610446923,-0.002021132250569324,0.003624489607097825
2025-11-20,-0.014185508586514795,-0.0002933255655774847,0.003938032202213115,-0.015167435758329795
2025-11-21,0.00992390034532975,-0.0015473311468576778,0.003025789395010081,0.009950537782298596
2025-11-24,-0.0013101802989592404,0.01584423909859023,0.0056983149675498,0.014869707886471684
2025-11-25,0.016234807803216844,-0.00031569077041548876,0.0025551885119019513,0.009301675837793733
2025-11-26,0.012264033702001687,0.007998338908444147,0.004432742665395173,0.00691213765896137
2025-11-28,0.005579432394843931,0.012424331348639184,-0.004744062020493378,0.005536426487820378
2025-12-01,-0.001585296311571227,0.004821066034977672,-0.012448666791076368,-0.004598820299210438
2025-12-02,0.007939067332014771,-0.006440050713598433,0.00045057930802672175,0.001694451223540172
2025-12-03,0.006301166346106335,-0.0009296182229129313,0.002814985189205421,0.003495208339045819
2025-12-04,-0.000782660180846162,0.0006461951944911615,-0.00538961051575837,0.0008428465334728852
2025-12-05,0.00015664238188617396,-0.0017823532991587676,-0.004628655081608035,0.001875089965078569
2025-12-08,-0.0006266552912864709,-0.002639449868615862,-0.0032891532865310102,-0.002965989331346064
2025-12-09,-0.0028212570271509696,0.005137202012788666,0.001024294555828753,-0.000811321431209433
2025-12-10,0.010374122513628459,0.004259147967166088,0.003864753388308273,0.0064639781579087785
2025-12-11,0.010423090033131022,0.010769830543307712,-0.001358601153760186,0.002451954749838059
2025-12-12,-0.007852148438406092,0.005594579039939429,-0.009638359966402499,-0.0107935606535432
2025-12-15,0.004500417412682589,0.0009103412637567754,0.0006869348308735646,-0.0014516026520408065
2025-12-16,-0.002935368273731531,0.00022745542760316262,0.005491886164251225,-0.0027957681480955676
2025-12-17,-0.0114658379572109,0.008588228474273762,-0.0009101062059041487,-0.010989991009794475
2025-12-18,0.007680313476274403,-0.0018032036998043566,0.004783529717359292,0.00754838862840046
2025-12-19,0.005133004142900743,0.0011289903434381632,-0.0037323867387012433,0.008922705591405178
2025-12-22,0.002090182265831464,0.02308160549906857,-0.0021702082501557918,0.0062976235765976885
2025-12-23,0.002179371792439877,0.013252341857567629,0.0016024560351346473,0.004668768891698205
2025-12-24,0.002329967656992782,-0.004134082564786756,0.006057208280190185,0.003335033477966931
2025-12-26,0.0029443276557019615,0.011676735474757116,-0.0032943383015527905,9.460787358062106e-05
2025-12-29,-0.00618040639498163,-0.0435283019531133,0.0037612033207801154,-0.003528501166139675
2025-12-30,0.006374442163882055,0.0007275678386380324,-0.002384483909603663,-0.0013911019369718947
2025-12-31,-0.005252719110692583,-0.006467991163222386,-0.00796721810201595,-0.007265852960085639
