Date,FEZ,GLD,TLT,VOO
2021-01-04,35.668365478515625,182.3300018310547,131.19808959960938,313.6644592285156
2021-01-05,35.89749526977539,182.8699951171875,130.22377014160156,315.7276611328125
2021-01-06,36.474578857421875,179.89999389648438,127.55049896240234,317.64276123046875
2021-01-07,36.49155044555664,179.47999572753906,126.42623901367188,322.38897705078125
2021-01-08,36.66127014160156,173.33999633789062,126.01815032958984,324.2022705078125
2021-01-11,36.101173400878906,173.0,125.8099365234375,322.0836486816406
2021-01-12,36.160579681396484,174.1199951171875,125.71003723144531,322.111328125
2021-01-13,36.084205627441406,173.3699951171875,127.12574768066406,322.9162902832031
2021-01-14,36.31333923339844,173.27999877929688,125.93486022949219,321.82464599609375
2021-01-15,35.608970642089844,171.1300048828125,126.4345474243164,319.53009033203125
2021-01-19,35.889015197753906,172.5800018310547,126.8426284790039,322.055908203125
2021-01-20,36.10966110229492,175.38999938964844,126.96761322021484,326.4319152832031
2021-01-21,36.19452667236328,175.27999877929688,126.07640838623047,326.73736572265625
2021-01-22,35.97386932373047,173.89999389648438,126.4844970703125,325.57159423828125
2021-01-25,35.625938415527344,174.0500030517578,127.97520446777344,326.8945617675781
2021-01-26,35.931453704833984,173.6199951171875,127.73370361328125,326.4042053222656
2021-01-27,34.93003845214844,172.52000427246094,128.0585174560547,318.4847717285156
2021-01-28,35.3543701171875,172.67999267578125,127.35065460205078,321.1585388183594
2021-01-29,34.590599060058594,172.61000061035156,126.58448028564453,314.7284851074219
2021-02-01,35.065834045410156,174.22999572753906,126.73115539550781,319.9002380371094
2021-02-02,35.59199523925781,172.11000061035156,125.91415405273438,324.4984130859375
2021-02-03,35.68533706665039,171.85000610351562,124.79692077636719,324.822265625
2021-02-04,35.80414581298828,168.14999389648438,124.46333312988281,328.4580993652344
2021-02-05,36.160579681396484,169.80999755859375,123.42110443115234,329.77197265625
2021-02-08,36.372737884521484,171.52000427246094,123.96312713623047,332.2051696777344
2021-02-09,36.44063186645508,172.0800018310547,124.05484008789062,331.936767578125
2021-02-10,36.253929138183594,172.7100067138672,124.88026428222656,331.8073425292969
2021-02-11,36.56791305541992,171.2100067138672,124.19657135009766,332.3439025878906
2021-02-12,36.805545806884766,170.69000244140625,122.65406799316406,334.0369873046875
2021-02-16,37.03468322753906,168.24000549316406,120.78649139404297,333.7224426269531
2021-02-17,36.70370864868164,166.3300018310547,121.55357360839844,333.7965087890625
2021-02-18,36.65278244018555,166.32000732421875,121.06161499023438,332.3716735839844
2021-02-19,36.85646057128906,167.00999450683594,119.45250701904297,331.7610168457031
2021-02-22,36.78858184814453,169.50999450683594,118.54366302490234,329.1520690917969
2021-02-23,36.83100128173828,169.1199951171875,118.20184326171875,329.56842041015625
2021-02-24,37.11105728149414,169.0,117.42646789550781,333.21368408203125
2021-02-25,36.406681060791016,165.82000732421875,115.50880432128906,325.22003173828125
2021-02-26,36.050254821777344,161.80999755859375,119.3274154663086,323.4344482421875
2021-03-01,36.729164123535156,161.52999877929688,117.75138092041016,331.3262634277344
2021-03-02,36.771602630615234,162.41000366210938,117.759765625,328.7634582519531
2021-03-03,36.55095672607422,160.6199951171875,116.48258972167969,324.4244079589844
2021-03-04,36.1690673828125,159.0399932861328,115.73126983642578,320.4276428222656
2021-03-05,36.33030700683594,159.13999938964844,115.95667266845703,326.3025207519531
2021-03-08,36.51700210571289,157.49000549316406,115.05513763427734,324.70196533203125
2021-03-09,37.03468322753906,160.83999633789062,116.64955139160156,329.2445373535156
2021-03-10,37.45051574707031,161.66000366210938,116.88326263427734,331.27996826171875
2021-03-11,37.8154411315918,161.52000427246094,116.04015350341797,334.7771911621094
2021-03-12,37.8154411315918,161.49000549316406,113.57759094238281,335.2489929199219
2021-03-15,37.64570236206055,162.1999969482422,114.24541473388672,337.1918640136719
2021-03-16,37.5862922668457,162.35000610351562,113.78630828857422,336.81256103515625
2021-03-17,37.968177795410156,163.50999450683594,112.93482971191406,337.91357421875
2021-03-18,37.509918212890625,162.55999755859375,111.79118347167969,332.9452819824219
2021-03-19,37.52688980102539,163.24000549316406,112.48408508300781,332.3531799316406
2021-03-22,37.54386901855469,163.0,113.74453735351562,334.9806823730469
2021-03-23,37.09389114379883,161.80999755859375,114.77133178710938,332.5197448730469
2021-03-24,37.000492095947266,162.3699951171875,115.3890151977539,330.67864990234375
2021-03-25,37.23823165893555,161.77999877929688,114.47911834716797,332.5381774902344
2021-03-26,37.713680267333984,162.24000549316406,114.07849884033203,337.9631042480469
2021-03-29,37.645751953125,160.30999755859375,113.1101303100586,337.7589111328125
2021-03-30,37.78159713745117,157.57000732421875,113.70279693603516,336.8953857421875
2021-03-31,37.79008483886719,159.9600067138672,113.06842803955078,338.2322692871094
2021-04-01,38.44383239746094,161.97999572753906,114.94499206542969,341.816162109375
2021-04-05,39.1230583190918,161.9199981689453,114.44342803955078,346.7462158203125
2021-04-06,38.72401428222656,163.22000122070312,115.22083282470703,346.55126953125
2021-04-07,38.78343963623047,162.75999450683594,114.41839599609375,346.987548828125
2021-04-08,38.97023010253906,164.50999450683594,115.36297607421875,348.6773376464844
2021-04-09,39.038150787353516,163.27000427246094,114.94499206542969,351.1841735839844
2021-04-12,38.893821716308594,162.27999877929688,114.8948974609375,351.34197998046875
2021-04-13,39.13154602050781,163.42999267578125,115.75582885742188,352.2982482910156
2021-04-14,39.11457061767578,162.72000122070312,115.3880615234375,351.16558837890625
2021-04-15,39.41172409057617,165.35000610351562,117.31900787353516,354.93511962890625
2021-04-16,39.963592529296875,166.35000610351562,116.40780639648438,356.17913818359375
2021-04-19,39.870201110839844,165.88999938964844,116.07344818115234,354.42437744140625
2021-04-20,39.11457061767578,166.47999572753906,116.60848236083984,351.8247985839844
2021-04-21,39.6749267578125,168.1300048828125,116.84249114990234,355.1300964355469
2021-04-22,39.56454086303711,167.0399932861328,117.35238647460938,351.8711853027344
2021-04-23,39.989070892333984,166.39999389648438,117.0765609741211,355.62213134765625
2021-04-26,40.048492431640625,166.83999633789062,116.90936279296875,356.3927001953125
2021-04-27,40.00604248046875,166.4199981689453,115.88955688476562,356.28131103515625
2021-04-28,40.15886306762695,166.91000366210938,115.96479034423828,356.1142272949219
2021-04-29,40.15037536621094,166.22000122070312,115.62207794189453,358.4909973144531
2021-04-30,39.45418167114258,165.66000366210938,115.88955688476562,356.12347412109375
2021-05-03,39.94660949707031,167.80999755859375,115.95902252197266,356.9312438964844
2021-05-04,39.14003372192383,166.5800018310547,116.74602508544922,354.7587890625
2021-05-05,39.78529739379883,167.27000427246094,116.93849182128906,354.8237609863281
2021-05-06,40.15886306762695,170.05999755859375,117.13101959228516,357.71112060546875
2021-05-07,40.76167678833008,171.58999633789062,116.55338287353516,360.264404296875
2021-05-10,40.30320739746094,172.11000061035156,115.37306213378906,356.7362365722656
2021-05-11,39.793785095214844,172.13999938964844,114.7200927734375,353.6073913574219
2021-05-12,39.386253356933594,170.42999267578125,113.51464080810547,346.0592041015625
2021-05-13,39.81925964355469,171.1300048828125,113.6904067993164,350.172119140625
2021-05-14,40.75318908691406,172.69000244140625,114.75360870361328,355.5478515625
2021-05-17,40.59186553955078,174.6999969482422,114.51081085205078,354.6936340332031
2021-05-18,40.53244400024414,175.0399932861328,114.21784210205078,351.6298522949219
2021-05-19,39.98057174682617,175.16000366210938,113.94154357910156,350.70135498046875
2021-05-20,40.70224380493164,175.9600067138672,114.8791732788086,354.44293212890625
2021-05-21,40.82958984375,176.0399932861328,115.24747467041016,354.1737976074219
2021-05-24,41.15223693847656,176.35000610351562,115.6744155883789,357.7482604980469
2021-05-25,41.20317077636719,177.9499969482422,116.74602508544922,356.9962158203125
2021-05-26,40.95695495605469,177.63999938964844,116.54505920410156,357.6460876464844
2021-05-27,41.05034637451172,177.7100067138672,116.07626342773438,357.8039855957031
2021-05-28,41.27109146118164,178.3800048828125,115.89205169677734,358.5003662109375
2021-06-01,41.44938278198242,177.89999389648438,115.8661117553711,358.2218017578125
2021-06-02,41.52579116821289,178.77000427246094,116.13434600830078,358.8252868652344
2021-06-03,41.220149993896484,175.27000427246094,115.69844818115234,357.46044921875
2021-06-04,41.50032424926758,177.16000366210938,117.28289031982422,360.7007141113281
2021-06-07,41.678611755371094,177.8699951171875,116.92243194580078,360.3944091796875
2021-06-08,41.62767791748047,177.32000732421875,117.74395751953125,360.4500427246094
2021-06-09,41.54277801513672,176.97999572753906,118.78350067138672,359.8836669921875
2021-06-10,41.5682487487793,177.74000549316406,119.49610900878906,361.5456237792969
2021-06-11,41.75503921508789,175.74000549316406,119.30326080322266,362.1769714355469
2021-06-14,41.85691452026367,174.7100067138672,118.38951110839844,363.0868225097656
2021-06-15,41.899375915527344,174.0500030517578,118.24695587158203,362.3255615234375
2021-06-16,41.48334884643555,171.11000061035156,118.1463394165039,360.3386535644531
2021-06-17,41.220149993896484,165.85000610351562,119.91524505615234,360.2085876464844
2021-06-18,40.337158203125,164.92999267578125,122.17030334472656,355.42718505859375
2021-06-21,40.90681838989258,166.9499969482422,120.12481689453125,360.4036560058594
2021-06-22,40.92400360107422,166.25,120.41824340820312,362.3162536621094
2021-06-23,40.520172119140625,166.13999938964844,120.10807037353516,361.92626953125
2021-06-24,41.009918212890625,166.0399932861328,120.30082702636719,363.9966735839844
2021-06-25,40.99272918701172,166.58999633789062,119.05176544189453,365.34295654296875
2021-06-28,40.6920166015625,166.5800018310547,120.27576446533203,366.10418701171875
2021-06-29,40.68342971801758,164.8300018310547,120.4769287109375,366.2655029296875
2021-06-30,40.236637115478516,165.6300048828125,121.01348876953125,366.600830078125
2021-07-01,40.339744567871094,166.1999969482422,121.02017974853516,368.66888427734375
2021-07-02,40.382694244384766,167.2899932861328,121.75048065185547,371.4729919433594
2021-07-06,39.8671760559082,168.1199951171875,123.17752075195312,370.7743225097656
2021-07-07,40.13352966308594,168.75999450683594,124.26874542236328,372.05059814453125
2021-07-08,39.420387268066406,168.64999389648438,124.75562286376953,369.0881652832031
2021-07-09,40.28818130493164,169.2100067138672,123.00125885009766,372.9822082519531
2021-07-12,40.502986907958984,169.0,122.84173583984375,374.33306884765625
2021-07-13,40.150718688964844,169.22000122070312,121.90156555175781,373.0660705566406
2021-07-14,40.37411117553711,171.0399932861328,123.28662109375,373.57843017578125
2021-07-15,39.91013717651367,171.07000732421875,124.64652252197266,372.3767395019531
2021-07-16,39.56644821166992,169.41000366210938,124.4114761352539,369.47943115234375
2021-07-19,38.604148864746094,169.61000061035156,127.13961029052734,363.9549560546875
2021-07-20,38.94783401489258,169.38999938964844,125.91411590576172,369.0975646972656
2021-07-21,39.69533157348633,168.75999450683594,124.31913757324219,372.19970703125
2021-07-22,39.807037353515625,169.08999633789062,125.49429321289062,372.9915466308594
2021-07-23,40.219444274902344,168.55999755859375,124.65487670898438,376.7179870605469
2021-07-26,40.305381774902344,168.16000366210938,124.28549194335938,377.677490234375
2021-07-27,40.142120361328125,168.44000244140625,125.61177825927734,376.00054931640625
2021-07-28,40.382694244384766,169.2899932861328,125.62020874023438,375.7955627441406
2021-07-29,40.6920166015625,171.1699981689453,124.92349243164062,377.4166259765625
2021-07-30,40.40847396850586,169.82000732421875,125.5110855102539,375.5720520019531
2021-08-02,40.511592864990234,169.61000061035156,126.6306381225586,374.8080749511719
2021-08-03,40.76934051513672,169.49000549316406,126.69783782958984,377.8357238769531
2021-08-04,40.78653335571289,169.52999877929688,126.95841217041016,376.0284729003906
2021-08-05,40.97555160522461,168.86000061035156,126.31120300292969,378.37615966796875
2021-08-06,40.90681838989258,164.63999938964844,124.20165252685547,379.0282287597656
2021-08-09,40.82948684692383,161.72000122070312,123.75621032714844,378.6650085449219
2021-08-10,40.88962936401367,161.77000427246094,123.18473052978516,379.1400451660156
2021-08-11,41.14739227294922,164.0,123.10911560058594,380.0529479980469
2021-08-12,41.267677307128906,164.0399932861328,122.90742492675781,381.16168212890625
2021-08-13,41.516849517822266,166.38999938964844,124.84883117675781,381.91619873046875
2021-08-16,41.276275634765625,167.22000122070312,125.1513442993164,382.82916259765625
2021-08-17,40.85526657104492,166.97000122070312,125.10100555419922,380.3045349121094
2021-08-18,40.62328338623047,167.10000610351562,125.521240234375,376.2148132324219
2021-08-19,40.193668365478516,166.61000061035156,126.44567108154297,376.7458801269531
2021-08-20,40.41707229614258,166.6999969482422,126.52973937988281,379.72698974609375
2021-08-23,40.863853454589844,168.72999572753906,126.44567108154297,383.0899658203125
2021-08-24,40.846675872802734,168.64999389648438,125.4623031616211,383.695556640625
2021-08-25,40.88962936401367,167.47999572753906,124.4201889038086,384.403564453125
2021-08-26,40.6920166015625,167.6699981689453,124.7647476196289,382.1584167480469
2021-08-27,41.130210876464844,170.19000244140625,125.61365509033203,385.54937744140625
2021-08-30,41.19894790649414,169.35000610351562,125.94139862060547,387.31939697265625
2021-08-31,41.19035339355469,169.69000244140625,125.0841293334961,386.6579895019531
2021-09-01,41.585575103759766,169.6999969482422,125.29370880126953,387.0679931640625
2021-09-02,41.74025344848633,169.25,125.84066772460938,388.22308349609375
2021-09-03,41.47389221191406,171.05999755859375,124.69618225097656,388.0740051269531
2021-09-07,41.525447845458984,167.7100067138672,123.6443099975586,386.639404296875
2021-09-08,41.06147766113281,167.2899932861328,124.48582458496094,386.26678466796875
2021-09-09,40.95836639404297,168.02999877929688,125.99219512939453,384.53399658203125
2021-09-10,40.820892333984375,167.17999267578125,124.88136291503906,381.5621337890625
2021-09-13,41.19894790649414,167.74000549316406,125.63870239257812,382.4565124511719
2021-09-14,41.070072174072266,168.82000732421875,127.16191101074219,380.4721984863281
2021-09-15,41.00132369995117,167.8300018310547,126.71590423583984,383.6489562988281
2021-09-16,41.027103424072266,164.02999877929688,126.13520812988281,382.9875793457031
2021-09-17,40.339744567871094,163.77000427246094,125.52935791015625,379.23321533203125
2021-09-20,39.43202209472656,164.94000244140625,127.08614349365234,373.0381774902344
2021-09-21,39.94826126098633,166.0399932861328,126.97676849365234,372.6747741699219
2021-09-22,40.44728469848633,165.4199981689453,127.73407745361328,376.270751953125
2021-09-23,41.02375411987305,163.50999450683594,124.84772491455078,380.81695556640625
2021-09-24,40.60215377807617,163.3000030517578,123.62750244140625,381.4503479003906
2021-09-27,40.61936950683594,163.63999938964844,123.1730728149414,380.36968994140625
2021-09-28,39.578285217285156,162.0500030517578,121.25436401367188,372.7679748535156
2021-09-29,39.36319351196289,161.32000732421875,121.4648208618164,373.35491943359375
2021-09-30,38.967411041259766,164.22000122070312,121.44795227050781,368.6255187988281
2021-10-01,39.17390441894531,164.58999633789062,122.47003936767578,373.0371398925781
2021-10-04,38.829742431640625,165.36000061035156,122.15824127197266,368.447998046875
2021-10-05,39.199710845947266,164.58999633789062,120.97866821289062,372.02764892578125
2021-10-06,38.92438507080078,165.02999877929688,121.6611328125,373.6820068359375
2021-10-07,39.36319351196289,164.16000366210938,120.38886260986328,376.8972473144531
2021-10-08,39.25994110107422,164.22999572753906,119.54623413085938,376.1868591308594
2021-10-11,39.01042556762695,163.9199981689453,119.24287414550781,373.4483642578125
2021-10-12,38.98461151123047,164.66000366210938,121.28193664550781,372.70062255859375
2021-10-13,39.56968307495117,167.58999633789062,122.46161651611328,373.89697265625
2021-10-14,40.18916702270508,168.0,122.9166259765625,380.1778869628906
2021-10-15,40.4989128112793,165.3300018310547,122.20037078857422,383.1406555175781
2021-10-18,40.24079513549805,164.9199981689453,122.77333068847656,384.3089904785156
2021-10-19,40.404266357421875,165.4499969482422,121.07971954345703,387.2999267578125
2021-10-20,40.55913543701172,166.89999389648438,120.26244354248047,388.80462646484375
2021-10-21,40.43867874145508,166.75,120.1192398071289,389.7580261230469
2021-10-22,40.74843215942383,167.77000427246094,121.44204711914062,389.3654479980469
2021-10-25,40.5677490234375,168.92999267578125,121.25672912597656,391.38427734375
2021-10-26,40.817256927490234,167.67999267578125,122.25940704345703,391.75811767578125
2021-10-27,40.722618103027344,168.1199951171875,124.48381042480469,390.0571594238281
2021-10-28,41.22164535522461,168.0800018310547,124.0625228881836,393.8704833984375
2021-10-29,41.08397674560547,166.64999389648438,124.44169616699219,394.5714416503906
2021-11-01,41.48836135864258,167.52000427246094,123.54572296142578,395.4032897949219
2021-11-02,41.522789001464844,167.16000366210938,124.09407806396484,396.9361267089844
2021-11-03,41.93578338623047,165.77000427246094,122.81171417236328,399.328857421875
2021-11-04,41.85834503173828,167.64999389648438,124.10256958007812,401.1981201171875
2021-11-05,42.15948486328125,169.83999633789062,125.9585189819336,402.5627136230469
2021-11-08,42.125064849853516,170.4499969482422,125.72233581542969,403.0487976074219
2021-11-09,42.11646270751953,171.2899932861328,127.3590316772461,401.63739013671875
2021-11-10,41.51417922973633,173.14999389648438,125.03057098388672,398.40350341796875
2021-11-11,41.64323425292969,174.1199951171875,124.844970703125,398.53436279296875
2021-11-12,41.75509262084961,174.4499969482422,124.29656982421875,401.4971923828125
2021-11-15,41.53998947143555,174.17999267578125,122.73580932617188,401.68408203125
2021-11-16,41.53998947143555,172.9199981689453,122.42364501953125,403.21697998046875
2021-11-17,41.54860305786133,174.5,123.393798828125,402.2448425292969
2021-11-18,41.66044998168945,173.94000244140625,123.85782623291016,403.6376037597656
2021-11-19,40.989341735839844,172.61000061035156,125.16551971435547,402.8804016113281
2021-11-22,40.533329010009766,168.74000549316406,123.69756317138672,401.81494140625
2021-11-23,40.43008041381836,167.27999877929688,121.90900421142578,402.33831787109375
2021-11-24,40.07732391357422,167.1199951171875,123.86625671386719,403.3290710449219
2021-11-26,38.700679779052734,166.85000610351562,126.99632263183594,394.5527038574219
2021-11-29,38.829742431640625,166.6199951171875,125.97545623779297,399.3194580078125
2021-11-30,38.51999282836914,165.5,127.89055633544922,391.6740417480469
2021-12-01,38.54580307006836,166.16000366210938,128.67942810058594,387.1689758300781
2021-12-02,38.950191497802734,165.24000549316406,128.83998107910156,393.07598876953125
2021-12-03,38.55441665649414,166.6300048828125,130.3772430419922,389.5991516113281
2021-12-06,39.062049865722656,166.22000122070312,128.5865478515625,394.2536315917969
2021-12-07,40.19777297973633,166.80999755859375,127.54757690429688,402.3570251464844
2021-12-08,40.16335678100586,166.89999389648438,125.3429946899414,403.4880676269531
2021-12-09,39.56968307495117,165.8800048828125,126.04405975341797,400.7401123046875
2021-12-10,39.7503662109375,166.5800018310547,125.73997497558594,404.5628967285156
2021-12-13,39.36319351196289,167.0,127.59830474853516,400.9738464355469
2021-12-14,39.13087463378906,165.44000244140625,127.29425048828125,398.24462890625
2021-12-15,39.70734786987305,166.14999389648438,126.06945037841797,404.4693603515625
2021-12-16,39.59549331665039,168.16000366210938,126.11854553222656,400.8149108886719
2021-12-17,38.88996887207031,167.8000030517578,127.54757690429688,396.6557922363281
2021-12-20,38.9352912902832,167.08999633789062,126.59202575683594,392.3656311035156
2021-12-21,39.51042556762695,167.02000427246094,126.1099853515625,399.32904052734375
2021-12-22,40.041996002197266,168.58999633789062,126.69343566894531,403.3626708984375
2021-12-23,40.346988677978516,168.97000122070312,125.59416961669922,405.84869384765625
2021-12-27,40.72170639038086,169.3699951171875,125.89857482910156,411.6365051269531
2021-12-28,40.678131103515625,168.63999938964844,125.399658203125,411.3269348144531
2021-12-29,40.652000427246094,168.58999633789062,124.02974700927734,411.8240966796875
2021-12-30,40.582275390625,169.8000030517578,125.06988525390625,410.6609802246094
2021-12-31,40.660709381103516,170.9600067138672,125.31514739990234,409.5352783203125
2022-01-03,41.017982482910156,168.3300018310547,122.02558135986328,412.0493469238281
2022-01-04,41.1661262512207,169.57000732421875,121.5181884765625,411.8804016113281
2022-01-05,40.9656982421875,169.05999755859375,120.85861206054688,403.9912414550781
2022-01-06,40.791419982910156,166.99000549316406,121.1714859008789,403.4471435546875
2022-01-07,40.887271881103516,167.75,120.30045318603516,402.0494079589844
2022-01-10,40.47771072387695,168.25999450683594,120.59642791748047,401.5240478515625
2022-01-11,40.86112976074219,170.2899932861328,121.39981079101562,405.0419006347656
2022-01-12,41.28813171386719,170.74000549316406,120.9346694946289,406.25201416015625
2022-01-13,40.94827651977539,170.16000366210938,122.00868225097656,400.6517333984375
2022-01-14,40.95697784423828,169.6699981689453,120.16512298583984,400.773681640625
2022-01-18,40.329566955566406,169.38999938964844,118.47386169433594,393.7474670410156
2022-01-19,40.38185119628906,172.0800018310547,119.294189453125,389.61053466796875
2022-01-20,40.19884490966797,171.64999389648438,120.02984619140625,385.32354736328125
2022-01-21,39.693424224853516,171.08999633789062,121.458984375,377.75323486328125
2022-01-24,39.17927932739258,172.02999877929688,120.46111297607422,379.3292541503906
2022-01-25,38.743568420410156,172.5800018310547,120.26663970947266,374.7232971191406
2022-01-26,38.91785430908203,169.7899932861328,118.81214141845703,373.8790283203125
2022-01-27,38.7784309387207,167.60000610351562,120.9938735961914,371.9840393066406
2022-01-28,38.94399642944336,167.10000610351562,121.03622436523438,381.1022644042969
2022-01-31,39.501708984375,168.08999633789062,120.41041564941406,388.0721130371094
2022-02-01,39.96356201171875,168.22999572753906,120.0107192993164,390.6049499511719
2022-02-02,40.08555221557617,168.83999633789062,120.41712188720703,394.32904052734375
2022-02-03,39.44070816040039,168.60000610351562,119.47723388671875,385.1640930175781
2022-02-04,39.37971115112305,168.86000061035156,117.71581268310547,386.97454833984375
2022-02-07,39.405853271484375,170.11000061035156,117.79206848144531,385.69879150390625
2022-02-08,39.62371063232422,170.6300048828125,117.00452423095703,388.8225402832031
2022-02-09,40.30342483520508,171.2100067138672,117.22468566894531,394.526123046875
2022-02-10,39.85027313232422,170.55999755859375,115.36167907714844,387.59368896484375
2022-02-11,38.769710540771484,173.80999755859375,117.07229614257812,379.8639221191406
2022-02-14,38.3514289855957,174.74000549316406,115.61572265625,378.6256408691406
2022-02-15,39.41456985473633,173.0800018310547,114.3031997680664,384.7044677734375
2022-02-16,39.57142639160156,174.86000061035156,114.98063659667969,385.1640930175781
2022-02-17,38.813289642333984,177.25,115.83589935302734,376.9746398925781
2022-02-18,38.638999938964844,177.1199951171875,117.05530548095703,374.5638122558594
2022-02-22,37.70657730102539,177.49000549316406,117.36017608642578,370.4644470214844
2022-02-23,37.340572357177734,178.2899932861328,115.7427749633789,363.7947692871094
2022-02-24,36.65214157104492,177.13999938964844,115.81893157958984,369.3856506347656
2022-02-25,37.6368522644043,176.5500030517578,115.90361785888672,377.4530334472656
2022-02-28,36.373294830322266,178.3800048828125,118.4440689086914,376.5056457519531
2022-03-01,34.87444305419922,181.6199951171875,119.81353759765625,370.8584289550781
2022-03-02,35.58030319213867,179.72999572753906,115.71797180175781,377.6688232421875
2022-03-03,34.56944274902344,180.8000030517578,116.89659118652344,375.77398681640625
2022-03-04,32.765586853027344,183.67999267578125,118.91470336914062,372.73455810546875
2022-03-07,31.54560661315918,186.41000366210938,118.00740051269531,361.73095703125
2022-03-08,32.469303131103516,191.50999450683594,116.8202896118164,359.0011291503906
2022-03-09,34.74372482299805,185.82000732421875,115.67555236816406,368.56951904296875
2022-03-10,33.706722259521484,186.39999389648438,114.01361083984375,366.9279479980469
2022-03-11,33.41915512084961,185.08999633789062,114.39518737792969,362.2469482421875
2022-03-14,34.133731842041016,182.3000030517578,111.72422790527344,359.60150146484375
2022-03-15,34.464866638183594,178.88999938964844,111.52915954589844,367.4906921386719
2022-03-16,36.11186981201172,180.00999450683594,112.6230239868164,375.70831298828125
2022-03-17,36.155433654785156,180.88999938964844,111.7835464477539,380.30487060546875
2022-03-18,36.277427673339844,179.3000030517578,113.14875030517578,384.5074768066406
2022-03-21,35.777801513671875,180.6699981689453,110.52861022949219,384.5261535644531
2022-03-22,36.30189895629883,179.36000061035156,109.112548828125,388.99139404296875
2022-03-23,35.46335220336914,181.80999755859375,111.5037612915039,383.9820556640625
2022-03-24,35.777801513671875,183.1300048828125,110.63036346435547,389.6897277832031
2022-03-25,35.812747955322266,182.3800048828125,109.0956039428711,391.66632080078125
2022-03-28,36.092262268066406,179.05999755859375,110.0283203125,394.36767578125
2022-03-29,37.28019714355469,179.13999938964844,110.85929870605469,399.3562316894531
2022-03-30,36.89586639404297,180.5800018310547,111.72422790527344,396.871337890625
2022-03-31,35.94377136230469,180.64999389648438,111.99552917480469,390.7720947265625
2022-04-01,36.36302947998047,179.5,112.42182922363281,391.8546142578125
2022-04-04,36.42417526245117,180.3699951171875,111.64054870605469,395.17706298828125
2022-04-05,35.655513763427734,179.24000549316406,109.11833190917969,390.2921447753906
2022-04-06,34.93925857543945,179.66000366210938,108.23512268066406,386.3388977050781
2022-04-07,34.96546936035156,180.33999633789062,107.41983032226562,388.28729248046875
2022-04-08,34.974205017089844,181.47000122070312,106.25638580322266,387.3460998535156
2022-04-11,34.73835754394531,182.3699951171875,104.57489776611328,380.6350402832031
2022-04-12,34.511253356933594,183.77000427246094,104.43055725097656,379.2420654296875
2022-04-13,34.913055419921875,184.64999389648438,104.642822265625,383.524658203125
2022-04-14,34.712158203125,184.0399932861328,102.54524230957031,378.86553955078125
2022-04-18,34.66848373413086,184.61000061035156,102.03569030761719,378.931396484375
2022-04-19,34.913055419921875,181.82000732421875,101.27137756347656,384.9835205078125
2022-04-20,35.419673919677734,182.7100067138672,103.30955505371094,384.6917419433594
2022-04-21,35.08774948120117,182.05999755859375,102.54524230957031,378.9879455566406
2022-04-22,34.53746032714844,180.2899932861328,101.89984130859375,368.64373779296875
2022-04-25,34.196807861328125,177.0500030517578,102.91893005371094,370.65802001953125
2022-04-26,33.01761245727539,177.32000732421875,103.9549789428711,360.0596923828125
2022-04-27,33.02634048461914,175.97999572753906,102.62165069580078,360.9914855957031
2022-04-28,33.66398239135742,176.92999267578125,102.77452087402344,370.03680419921875
2022-04-29,33.15735626220703,176.91000366210938,101.44119262695312,356.4453125
2022-05-02,33.148624420166016,173.6300048828125,99.68287658691406,358.6855163574219
2022-05-03,33.41067123413086,174.08999633789062,100.35491943359375,360.238525390625
2022-05-04,34.135658264160156,175.8000030517578,100.90784454345703,371.166259765625
2022-05-05,32.9651985168457,175.1300048828125,98.14311981201172,358.1300964355469
2022-05-06,32.484779357910156,175.4199981689453,96.69695281982422,355.880615234375
2022-05-09,31.5850887298584,172.8800048828125,97.54766845703125,344.3975524902344
2022-05-10,31.925750732421875,171.4199981689453,98.43235778808594,345.2823181152344
2022-05-11,31.882078170776367,172.82000732421875,100.32937622070312,339.71954345703125
2022-05-12,31.820932388305664,170.1699981689453,100.1422348022461,339.4560852050781
2022-05-13,32.799224853515625,168.7899932861328,98.66206359863281,347.4659118652344
2022-05-16,32.7642936706543,170.39999389648438,98.55995178222656,346.2235412597656
2022-05-17,33.707645416259766,169.3300018310547,97.36902618408203,353.15106201171875
2022-05-18,32.54591751098633,169.4199981689453,99.44467163085938,339.1642761230469
2022-05-19,32.8865852355957,171.91000366210938,99.68287658691406,336.8959045410156
2022-05-20,32.938987731933594,172.02999877929688,100.81425476074219,336.98052978515625
2022-05-23,33.7862548828125,172.8300018310547,99.15546417236328,343.37158203125
2022-05-24,33.611576080322266,174.1300048828125,101.1120376586914,340.8961181640625
2022-05-25,33.69892120361328,173.0800018310547,101.51183319091797,343.73870849609375
2022-05-26,34.33655548095703,172.75999450683594,101.05247497558594,350.5719909667969
2022-05-27,34.991668701171875,172.85000610351562,101.29917907714844,359.3631896972656
2022-05-31,34.8082389831543,171.13999938964844,99.15546417236328,357.3677673339844
2022-06-01,34.23174285888672,172.22999572753906,99.04208374023438,354.3746032714844
2022-06-02,35.1663703918457,174.35000610351562,99.0932388305664,361.1044921875
2022-06-03,34.66848373413086,172.5800018310547,98.88018798828125,355.2593688964844
2022-06-06,34.947998046875,171.82000732421875,97.05651092529297,356.22882080078125
2022-06-07,34.98293685913086,172.94000244140625,98.10467529296875,359.71142578125
2022-06-08,34.476318359375,172.77999877929688,97.23544311523438,355.7770690917969
2022-06-09,33.46308135986328,172.22999572753906,97.55928039550781,347.4094543457031
2022-06-10,32.37995529174805,174.5399932861328,96.95423889160156,337.2159423828125
2022-06-13,31.19202423095703,169.92999267578125,93.91191864013672,324.2174377441406
2022-06-14,30.903783798217773,168.57000732421875,92.72733306884766,323.4080505371094
2022-06-15,31.66370391845703,170.77000427246094,94.4572982788086,328.0389404296875
2022-06-16,30.764022827148438,172.69000244140625,95.20722198486328,317.26171875
2022-06-17,30.92125129699707,171.27000427246094,95.51402282714844,318.0900573730469
2022-06-21,31.38619041442871,170.6300048828125,93.89482116699219,325.8834533691406
2022-06-22,31.207712173461914,171.30999755859375,96.47702026367188,325.19635009765625
2022-06-23,31.08277130126953,170.25999450683594,97.26954650878906,328.61309814453125
2022-06-24,32.12690353393555,170.08999633789062,95.92308807373047,338.8442687988281
2022-06-27,31.85024642944336,169.89999389648438,95.10497283935547,337.57366943359375
2022-06-28,31.555753707885742,169.6199951171875,95.54814910888672,330.279052734375
2022-06-29,31.288028717041016,169.49000549316406,97.03945922851562,330.44158935546875
2022-06-30,31.047073364257812,168.4600067138672,97.89161682128906,327.8331298828125
2022-07-01,31.002458572387695,168.32000732421875,98.89664459228516,331.19769287109375
2022-07-05,29.922630310058594,164.75,99.67369079589844,331.7835998535156
2022-07-06,29.94048500061035,162.13999938964844,98.00009155273438,332.9839782714844
2022-07-07,30.395614624023438,162.22999572753906,97.13766479492188,337.8699951171875
2022-07-08,30.395614624023438,162.3000030517578,96.06175231933594,337.6715087890625
2022-07-11,29.78877067565918,161.42999267578125,97.71832275390625,333.8533630371094
2022-07-12,29.717382431030273,160.8300018310547,98.29893493652344,330.7723693847656
2022-07-13,29.78877067565918,161.60000610351562,99.42605590820312,329.2318420410156
2022-07-14,29.3157958984375,159.3300018310547,98.6148681640625,328.36236572265625
2022-07-15,29.976181030273438,159.00999450683594,99.16991424560547,334.5716552734375
2022-07-18,30.1546630859375,159.16000366210938,98.13668823242188,331.80255126953125
2022-07-19,31.395118713378906,159.5399932861328,97.60729217529297,340.80926513671875
2022-07-20,31.029224395751953,158.0399932861328,97.86345672607422,342.9924011230469
2022-07-21,31.4129695892334,160.27000427246094,99.55414581298828,346.4608459472656
2022-07-22,31.225561141967773,160.6699981689453,101.22776794433594,343.3042907714844
2022-07-25,31.511140823364258,160.22999572753906,100.23725891113281,343.6445007324219
2022-07-26,30.770427703857422,160.0399932861328,100.3141098022461,339.5238342285156
2022-07-27,31.698532104492188,161.6699981689453,99.75054931640625,348.417236328125
2022-07-28,31.98410987854004,163.63999938964844,100.54463958740234,352.82135009765625
2022-07-29,32.56418228149414,164.10000610351562,100.27142333984375,357.99102783203125
2022-08-01,32.51956558227539,165.02999877929688,102.68631744384766,356.9136047363281
2022-08-02,31.93056869506836,164.0500030517578,100.51350402832031,354.6075744628906
2022-08-03,32.510643005371094,164.4499969482422,102.09603881835938,360.14581298828125
2022-08-04,32.84083557128906,167.1699981689453,102.06182098388672,359.8623046875
2022-08-05,32.55525207519531,165.2899932861328,99.63240814208984,359.1156921386719
2022-08-08,32.644493103027344,166.69000244140625,101.24061584472656,358.7943115234375
2022-08-09,32.38569641113281,167.1999969482422,100.84710693359375,357.3767395019531
2022-08-10,33.10855484008789,166.77999877929688,100.1884536743164,364.86181640625
2022-08-11,33.05500793457031,166.33999633789062,97.85309600830078,364.86181640625
2022-08-12,33.38520050048828,167.8699951171875,98.84540557861328,371.1089172363281
2022-08-15,33.0817756652832,165.7100067138672,98.75985717773438,372.69659423828125
2022-08-16,33.269187927246094,165.4199981689453,99.17049407958984,373.3487854003906
2022-08-17,32.87651443481445,164.35000610351562,98.13540649414062,370.7969055175781
2022-08-18,32.70697021484375,163.9199981689453,98.28080749511719,371.94049072265625
2022-08-19,32.0733528137207,162.72000122070312,96.6982650756836,366.8087158203125
2022-08-22,31.091697692871094,161.63999938964844,96.37318420410156,359.0778503417969
2022-08-23,31.180940628051758,162.77000427246094,95.84283447265625,358.227294921875
2022-08-24,31.261247634887695,163.25,95.14138793945312,359.3140869140625
2022-08-25,31.636070251464844,163.75,96.46728515625,364.5499572753906
2022-08-26,30.50270652770996,161.75999450683594,97.19441223144531,352.05584716796875
2022-08-29,30.60978889465332,161.86000061035156,96.39030456542969,349.73089599609375
2022-08-30,30.458086013793945,160.50999450683594,96.62984466552734,345.9316711425781
2022-08-31,30.19928741455078,159.27000427246094,95.70598602294922,343.20977783203125
2022-09-01,29.74415397644043,157.8699951171875,93.95378112792969,344.268310546875
2022-09-02,29.503202438354492,159.25999450683594,94.48527526855469,340.6580505371094
2022-09-06,29.503202438354492,158.3300018310547,92.1449966430664,339.514404296875
2022-09-07,30.19036102294922,159.94000244140625,93.60231018066406,345.600830078125
2022-09-08,30.01187515258789,158.97999572753906,92.64217376708984,347.8596496582031
2022-09-09,30.86859130859375,159.82000732421875,92.84791564941406,353.2277526855469
2022-09-12,31.60929298400879,160.6300048828125,92.08497619628906,357.1120910644531
2022-09-13,30.4045352935791,158.5399932861328,92.29927825927734,341.53692626953125
2022-09-14,30.61871337890625,157.92999267578125,92.61644744873047,342.81280517578125
2022-09-15,30.288522720336914,154.97999572753906,92.55645751953125,338.98516845703125
2022-09-16,30.1546630859375,155.83999633789062,91.7849349975586,336.320068359375
2022-09-19,30.259593963623047,155.9600067138672,91.99922943115234,338.900146484375
2022-09-20,29.63180160522461,155.07000732421875,91.08198547363281,335.08197021484375
2022-09-21,29.19234275817871,155.7899932861328,92.60789489746094,329.18463134765625
2022-09-22,29.0847225189209,155.6999969482422,90.24190521240234,326.4060363769531
2022-09-23,27.963668823242188,153.00999450683594,90.61051940917969,320.981201171875
2022-09-26,27.586992263793945,151.22999572753906,88.87887573242188,317.8719177246094
2022-09-27,27.380718231201172,151.5399932861328,86.53863525390625,316.9740905761719
2022-09-28,28.08025550842285,154.69000244140625,89.43611907958984,323.2001647949219
2022-09-29,27.703582763671875,154.66000366210938,88.97319030761719,316.4605407714844
2022-09-30,27.586992263793945,154.6699981689453,87.8244857788086,311.6382751464844
2022-10-03,28.241687774658203,158.42999267578125,89.21994018554688,319.8778381347656
2022-10-04,29.882923126220703,160.6999969482422,88.97077941894531,329.5886535644531
2022-10-05,29.470365524291992,159.80999755859375,88.12007141113281,329.0190734863281
2022-10-06,28.806699752807617,159.6300048828125,87.63028717041016,325.5542907714844
2022-10-07,28.134071350097656,157.8800048828125,86.77957153320312,316.4130554199219
2022-10-10,28.008508682250977,155.47999572753906,85.43049621582031,314.0494384765625
2022-10-11,27.712549209594727,155.16000366210938,85.8085708618164,311.98004150390625
2022-10-12,27.703582763671875,155.99000549316406,86.22962188720703,311.01190185546875
2022-10-13,28.546615600585938,154.91000366210938,85.40471649169922,319.1563415527344
2022-10-14,28.071285247802734,152.97999572753906,84.70010375976562,311.9705505371094
2022-10-17,29.030916213989258,153.4199981689453,84.28763580322266,319.8968200683594
2022-10-18,29.43449592590332,153.75,84.48527526855469,323.6653137207031
2022-10-19,29.1205997467041,151.69000244140625,82.94715881347656,321.425048828125
2022-10-20,29.156469345092773,151.4499969482422,81.5293197631836,318.7861633300781
2022-10-21,29.748390197753906,154.14999389648438,80.05996704101562,326.4466247558594
2022-10-24,29.9815731048584,153.64999389648438,79.39830017089844,330.4239501953125
2022-10-25,30.752853393554688,154.0,81.70978546142578,335.7967529296875
2022-10-26,31.048812866210938,154.97999572753906,82.88700866699219,333.2906799316406
2022-10-27,30.752853393554688,154.74000549316406,83.75486755371094,331.5061340332031
2022-10-28,31.21025276184082,153.16000366210938,83.17916870117188,339.2424621582031
2022-10-31,30.734922409057617,151.91000366210938,82.58623504638672,336.9358215332031
2022-11-01,31.003982543945312,153.4600067138672,83.35804748535156,335.5783386230469
2022-11-02,30.268564224243164,152.38999938964844,82.99628448486328,327.01617431640625
2022-11-03,29.9995059967041,151.80999755859375,82.54833984375,323.5323791503906
2022-11-04,31.61383056640625,156.47000122070312,81.16149139404297,328.2691345214844
2022-11-07,31.918760299682617,155.85000610351562,80.35176849365234,331.4207458496094
2022-11-08,32.21471405029297,159.4499969482422,81.23040008544922,333.2242431640625
2022-11-09,31.83804702758789,158.64999389648438,81.49742889404297,326.41815185546875
2022-11-10,33.820072174072266,163.47999572753906,84.6329345703125,344.2829895019531
2022-11-11,34.654136657714844,164.55999755859375,84.32284545898438,347.5768737792969
2022-11-14,34.35818099975586,164.9199981689453,84.11612701416016,344.7860107421875
2022-11-15,34.5823974609375,165.5,85.47711944580078,347.6338195800781
2022-11-16,34.69001770019531,165.1199951171875,87.34638214111328,344.9949035644531
2022-11-17,34.73486328125,163.9199981689453,86.42466735839844,343.99822998046875
2022-11-18,34.90525436401367,162.7899932861328,85.83029174804688,345.5169982910156
2022-11-21,34.5823974609375,161.8800048828125,86.19207763671875,344.30194091796875
2022-11-22,35.012874603271484,162.07000732421875,87.4152603149414,348.8868713378906
2022-11-23,35.34471130371094,163.0800018310547,88.93994903564453,351.07012939453125
2022-11-25,35.461299896240234,163.22000122070312,88.63846588134766,351.0321044921875
2022-11-28,34.91423797607422,161.92999267578125,88.8882827758789,345.4790344238281
2022-11-29,35.111534118652344,162.72999572753906,87.84599304199219,344.8715515136719
2022-11-30,35.91869354248047,164.80999755859375,88.49202728271484,355.484130859375
2022-12-01,36.09807205200195,167.83999633789062,91.3189926147461,355.5315246582031
2022-12-02,36.13393783569336,167.25999450683594,92.4673843383789,355.01898193359375
2022-12-05,35.64963912963867,164.38999938964844,91.17218780517578,348.69696044921875
2022-12-06,35.51511764526367,164.83999633789062,92.34651184082031,343.656494140625
2022-12-07,35.595829010009766,166.3300018310547,94.52239227294922,342.991943359375
2022-12-08,35.7303581237793,166.47000122070312,94.26335144042969,345.6974182128906
2022-12-09,35.595829010009766,167.05999755859375,91.81116485595703,343.1723937988281
2022-12-12,35.757259368896484,165.67999267578125,92.10470581054688,348.07049560546875
2022-12-13,36.40298843383789,168.50999450683594,92.99409484863281,350.6429748535156
2022-12-14,36.31330871582031,168.10000610351562,93.3912582397461,348.5260925292969
2022-12-15,35.084632873535156,165.35000610351562,93.75568389892578,339.9544372558594
2022-12-16,34.76176452636719,166.7899932861328,92.70838165283203,335.9010314941406
2022-12-19,34.69511032104492,166.32000732421875,91.150390625,333.0058898925781
2022-12-20,34.785179138183594,169.0800018310547,89.53182983398438,333.51336669921875
2022-12-21,35.361629486083984,168.8000030517578,89.75684356689453,338.5017395019531
2022-12-22,34.9653205871582,166.75999450683594,89.73954772949219,333.7422180175781
2022-12-23,35.0013427734375,167.25999450683594,88.42393493652344,335.6116638183594
2022-12-27,35.08241271972656,168.6699981689453,86.67552947998047,334.2763366699219
2022-12-28,34.659080505371094,167.91000366210938,86.16486358642578,330.1750793457031
2022-12-29,35.361629486083984,168.85000610351562,87.1429214477539,336.0313415527344
2022-12-30,34.85723114013672,169.63999938964844,86.17351531982422,335.10614013671875
2023-01-03,35.370643615722656,171.05999755859375,87.81803894042969,333.81854248046875
2023-01-04,36.34339141845703,172.6699981689453,89.02114868164062,336.2221374511719
2023-01-05,35.93808364868164,170.52000427246094,89.39335632324219,332.54998779296875
2023-01-06,37.01892852783203,173.7100067138672,91.03785705566406,340.1136169433594
2023-01-09,37.42424011230469,174.10000610351562,91.52256774902344,339.8656311035156
2023-01-10,37.7394905090332,174.74000549316406,90.00787353515625,342.2882385253906
2023-01-11,38.17182922363281,174.6199951171875,91.47061920166016,346.6565856933594
2023-01-12,38.70323944091797,176.63999938964844,93.27095794677734,347.9538269042969
2023-01-13,38.9554443359375,178.75999450683594,92.39676666259766,349.3081970214844
2023-01-17,38.87437057495117,177.58999633789062,91.79954528808594,348.7740783691406
2023-01-18,38.63117599487305,177.0800018310547,94.02399444580078,343.1085205078125
2023-01-19,38.35197067260742,179.88999938964844,93.43541717529297,340.6381530761719
2023-01-20,38.73026657104492,179.2899932861328,91.92071533203125,346.9046325683594
2023-01-23,38.99147415161133,179.6300048828125,91.48795318603516,351.1298828125
2023-01-24,39.00947952270508,180.27999877929688,92.80358123779297,350.7579345703125
2023-01-25,39.23465347290039,181.11000061035156,93.02861022949219,350.8819274902344
2023-01-26,39.351749420166016,179.47000122070312,92.59584045410156,354.6303405761719
2023-01-27,39.135589599609375,179.22000122070312,92.36214447021484,355.6413879394531
2023-01-30,38.76628875732422,178.75999450683594,92.02455139160156,351.1966552734375
2023-01-31,39.22565460205078,179.41000366210938,92.76029205322266,356.1850280761719
2023-02-01,39.78409194946289,181.6699981689453,93.8753662109375,360.0860900878906
2023-02-02,39.964229583740234,177.89999389648438,93.99688720703125,365.24609375
2023-02-03,39.47784423828125,173.4600067138672,92.59107971191406,361.3450622558594
2023-02-06,38.99147415161133,173.82000732421875,91.90556335449219,359.25628662109375
2023-02-07,39.27969741821289,173.97999572753906,91.1679458618164,363.8916931152344
2023-02-08,38.99147415161133,174.41000366210938,91.60184478759766,359.90484619140625
2023-02-09,39.135589599609375,173.02999877929688,90.73406219482422,356.82403564453125
2023-02-10,38.78430938720703,173.36000061035156,89.71876525878906,357.6920471191406
2023-02-13,39.3697624206543,172.47999572753906,90.47372436523438,361.82196044921875
2023-02-14,39.53188705444336,172.61000061035156,90.26547241210938,361.6883850097656
2023-02-15,39.676002502441406,170.88999938964844,89.4237289428711,362.89971923828125
2023-02-16,39.468841552734375,170.75,88.15679931640625,357.85418701171875
2023-02-17,39.56791305541992,171.25999450683594,88.84231567382812,356.928955078125
2023-02-21,38.946434020996094,170.6199951171875,87.11547088623047,349.84228515625
2023-02-22,38.78430938720703,169.66000366210938,87.91378784179688,349.403564453125
2023-02-23,39.18962097167969,169.57000732421875,88.77290344238281,351.1585693359375
2023-02-24,38.21686553955078,168.35000610351562,87.6187744140625,347.400634765625
2023-02-27,38.87437057495117,169.00999450683594,87.86174011230469,348.60235595703125
2023-02-28,38.59516143798828,169.77999877929688,88.26091766357422,347.2861328125
2023-03-01,38.82033157348633,170.75999450683594,87.31272888183594,346.0176086425781
2023-03-02,38.99147415161133,170.66000366210938,86.53848266601562,348.60235595703125
2023-03-03,39.612953186035156,172.49000549316406,88.63497924804688,354.1248474121094
2023-03-06,39.6309700012207,171.6199951171875,87.94773864746094,354.5540771484375
2023-03-07,38.856361389160156,168.6199951171875,88.4870834350586,349.06976318359375
2023-03-08,39.072532653808594,168.5399932861328,88.5740737915039,349.61334228515625
2023-03-09,38.63117599487305,170.1999969482422,88.79156494140625,343.21337890625
2023-03-10,38.37898254394531,173.8699951171875,91.85362243652344,338.2919006347656
2023-03-13,37.90161895751953,177.86000061035156,92.06239318847656,337.7194519042969
2023-03-14,38.68522644042969,176.8300018310547,90.54875183105469,343.3279113769531
2023-03-15,37.280128479003906,178.2100067138672,92.29727935791016,341.21044921875
2023-03-16,37.99168395996094,178.57000732421875,91.57526397705078,347.047607421875
2023-03-17,37.433250427246094,183.77000427246094,92.94970703125,343.2515869140625
2023-03-20,38.177833557128906,183.83999633789062,92.13202667236328,346.3514099121094
2023-03-21,38.973018646240234,180.3699951171875,91.34040069580078,350.8819274902344
2023-03-22,38.90976333618164,183.44000244140625,92.55826568603516,345.0638122558594
2023-03-23,39.0091552734375,185.74000549316406,92.55826568603516,345.8840637207031
2023-03-24,38.638671875,183.64999389648438,92.94970703125,348.18927001953125
2023-03-27,38.9549446105957,181.9499969482422,90.7662582397461,348.7639465332031
2023-03-28,39.04530715942383,183.44000244140625,90.93153381347656,348.15093994140625
2023-03-29,39.73204803466797,182.52999877929688,90.74884033203125,353.1023864746094
2023-03-30,40.42783737182617,184.17999267578125,91.16641998291016,355.20941162109375
2023-03-31,40.57241439819336,183.22000122070312,92.53216552734375,360.1703796386719
2023-04-03,40.789283752441406,184.5399932861328,92.96735382080078,361.597412109375
2023-04-04,40.906761169433594,187.97999572753906,93.4295654296875,359.5574951171875
2023-04-05,40.62662887573242,187.8300018310547,94.40633392333984,358.6859130859375
2023-04-06,40.84349060058594,186.49000549316406,94.65054321289062,360.0554504394531
2023-04-10,40.852535247802734,185.11000061035156,93.12435150146484,360.4481201171875
2023-04-11,40.942901611328125,186.27999877929688,93.31619262695312,360.49603271484375
2023-04-12,41.304344177246094,187.19000244140625,93.22025299072266,359.0594177246094
2023-04-13,41.88266372680664,189.72000122070312,92.48767852783203,363.71392822265625
2023-04-14,41.81037521362305,186.36000061035156,91.6417236328125,362.96685791015625
2023-04-17,41.476036071777344,185.52999877929688,90.5516128540039,364.202392578125
2023-04-18,41.819400787353516,186.25,90.874267578125,364.4514465332031
2023-04-19,41.76519012451172,185.36000061035156,90.78707122802734,364.4322509765625
2023-04-20,41.674827575683594,186.08999633789062,91.56324005126953,362.3731689453125
2023-04-21,42.02723693847656,184.25,91.0486831665039,362.5838928222656
2023-04-24,42.153751373291016,184.80999755859375,91.92955017089844,363.06268310546875
2023-04-25,41.40373992919922,185.75,93.28130340576172,357.325927734375
2023-04-26,41.50314712524414,184.74000549316406,92.28710174560547,355.73614501953125
2023-04-27,42.0181999206543,184.75,91.37137603759766,362.79449462890625
2023-04-28,41.85554885864258,184.8000030517578,92.84524536132812,365.89752197265625
2023-05-01,41.77423095703125,183.97000122070312,90.1681137084961,365.6485900878906
2023-05-02,41.313385009765625,187.52000427246094,92.41506958007812,361.5495300292969
2023-05-03,41.41278076171875,189.11000061035156,92.93094635009766,359.0307312011719
2023-05-04,41.25917053222656,190.44000244140625,92.01290130615234,356.4065246582031
2023-05-05,41.92784118652344,187.4600067138672,91.7068862915039,362.9477233886719
2023-05-08,41.9007453918457,187.69000244140625,90.42164611816406,363.14886474609375
2023-05-09,41.50314712524414,189.02000427246094,90.0981674194336,361.5783386230469
2023-05-10,41.44892501831055,188.75,90.97246551513672,363.1584777832031
2023-05-11,41.2681999206543,187.1300048828125,91.93421936035156,362.6509094238281
2023-05-12,41.13266372680664,186.80999755859375,91.16484069824219,362.1623840332031
2023-05-15,41.322418212890625,187.2100067138672,90.22055053710938,363.4170837402344
2023-05-16,41.060367584228516,184.8699951171875,89.94953918457031,361.0131530761719
2023-05-17,41.36760330200195,184.22999572753906,89.68724060058594,365.3229675292969
2023-05-18,41.430850982666016,181.83999633789062,89.02275085449219,368.89520263671875
2023-05-19,41.75615692138672,183.63999938964844,88.39325714111328,368.3110656738281
2023-05-22,41.76519012451172,183.2100067138672,88.0784912109375,368.51214599609375
2023-05-23,40.95193099975586,183.42999267578125,88.33202362060547,364.3938903808594
2023-05-24,40.27421569824219,181.9499969482422,87.89488220214844,361.66448974609375
2023-05-25,40.373619079589844,180.1999969482422,87.67630767822266,364.81536865234375
2023-05-26,40.98807907104492,180.9199981689453,88.38451385498047,369.5560302734375
2023-05-30,40.50012969970703,182.0399932861328,89.26756286621094,369.6709899902344
2023-05-31,39.79530715942383,182.32000732421875,90.04568481445312,367.6598205566406
2023-06-01,40.36458206176758,183.75999450683594,90.39901733398438,371.1842346191406
2023-06-02,40.789283752441406,181.0500030517578,89.40837097167969,376.6336364746094
2023-06-05,40.38265609741211,182.13999938964844,89.24183654785156,375.9057312011719
2023-06-06,40.491092681884766,182.33999633789062,89.76781463623047,376.6815185546875
2023-06-07,40.34650802612305,180.14999389648438,88.43531799316406,375.446044921875
2023-06-08,40.861568450927734,182.52999877929688,89.46974182128906,377.69671630859375
2023-06-09,40.55434036254883,182.0399932861328,89.34701538085938,378.3287658691406
2023-06-12,41.00614547729492,181.8800048828125,89.6100082397461,381.8053283691406
2023-06-13,41.34048843383789,180.5399932861328,88.72457122802734,384.3241882324219
2023-06-14,41.63868713378906,180.63999938964844,89.43468475341797,384.6210021972656
2023-06-15,42.144710540771484,181.91000366210938,90.29377746582031,389.5533447265625
2023-06-16,42.207969665527344,181.6300048828125,89.943115234375,388.1167297363281
2023-06-20,41.759742736816406,179.75,90.56553649902344,386.32574462890625
2023-06-21,41.741294860839844,179.49000549316406,90.78469848632812,384.209228515625
2023-06-22,41.53840637207031,177.7100067138672,89.68891906738281,385.60748291015625
2023-06-23,40.920494079589844,178.1999969482422,90.58309936523438,382.71514892578125
2023-06-26,41.08649826049805,178.50999450683594,90.67951202392578,381.1349182128906
2023-06-27,41.70441436767578,177.69000244140625,90.44280242919922,385.35845947265625
2023-06-28,41.741294860839844,177.27999877929688,90.82853698730469,385.5308532714844
2023-06-29,41.759742736816406,177.08999633789062,89.189208984375,387.0077209472656
2023-06-30,42.40532302856445,178.27000427246094,90.24119567871094,391.593994140625
2023-07-03,42.40532302856445,178.47000122070312,89.7295913696289,392.34393310546875
2023-07-05,41.575294494628906,177.83999633789062,88.87696075439453,391.4690246582031
2023-07-06,40.58848190307617,177.30999755859375,87.61995697021484,388.2768249511719
2023-07-07,40.98505401611328,178.63999938964844,87.09256744384766,387.3730773925781
2023-07-10,41.30784225463867,178.77999877929688,87.20682525634766,388.4114685058594
2023-07-11,41.72285461425781,179.4499969482422,87.65513610839844,390.9017639160156
2023-07-12,42.81111526489258,181.8800048828125,88.6308364868164,393.978515625
2023-07-13,43.558143615722656,182.00999450683594,89.56260681152344,397.1899108886719
2023-07-14,43.39213562011719,181.42999267578125,89.03518676757812,396.8725280761719
2023-07-17,43.272247314453125,181.55999755859375,89.07913208007812,398.25714111328125
2023-07-18,43.39213562011719,183.63999938964844,89.48348999023438,401.27618408203125
2023-07-19,43.060123443603516,183.6699981689453,90.49433898925781,402.1415100097656
2023-07-20,42.81111526489258,182.74000549316406,89.39559936523438,399.5166015625
2023-07-21,43.11546325683594,182.17999267578125,89.42195129394531,399.56475830078125
2023-07-24,42.80189514160156,181.39999389648438,89.09672546386719,401.2569274902344
2023-07-25,42.645111083984375,182.41000366210938,88.9296875,402.43951416015625
2023-07-26,42.5989990234375,183.3000030517578,89.01760864257812,402.5357360839844
2023-07-27,42.65433883666992,180.4199981689453,87.28597259521484,399.8051452636719
2023-07-28,43.4013671875,181.86000061035156,87.73423767089844,403.69903564453125
2023-07-31,43.373687744140625,182.35000610351562,87.94522857666016,404.47784423828125
2023-08-01,42.718894958496094,180.4600067138672,86.50407409667969,403.22796630859375
2023-08-02,41.76897430419922,179.60000610351562,85.57853698730469,397.64178466796875
2023-08-03,41.5937385559082,179.5399932861328,83.6041488647461,396.51678466796875
2023-08-04,41.750526428222656,180.19000244140625,85.08494567871094,394.5745849609375
2023-08-07,42.22087860107422,179.77999877929688,84.24758911132812,398.1320495605469
2023-08-08,41.7136344909668,178.63999938964844,85.2259750366211,396.4110412597656
2023-08-09,41.86118698120117,177.7899932861328,85.66668701171875,393.7765808105469
2023-08-10,42.266990661621094,177.60000610351562,84.25639343261719,394.0073547363281
2023-08-11,41.80586242675781,177.60000610351562,84.06250762939453,393.6419677734375
2023-08-14,41.741294860839844,177.05999755859375,83.87740325927734,395.8629455566406
2023-08-15,41.15105438232422,176.58999633789062,83.36615753173828,391.3248291015625
2023-08-16,40.8743782043457,175.57000732421875,82.71389770507812,388.4306640625
2023-08-17,40.41325378417969,175.3000030517578,82.36128997802734,385.2866516113281
2023-08-18,40.468589782714844,175.3300018310547,82.65218353271484,385.6423645019531
2023-08-21,40.77293014526367,175.80999755859375,81.55037689208984,388.1903076171875
2023-08-22,40.69915008544922,176.10000610351562,82.17622375488281,387.1038818359375
2023-08-23,40.929718017578125,177.88999938964844,84.21231842041016,391.2767028808594
2023-08-24,40.210350036621094,177.85000610351562,83.65702819824219,386.0750427246094
2023-08-25,40.560813903808594,177.6199951171875,83.93025970458984,388.63262939453125
2023-08-28,41.04038619995117,178.1300048828125,84.01839447021484,391.1901550292969
2023-08-29,41.639854431152344,179.8699951171875,84.8910140991211,396.7476501464844
2023-08-30,41.63063049316406,180.32000732421875,84.8028564453125,398.40130615234375
2023-08-31,41.11417007446289,180.02000427246094,85.18189239501953,397.8917236328125
2023-09-01,40.81903839111328,180.11000061035156,83.85491943359375,398.73785400390625
2023-09-05,40.35791015625,178.63999938964844,82.67906951904297,396.99755859375
2023-09-06,40.164249420166016,177.8300018310547,82.8824234008789,394.25732421875
2023-09-07,39.86912155151367,178.02000427246094,83.11228942871094,393.0843200683594
2023-09-08,39.970577239990234,178.0800018310547,83.4305419921875,393.6227722167969
2023-09-11,40.43169403076172,178.41000366210938,82.82937622070312,396.2091369628906
2023-09-12,40.14579391479492,177.49000549316406,83.3067855834961,394.0842590332031
2023-09-13,39.90601348876953,177.0800018310547,83.28909301757812,394.5457763671875
2023-09-14,40.33946990966797,177.1699981689453,82.68793487548828,397.95904541015625
2023-09-15,40.28413772583008,178.33999633789062,82.18402099609375,392.9977722167969
2023-09-18,40.02518844604492,179.38999938964844,82.65254974365234,393.430419921875
2023-09-19,40.04368591308594,179.22000122070312,82.04254150390625,392.64202880859375
2023-09-20,40.02518844604492,179.35000610351562,82.2989273071289,388.9691162109375
2023-09-21,39.39633560180664,178.0500030517578,80.18597412109375,382.5944519042969
2023-09-22,39.36858367919922,178.6199951171875,80.83135223388672,381.67144775390625
2023-09-25,38.99866485595703,177.6999969482422,78.84217834472656,383.2579040527344
2023-09-26,38.425296783447266,176.27999877929688,78.56808471679688,377.6332092285156
2023-09-27,38.33281326293945,174.10000610351562,78.16144561767578,377.7197570800781
2023-09-28,38.8137092590332,173.22999572753906,78.40013122558594,379.9231872558594
2023-09-29,38.85070037841797,171.4499969482422,78.40897369384766,379.0159606933594
2023-10-02,38.166358947753906,169.64999389648438,77.09637451171875,378.987060546875
2023-10-03,37.861167907714844,169.16000366210938,75.43792724609375,373.89105224609375
2023-10-04,38.18484878540039,169.13999938964844,76.502197265625,376.6416931152344
2023-10-05,38.3050651550293,168.8300018310547,76.12083435058594,376.32318115234375
2023-10-06,38.906185150146484,169.6999969482422,75.19849395751953,380.8111572265625
2023-10-09,38.57326126098633,172.82000732421875,76.96336364746094,383.3494873046875
2023-10-10,39.15589141845703,172.52999877929688,76.85694885253906,385.32806396484375
2023-10-11,39.424076080322266,173.7899932861328,78.46220397949219,386.9591979980469
2023-10-12,38.896942138671875,173.25999450683594,76.33369445800781,384.63311767578125
2023-10-13,38.32356262207031,178.8300018310547,77.699462890625,382.6063232421875
2023-10-16,38.74897003173828,177.9600067138672,76.4489974975586,386.61175537109375
2023-10-17,38.80446243286133,178.2899932861328,75.60643005371094,386.6214294433594
2023-10-18,38.06462097167969,180.8699951171875,74.9412841796875,381.44818115234375
2023-10-19,37.99064636230469,183.08999633789062,73.40695190429688,378.21484375
2023-10-20,37.62071990966797,183.58999633789062,73.82379150390625,373.5049133300781
2023-10-23,37.87965774536133,182.97000122070312,74.71068572998047,372.8486328125
2023-10-24,38.07387161254883,182.9499969482422,75.69512176513672,375.6379089355469
2023-10-25,37.79642868041992,183.72000122070312,74.01004028320312,370.3392639160156
2023-10-26,37.62997055053711,184.00999450683594,75.14527130126953,365.7933044433594
2023-10-27,37.306297302246094,186.14999389648438,74.82598114013672,364.1719055175781
2023-10-30,37.89815902709961,185.10000610351562,74.48896789550781,368.5537109375
2023-10-31,38.05537796020508,184.08999633789062,74.1253433227539,370.7832336425781
2023-11-01,38.379058837890625,183.50999450683594,75.73255157470703,374.8658142089844
2023-11-02,39.30385208129883,184.1199951171875,77.45902252197266,381.9886474609375
2023-11-03,39.590545654296875,184.7899932861328,77.98405456542969,385.5211181640625
2023-11-06,39.36858367919922,183.35000610351562,77.22761535644531,386.2642822265625
2023-11-07,39.21138000488281,182.58999633789062,78.3667221069336,387.3548889160156
2023-11-08,39.58129119873047,180.77000427246094,79.70160675048828,387.6734313964844
2023-11-09,39.61827850341797,181.49000549316406,77.86835479736328,384.7490234375
2023-11-10,39.932716369628906,179.50999450683594,78.30445861816406,390.75225830078125
2023-11-13,40.06218719482422,180.50999450683594,78.12648010253906,390.35650634765625
2023-11-14,41.29216766357422,182.1199951171875,79.89741516113281,397.85577392578125
2023-11-15,41.37540054321289,181.63999938964844,78.77608489990234,398.7244567871094
2023-11-16,41.39388656616211,183.69000244140625,79.75502014160156,399.28424072265625
2023-11-17,41.93027114868164,183.6699981689453,80.12876892089844,399.8729553222656
2023-11-20,42.15222930908203,183.3699951171875,80.61824798583984,402.8842468261719
2023-11-21,41.874786376953125,185.35000610351562,80.5826416015625,401.83221435546875
2023-11-22,41.92103576660156,184.55999755859375,80.86742401123047,403.56951904296875
2023-11-24,42.36492919921875,185.52000427246094,79.9151840209961,403.7914733886719
2023-11-27,42.19847106933594,186.77000427246094,81.25009155273438,403.0869445800781
2023-11-28,42.20771026611328,189.25999450683594,81.41028594970703,403.4825744628906
2023-11-29,42.44815444946289,189.5399932861328,82.43368530273438,403.22198486328125
2023-11-30,42.29093933105469,188.75,81.4814682006836,404.7855224609375
2023-12-01,42.58687973022461,192.00999450683594,83.0160903930664,407.1598815917969
2023-12-04,42.48514938354492,187.86000061035156,82.68577575683594,405.1138000488281
2023-12-05,42.605377197265625,187.14999389648438,84.46233367919922,404.9882507324219
2023-12-06,42.62386703491211,187.83999633789062,85.58719635009766,403.2991943359375
2023-12-07,42.86431884765625,188.14999389648438,85.09617614746094,406.455322265625
2023-12-08,43.20649337768555,185.63999938964844,84.39984893798828,408.18292236328125
2023-12-11,43.35446548461914,183.58999633789062,84.2212905883789,409.76580810546875
2023-12-12,43.49317169189453,183.49000549316406,84.47126770019531,411.80224609375
2023-12-13,44.06655502319336,187.6300048828125,86.45315551757812,417.40985107421875
2023-12-14,44.24226760864258,188.72999572753906,88.70204162597656,418.6355285644531
2023-12-15,43.798362731933594,187.0,88.80056762695312,417.9985656738281
2023-12-18,43.825252532958984,187.85000610351562,88.09302520751953,420.3631896972656
2023-12-19,44.22392272949219,189.1300048828125,88.56771087646484,422.9208068847656
2023-12-20,43.5471076965332,188.10000610351562,89.16776275634766,416.8162536621094
2023-12-21,44.25172805786133,189.42999267578125,88.60352325439453,420.8769226074219
2023-12-22,44.140472412109375,190.27000427246094,88.20049285888672,421.8556823730469
2023-12-26,44.464962005615234,191.72000122070312,88.45128631591797,423.60986328125
2023-12-27,44.650394439697266,192.58999633789062,90.01860809326172,424.3852233886719
2023-12-28,44.27954864501953,191.47000122070312,89.36481475830078,424.45306396484375
2023-12-29,44.32590103149414,191.1699981689453,88.55874633789062,423.3191223144531
2024-01-02,43.68618392944336,190.72000122070312,88.04822540283203,420.61529541015625
2024-01-03,43.08354949951172,189.1300048828125,88.41545867919922,417.4946594238281
2024-01-04,43.27824783325195,189.32000732421875,87.07203674316406,416.1766052246094
2024-01-05,43.21334457397461,189.35000610351562,86.23908996582031,416.70965576171875
2024-01-08,43.76961898803711,187.8699951171875,87.0899429321289,422.6697998046875
2024-01-09,43.28752136230469,187.92999267578125,86.53466033935547,421.64251708984375
2024-01-10,43.5285758972168,187.5,86.13163757324219,424.4239501953125
2024-01-11,43.47294998168945,187.8699951171875,86.6152572631836,424.27862548828125
2024-01-12,43.5285758972168,189.7100067138672,86.44510650634766,424.4724426269531
2024-01-16,42.731239318847656,187.91000366210938,84.92253112792969,423.02838134765625
2024-01-17,42.462371826171875,185.83999633789062,84.78819274902344,420.67333984375
2024-01-18,43.06501388549805,187.3699951171875,84.00005340576172,424.41424560546875
2024-01-19,43.21334457397461,187.92999267578125,84.26873779296875,429.6088562011719
2024-01-22,43.18553161621094,187.22000122070312,84.77029418945312,430.5876770019531
2024-01-23,43.10209274291992,187.9499969482422,84.09857177734375,431.8669128417969
2024-01-24,43.964317321777344,186.39999389648438,83.6059799194336,432.2254638671875
2024-01-25,44.19609832763672,187.13999938964844,84.15229797363281,434.6580505371094
2024-01-26,44.594757080078125,187.00999450683594,83.99110412597656,434.39642333984375
2024-01-29,44.74310302734375,188.3300018310547,84.9583740234375,437.5557861328125
2024-01-30,44.835819244384766,188.58999633789062,85.72857666015625,437.24566650390625
2024-01-31,44.36298370361328,188.4499969482422,86.57047271728516,430.12249755859375
2024-02-01,44.900718688964844,190.41000366210938,88.26864624023438,435.7823181152344
2024-02-02,44.61330795288086,188.61000061035156,86.31889343261719,440.2596435546875
2024-02-05,44.4464225769043,187.57000732421875,84.5758285522461,438.65087890625
2024-02-06,44.80800247192383,188.5500030517578,85.40242767333984,440.01739501953125
2024-02-07,44.8172721862793,188.5,84.98912811279297,443.6322937011719
2024-02-08,44.97488784790039,188.3300018310547,84.49495697021484,443.9327087402344
2024-02-09,45.299381256103516,187.60000610351562,84.32424926757812,446.45245361328125
2024-02-12,45.29010772705078,187.11000061035156,84.42305755615234,446.2489318847656
2024-02-13,44.40007019042969,184.52999877929688,82.97647857666016,439.9592590332031
2024-02-14,45.00270462036133,184.4199981689453,83.39877319335938,444.1458740234375
2024-02-15,45.540435791015625,185.66000366210938,83.83007049560547,447.1502380371094
2024-02-16,45.438446044921875,186.33999633789062,83.34484100341797,444.8630676269531
2024-02-20,45.735130310058594,187.47000122070312,83.416748046875,442.42083740234375
2024-02-21,46.03180694580078,187.47999572753906,82.82371520996094,442.8666687011719
2024-02-22,46.76424026489258,187.55999755859375,83.22805786132812,452.1703796386719
2024-02-23,46.792049407958984,188.6199951171875,84.34220886230469,452.37384033203125
2024-02-26,46.84768295288086,188.1999969482422,84.09062194824219,450.71661376953125
2024-02-27,47.0701904296875,188.0,83.49758911132812,451.5501403808594
2024-02-28,46.96821212768555,188.33999633789062,84.02772521972656,450.8523254394531
2024-02-29,47.014556884765625,189.30999755859375,84.6207504272461,452.51922607421875
2024-03-01,47.19999313354492,192.88999938964844,85.14799499511719,456.88037109375
2024-03-04,47.34833526611328,196.00999450683594,84.80553436279297,456.3376159667969
2024-03-05,47.03310775756836,197.19000244140625,86.01327514648438,451.7633056640625
2024-03-06,47.6079216003418,198.80999755859375,86.51803588867188,454.1571044921875
2024-03-07,48.42379379272461,199.94000244140625,86.43689727783203,458.65386962890625
2024-03-08,47.97877502441406,201.6300048828125,86.28367614746094,455.8724670410156
2024-03-11,47.876792907714844,202.0,86.23860931396484,455.4945068359375
2024-03-12,48.433067321777344,199.7899932861328,85.5175552368164,460.3692626953125
2024-03-13,48.62775802612305,201.19000244140625,85.10294342041016,459.6715087890625
2024-03-14,48.24763870239258,200.35000610351562,83.79602813720703,458.66357421875
2024-03-15,48.32181167602539,199.7100067138672,83.76896667480469,455.50421142578125
2024-03-18,48.07008361816406,200.02999877929688,83.5166015625,458.35345458984375
2024-03-19,48.19084167480469,199.8000030517578,83.75093841552734,460.9216613769531
2024-03-20,48.85964584350586,202.17999267578125,83.72393035888672,464.943603515625
2024-03-21,48.63671112060547,201.97000122070312,83.90416717529297,466.49420166015625
2024-03-22,48.38591003417969,200.35000610351562,84.70635986328125,465.88458251953125
2024-03-25,48.5345344543457,200.99000549316406,84.28272247314453,464.6789855957031
2024-03-26,48.63671112060547,201.63999938964844,84.51708221435547,463.3761901855469
2024-03-27,49.036136627197266,203.10000610351562,85.35530853271484,467.4208068847656
2024-03-28,48.81319808959961,205.72000122070312,85.28319549560547,467.3624267578125
2024-04-01,48.92466735839844,207.82000732421875,83.69344329833984,466.7499084472656
2024-04-02,48.36732864379883,210.88999938964844,83.23225402832031,463.6969909667969
2024-04-03,48.77603530883789,212.74000549316406,83.21412658691406,464.1150817871094
2024-04-04,48.209415435791016,211.52000427246094,83.81098937988281,458.39825439453125
2024-04-05,48.283729553222656,215.13999938964844,82.64444732666016,463.26922607421875
2024-04-08,48.599552154541016,216.47999572753906,82.6353988647461,463.4539794921875
2024-04-09,48.31159210205078,217.6699981689453,83.4040756225586,464.027587890625
2024-04-10,47.717105865478516,215.61000061035156,81.58638000488281,459.5357666015625
2024-04-11,47.698524475097656,219.8000030517578,81.21563720703125,462.85113525390625
2024-04-12,46.68603515625,216.88999938964844,81.64971160888672,456.541259765625
2024-04-15,46.713905334472656,220.9499969482422,80.3836898803711,450.74652099609375
2024-04-16,46.574562072753906,221.22000122070312,79.85012817382812,449.9396057128906
2024-04-17,46.63959503173828,219.58999633789062,80.73634338378906,447.22705078125
2024-04-18,46.61172866821289,220.33999633789062,80.32943725585938,446.2061767578125
2024-04-19,46.555992126464844,221.02999877929688,80.61881256103516,442.4727783203125
2024-04-22,47.06687927246094,215.57000732421875,80.48313903808594,446.3130798339844
2024-04-23,47.92145538330078,215.0399932861328,80.51028442382812,451.9425048828125
2024-04-24,47.717105865478516,214.63999938964844,79.9405746459961,451.6119079589844
2024-04-25,47.48488235473633,215.9199981689453,79.37989044189453,449.7451477050781
2024-04-26,47.99576950073242,216.6199951171875,79.7958755493164,454.2467041015625
2024-04-29,47.84715270996094,216.17999267578125,80.46509552001953,455.8314514160156
2024-04-30,46.90897750854492,211.8699951171875,79.7778091430664,448.6271057128906
2024-05-01,46.760345458984375,213.7899932861328,80.3658218383789,447.168701171875
2024-05-02,47.13190460205078,213.1300048828125,80.71066284179688,451.3396911621094
2024-05-03,47.57777404785156,212.9600067138672,81.52739715576172,456.93988037109375
2024-05-06,48.04221725463867,215.1999969482422,81.84503936767578,461.54833984375
2024-05-07,48.39519119262695,214.2100067138672,82.3441162109375,462.20941162109375
2024-05-08,48.63671112060547,213.5800018310547,81.84503936767578,462.2289123535156
2024-05-09,49.110443115234375,216.9499969482422,82.24430084228516,464.8831481933594
2024-05-10,49.28693389892578,218.7100067138672,81.78150939941406,465.4567565917969
2024-05-13,49.333377838134766,216.25999450683594,81.99022674560547,465.4859313964844
2024-05-14,49.649192810058594,218.08999633789062,82.4530258178711,467.6929626464844
2024-05-15,50.085777282714844,220.88999938964844,83.57829284667969,473.390380859375
2024-05-16,49.57488250732422,220.02999877929688,83.49662780761719,472.4861755371094
2024-05-17,49.7142219543457,223.66000366210938,82.93399810791016,473.18621826171875
2024-05-20,49.649192810058594,224.55999755859375,82.68898010253906,473.6528625488281
2024-05-21,49.59346008300781,224.22999572753906,83.1155014038086,474.9265441894531
2024-05-22,49.138309478759766,220.11000061035156,83.2153091430664,473.5459289550781
2024-05-23,48.95252990722656,215.72000122070312,82.67987823486328,470.0263671875
2024-05-24,49.41697692871094,215.9199981689453,82.9249038696289,473.2251281738281
2024-05-28,49.454132080078125,218.19000244140625,81.73613739013672,473.6042785644531
2024-05-29,48.56239318847656,216.16000366210938,80.7469711303711,470.2694396972656
2024-05-30,48.91537094116211,216.57000732421875,81.52739715576172,467.1096496582031
2024-05-31,49.16617965698242,215.3000030517578,82.0809555053711,471.1736755371094
2024-06-03,49.314796447753906,217.22000122070312,83.40857696533203,471.6889343261719
2024-06-04,48.95252990722656,215.27000427246094,84.38288879394531,472.2625427246094
2024-06-05,49.76066589355469,217.82000732421875,85.0020980834961,477.91131591796875
2024-06-06,49.99288558959961,219.42999267578125,84.8746109008789,477.80438232421875
2024-06-07,49.28693389892578,211.60000610351562,83.31751251220703,477.1821594238281
2024-06-10,48.971107482910156,213.5399932861328,82.76207733154297,478.74749755859375
2024-06-11,48.3580436706543,214.14999389648438,83.61800384521484,479.83642578125
2024-06-12,49.24048614501953,214.72000122070312,84.24630737304688,483.8323974609375
2024-06-13,48.13510513305664,212.97000122070312,85.48469543457031,484.7463073730469
2024-06-14,46.87181091308594,215.72999572753906,86.20404815673828,485.1352233886719
2024-06-17,47.587059020996094,214.61000061035156,85.34808349609375,488.9853210449219
2024-06-18,47.73567581176758,215.47000122070312,86.13119506835938,490.2881164550781
2024-06-20,47.84715270996094,218.16000366210938,85.55753326416016,488.9269714355469
2024-06-21,47.43844223022461,214.77999877929688,85.55753326416016,487.85748291015625
2024-06-24,47.878700256347656,215.6300048828125,85.90355682373047,486.54498291015625
2024-06-25,47.916664123535156,214.55999755859375,86.04922485351562,488.5672607421875
2024-06-26,47.52762985229492,212.5800018310547,84.8199462890625,489.11175537109375
2024-06-27,47.53711700439453,214.99000549316406,85.15689086914062,489.8700866699219
2024-06-28,47.4706916809082,215.00999450683594,83.57245635986328,487.9811096191406
2024-07-01,48.00204849243164,215.57000732421875,82.1301040649414,489.1031799316406
2024-07-02,47.7838134765625,215.55999755859375,82.76954650878906,492.27423095703125
2024-07-03,48.59982681274414,217.99000549316406,83.85655975341797,494.4989013671875
2024-07-05,48.931922912597656,220.92999267578125,84.55081176757812,497.45526123046875
2024-07-08,48.64726638793945,218.19000244140625,84.73348236083984,497.933349609375
2024-07-09,48.030513763427734,218.55999755859375,84.3589859008789,498.4797668457031
2024-07-10,48.723167419433594,219.36000061035156,84.62390899658203,503.28021240234375
2024-07-11,48.84652328491211,223.25,85.44599914550781,498.9676208496094
2024-07-12,49.6435546875,223.11000061035156,85.81139373779297,502.0508728027344
2024-07-15,49.00782775878906,223.8300018310547,84.82485961914062,503.5729064941406
2024-07-16,48.97936248779297,228.2899932861328,86.0215072631836,506.4317626953125
2024-07-17,48.32466506958008,227.22999572753906,86.03975677490234,499.3579406738281
2024-07-18,47.954612731933594,225.77999877929688,85.382080078125,495.6014404296875
2024-07-19,47.49916076660156,221.72999572753906,84.87964630126953,492.2937316894531
2024-07-22,48.43851852416992,221.8000030517578,84.63301086425781,497.406494140625
2024-07-23,48.11590576171875,222.5800018310547,84.51425170898438,496.5771789550781
2024-07-24,47.38530349731445,221.8000030517578,83.60079193115234,485.2101135253906
2024-07-25,47.18604278564453,218.3300018310547,84.2859115600586,482.76104736328125
2024-07-26,47.86921310424805,220.6300048828125,84.94361114501953,488.1762390136719
2024-07-29,47.242977142333984,220.32000732421875,85.40032958984375,488.5373229980469
2024-07-30,47.37580871582031,222.52000427246094,85.72917938232422,485.98089599609375
2024-07-31,47.73638153076172,226.5500030517578,86.60612487792969,493.6402587890625
2024-08-01,46.42696762084961,225.77000427246094,87.35305786132812,486.9078674316406
2024-08-02,45.97152328491211,225.33999633789062,90.07512664794922,478.0093688964844
2024-08-05,45.27886962890625,222.47999572753906,90.55169677734375,463.65673828125
2024-08-06,45.29784393310547,220.6999969482422,88.52622985839844,468.2815856933594
2024-08-07,45.525569915771484,220.5500030517578,87.90299987792969,465.032470703125
2024-08-08,46.26566696166992,224.00999450683594,87.36222839355469,475.88232421875
2024-08-09,46.35105895996094,224.55999755859375,88.22377014160156,477.92156982421875
2024-08-12,46.18027114868164,228.41000366210938,88.54454040527344,478.16552734375
2024-08-13,46.92985534667969,228.05999755859375,89.15860748291016,486.1077880859375
2024-08-14,47.2619514465332,226.1999969482422,89.71768951416016,487.6590881347656
2024-08-15,48.011539459228516,226.91000366210938,88.99362182617188,496.0307312011719
2024-08-16,48.391075134277344,231.99000549316406,89.30525970458984,497.07476806640625
2024-08-19,49.02680206298828,231.61000061035156,89.71768951416016,501.855712890625
2024-08-20,49.01731872558594,232.4600067138672,90.43257904052734,501.0263366699219
2024-08-21,49.501224517822266,232.14999389648438,90.48757934570312,502.7825927734375
2024-08-22,49.045780181884766,229.3699951171875,89.5893783569336,498.71392822265625
2024-08-23,49.85230255126953,232.02000427246094,90.17595672607422,504.10955810546875
2024-08-26,49.61508560180664,232.75999450683594,89.94681549072266,502.8704528808594
2024-08-27,49.75741958618164,233.38999938964844,89.791015625,503.543701171875
2024-08-28,49.57713317871094,231.75,89.6810302734375,500.66534423828125
2024-08-29,49.7099723815918,232.9499969482422,89.38773345947266,500.7434387207031
2024-08-30,49.84280776977539,231.2899932861328,88.43456268310547,505.4560546875
2024-09-03,48.950889587402344,230.2899932861328,89.88095092773438,495.2306213378906
2024-09-04,48.732662200927734,230.42999267578125,91.03950500488281,494.00128173828125
2024-09-05,48.49544906616211,232.35000610351562,91.55442810058594,492.7816162109375
2024-09-06,47.59404373168945,230.6300048828125,91.54524230957031,484.5758972167969
2024-09-09,47.98307418823242,231.60000610351562,91.94059753417969,490.0301208496094
2024-09-10,47.650978088378906,232.6199951171875,92.58426666259766,492.0498046875
2024-09-11,48.16335678100586,232.25,92.51069641113281,497.08447265625
2024-09-12,48.504940032958984,236.3300018310547,92.07852172851562,501.35809326171875
2024-09-13,48.732662200927734,238.67999267578125,92.32682037353516,504.02178955078125
2024-09-16,49.00782775878906,238.66000366210938,93.17276000976562,504.7828063964844
2024-09-17,48.97936248779297,237.33999633789062,92.7221908569336,505.0169677734375
2024-09-18,48.85601043701172,235.50999450683594,91.5727767944336,503.3778076171875
2024-09-19,50.02309036254883,239.1699981689453,91.26937103271484,512.1592407226562
2024-09-20,49.37787628173828,242.2100067138672,90.91996765136719,511.15411376953125
2024-09-23,49.363616943359375,242.67999267578125,90.72687530517578,512.4129028320312
2024-09-24,50.09542465209961,246.07000732421875,90.70848846435547,513.88623046875
2024-09-25,49.62973403930664,245.72999572753906,89.95448303222656,512.8421630859375
2024-09-26,51.14086151123047,246.97999572753906,90.16598510742188,514.8814697265625
2024-09-27,51.14086151123047,245.02000427246094,90.63492584228516,514.2149047851562
2024-09-30,50.599143981933594,243.05999755859375,90.20276641845703,516.4561767578125
2024-10-01,49.810306549072266,245.61000061035156,90.85400390625,511.6309814453125
2024-10-02,49.696258544921875,245.66000366210938,90.08836364746094,511.71905517578125
2024-10-03,49.17354202270508,245.49000549316406,89.23967742919922,510.7501220703125
2024-10-04,49.534690856933594,245.0,88.14195251464844,515.4579467773438
2024-10-07,49.32560348510742,244.1699981689453,87.47779083251953,510.818603515625
2024-10-08,49.33510971069336,242.3699951171875,87.62537384033203,515.6536865234375
2024-10-09,49.534690856933594,241.0500030517578,87.12724304199219,519.1771240234375
2024-10-10,49.4111442565918,242.82000732421875,86.78592681884766,518.3060913085938
2024-10-11,49.724769592285156,245.47000122070312,86.4354019165039,521.3892211914062
2024-10-14,50.01939392089844,245.07000732421875,86.49996185302734,525.6564331054688
2024-10-15,48.71734619140625,245.9199981689453,87.55156707763672,521.6533203125
2024-10-16,48.46074676513672,247.14999389648438,87.92056274414062,523.8457641601562
2024-10-17,48.52727127075195,248.6300048828125,86.52764129638672,523.924072265625
2024-10-18,49.18304443359375,251.27000427246094,86.59222412109375,525.9403076171875
2024-10-21,48.5557861328125,251.22000122070312,85.07938385009766,525.1279907226562
2024-10-22,48.375205993652344,253.92999267578125,85.16236877441406,524.7658081054688
2024-10-23,48.071083068847656,250.8699951171875,84.93177795410156,519.9796752929688
2024-10-24,48.451236724853516,252.8000030517578,85.47602081298828,521.1542358398438
2024-10-25,48.26116180419922,253.32000732421875,84.99635314941406,520.94873046875
2024-10-28,48.755367279052734,253.3300018310547,84.7657241821289,522.573486328125
2024-10-29,48.565277099609375,256.0899963378906,84.89486694335938,523.4053344726562
2024-10-30,48.09959030151367,257.5,85.14392852783203,521.8294067382812
2024-10-31,47.757450103759766,253.50999450683594,85.28231048583984,511.5625305175781
2024-11-01,47.92851638793945,252.47000122070312,84.07996368408203,513.7841796875
2024-11-04,47.84298324584961,252.8300018310547,85.38504028320312,512.66845703125
2024-11-05,48.28017044067383,253.39999389648438,85.83859252929688,518.8345336914062
2024-11-06,46.930606842041016,245.6999969482422,83.48761749267578,531.7540283203125
2024-11-07,47.78596496582031,249.64999389648438,84.53351593017578,535.8941650390625
2024-11-08,46.911598205566406,247.9600067138672,85.6072006225586,538.2628173828125
2024-11-11,46.74052810668945,242.13999938964844,85.190673828125,538.7031860351562
2024-11-12,45.771114349365234,240.0500030517578,83.91337585449219,537.0881958007812
2024-11-13,45.53351593017578,237.6300048828125,83.11738586425781,537.3623657226562
2024-11-14,45.923179626464844,237.00999450683594,83.59866333007812,533.9463500976562
2024-11-15,45.79012680053711,236.58999633789062,83.37653350830078,527.0560913085938
2024-11-18,45.94219207763672,241.08999633789062,83.5246353149414,529.23876953125
2024-11-19,45.66657257080078,243.25,83.95038604736328,531.1668701171875
2024-11-20,45.4479866027832,244.6199951171875,83.68197631835938,531.3626098632812
2024-11-21,45.35295104980469,246.66000366210938,83.61717224121094,534.0443115234375
2024-11-22,45.33394241333008,249.83999633789062,83.6634521484375,535.83544921875
2024-11-25,45.571537017822266,242.47999572753906,85.82933044433594,537.5579833984375
2024-11-26,45.26741027832031,242.9499969482422,85.4961166381836,540.5725708007812
2024-11-27,45.47649383544922,243.49000549316406,86.08851623535156,538.8499755859375
2024-11-29,46.16078186035156,245.58999633789062,86.97705078125,541.6883544921875
2024-12-02,46.29383087158203,243.44000244140625,87.18604278564453,543.2152099609375
2024-12-03,46.60746765136719,243.92999267578125,86.43370056152344,543.3424682617188
2024-12-04,46.94010925292969,244.6699981689453,87.36250305175781,546.76806640625
2024-12-05,47.53886032104492,242.86000061035156,87.5389633178711,545.8578491210938
2024-12-06,47.70042037963867,242.9499969482422,87.66900634765625,546.9442138671875
2024-12-09,47.68141555786133,245.36000061035156,86.86093139648438,544.0960693359375
2024-12-10,47.263240814208984,248.58999633789062,86.45230102539062,542.5496215820312
2024-12-11,47.415306091308594,250.9600067138672,85.63491821289062,546.660400390625
2024-12-12,47.12068176269531,247.27999877929688,84.5947036743164,543.8417358398438
2024-12-13,47.415306091308594,244.2899932861328,83.73091125488281,543.8024291992188
2024-12-16,47.1682014465332,244.8800048828125,83.98168182373047,545.9360961914062
2024-12-17,47.17770767211914,243.94000244140625,84.1860122680664,543.6458740234375
2024-12-18,45.980201721191406,239.25999450683594,83.13333129882812,527.6824951171875
2024-12-19,45.86615753173828,239.60000610351562,81.87457275390625,527.4866333007812
2024-12-20,45.88516616821289,242.10000610351562,82.34078216552734,533.4570922851562
2024-12-23,46.1492805480957,240.9600067138672,81.58554077148438,537.275634765625
2024-12-24,46.31138229370117,241.44000244140625,81.93052673339844,542.8036499023438
2024-12-26,46.51161575317383,243.07000732421875,81.8839111328125,542.7937622070312
2024-12-27,46.32091522216797,241.39999389648438,81.21257781982422,537.1676025390625
2024-12-30,45.939517974853516,240.6300048828125,81.8652572631836,531.1879272460938
2024-12-31,45.91091537475586,242.1300048828125,81.42703247070312,529.0474853515625
2025-01-02,45.443695068359375,245.4199981689453,81.65081787109375,527.7218627929688
2025-01-03,45.71067810058594,243.49000549316406,81.38972473144531,534.5361938476562
2025-01-06,46.88347244262695,243.19000244140625,81.02609252929688,537.6487426757812
2025-01-07,47.02649688720703,244.55999755859375,80.11233520507812,531.600341796875
2025-01-08,46.81673049926758,245.86000061035156,80.21490478515625,532.317138671875
2025-01-10,46.42580032348633,248.2100067138672,79.68341827392578,524.2166748046875
2025-01-13,46.24463653564453,245.74000549316406,79.65546417236328,524.8941040039062
2025-01-14,46.68324279785156,247.02999877929688,79.52491760253906,525.561767578125
2025-01-15,47.15999221801758,248.8800048828125,80.89556121826172,535.17431640625
2025-01-16,47.88465118408203,250.60000610351562,81.15663146972656,534.3790893554688
2025-01-17,48.08488464355469,249.27000427246094,81.29647827148438,539.5045776367188
2025-01-21,49.16233444213867,253.1300048828125,82.02376556396484,544.4139404296875
2025-01-22,49.26721954345703,254.42999267578125,81.59486389160156,547.5068969726562
2025-01-23,49.64862060546875,254.07000732421875,80.9608383178711,550.5408325195312
2025-01-24,49.73443603515625,255.64999389648438,81.32447814941406,548.8814086914062
2025-01-27,49.81071853637695,252.99000549316406,82.28484344482422,541.242431640625
2025-01-28,49.50559616088867,255.17999267578125,82.22889709472656,545.7786865234375
2025-01-29,49.620018005371094,254.1999969482422,82.06107330322266,543.3828735351562
2025-01-30,50.14444351196289,258.04998779296875,82.36874389648438,546.220458984375
2025-01-31,49.696292877197266,258.55999755859375,81.82797241210938,543.304443359375
2025-02-03,48.78093338012695,259.94000244140625,82.49422454833984,539.7401123046875
2025-02-04,49.82978439331055,262.5,82.74686431884766,543.3240356445312
2025-02-05,50.12537384033203,264.1300048828125,84.11302185058594,545.5528564453125
2025-02-06,50.54490661621094,263.42999267578125,84.07559967041016,547.5165405273438
2025-02-07,50.01095199584961,263.8999938964844,83.53286743164062,542.19482421875
2025-02-10,50.44955825805664,268.3699951171875,83.28021240234375,546.0733032226562
2025-02-11,50.9739875793457,267.3900146484375,82.74686431884766,546.564208984375
2025-02-12,51.62236022949219,267.6700134277344,81.62397003173828,544.7575073242188
2025-02-13,52.11817932128906,270.30999755859375,82.98078155517578,550.5112915039062
2025-02-14,52.47097396850586,266.2900085449219,83.42058563232422,550.5309448242188
2025-02-18,52.757022857666016,270.70001220703125,82.43806457519531,552.1216430664062
2025-02-19,51.89887619018555,270.8500061035156,82.54100036621094,553.45703125
2025-02-20,52.251670837402344,270.989990234375,82.84978485107422,551.1299438476562
2025-02-21,51.91794204711914,270.739990234375,83.85103607177734,541.7529296875
2025-02-24,51.78445816040039,272.2099914550781,84.09432983398438,539.1903076171875
2025-02-25,52.318416595458984,268.6199951171875,85.54469299316406,536.509765625
2025-02-26,52.47097396850586,269.0299987792969,86.04999542236328,536.8435668945312
2025-02-27,51.34584426879883,264.92999267578125,85.44174194335938,528.22265625
2025-02-28,51.54608154296875,263.2699890136719,86.48978424072266,536.4312133789062
2025-03-03,52.55678939819336,266.739990234375,86.89342498779297,527.191650390625
2025-03-04,52.709346771240234,269.05999755859375,85.82333374023438,520.8389282226562
2025-03-05,54.397037506103516,269.6199951171875,85.1380844116211,526.6810913085938
2025-03-06,53.9202880859375,268.25,84.85647583007812,517.12744140625
2025-03-07,54.587738037109375,268.3900146484375,84.58427429199219,519.9159545898438
2025-03-10,53.10981750488281,266.0400085449219,85.46663665771484,506.16961669921875
2025-03-11,53.19563293457031,269.1600036621094,84.85647583007812,502.0162658691406
2025-03-12,53.20516586303711,270.3299865722656,84.349609375,504.45135498046875
2025-03-13,52.59492492675781,275.1300048828125,85.09114837646484,497.8628845214844
2025-03-14,53.85354232788086,275.239990234375,84.64059448242188,508.08428955078125
2025-03-17,54.47332000732422,276.7300109863281,85.0630111694336,511.9626770019531
2025-03-18,54.68309020996094,279.9599914550781,85.14746856689453,506.56231689453125
2025-03-19,54.778438568115234,281.1099853515625,85.58866119384766,511.8841857910156
2025-03-20,53.9298210144043,280.75,85.64498138427734,510.7059326171875
2025-03-21,53.40540313720703,278.489990234375,85.1380844116211,510.83355712890625
2025-03-24,53.411136627197266,277.25,84.26512145996094,519.798095703125
2025-03-25,53.927371978759766,278.4700012207031,84.2557373046875,521.035400390625
2025-03-26,52.885345458984375,278.239990234375,83.70191192626953,514.9574584960938
2025-03-27,52.84710693359375,281.9700012207031,83.45785522460938,513.5406494140625
2025-03-28,52.588985443115234,284.05999755859375,84.6124267578125,503.28375244140625
2025-03-31,52.0153923034668,288.1400146484375,85.44784545898438,506.3480224609375
2025-04-01,52.216148376464844,287.57000732421875,86.18830871582031,508.2101745605469
2025-04-02,52.49338912963867,288.1600036621094,86.13178253173828,511.2744445800781
2025-04-03,51.221920013427734,286.4200134277344,86.52745056152344,486.8886413574219
2025-04-04,48.05760192871094,279.7200012207031,87.46947479248047,458.6700744628906
2025-04-07,46.73832321166992,273.7099914550781,84.83174896240234,456.7389221191406
2025-04-08,46.097816467285156,275.20001220703125,83.23027038574219,450.019287109375
2025-04-09,50.27549743652344,285.3800048828125,83.72013092041016,491.7559509277344
2025-04-10,49.48202133178711,292.3500061035156,81.41211700439453,474.9666748046875
2025-04-11,50.42845153808594,297.92999267578125,81.8548812866211,483.3317565917969
2025-04-14,50.77260971069336,296.2300109863281,82.43893432617188,488.189208984375
2025-04-15,51.10720443725586,297.7799987792969,82.73097229003906,486.8197021484375
2025-04-16,50.95424270629883,307.4700012207031,83.19257354736328,476.11944580078125
2025-04-17,51.403564453125,306.1199951171875,82.45779418945312,476.7795715332031
2025-04-21,50.79172897338867,315.5899963378906,81.01644897460938,465.4192810058594
2025-04-22,52.17791748046875,311.1099853515625,81.46862030029297,477.1639099121094
2025-04-23,52.837547302246094,303.6499938964844,82.25994873046875,484.8294372558594
2025-04-24,53.59278106689453,308.07000732421875,83.12663269042969,495.01727294921875
2025-04-25,53.946495056152344,304.7300109863281,83.73898315429688,498.66278076171875
2025-04-28,54.19504928588867,309.07000732421875,84.26652526855469,498.96826171875
2025-04-29,54.02296829223633,306.05999755859375,84.97306060791016,501.9930419921875
2025-04-30,53.774410247802734,303.7699890136719,84.28535461425781,502.2393798828125
2025-05-01,53.82221221923828,297.4599914550781,83.85797119140625,505.7962341308594
2025-05-02,54.88336181640625,297.9800109863281,82.95028686523438,513.0479736328125
2025-05-05,55.00764083862305,306.8800048828125,82.48696899414062,510.3679504394531
2025-05-06,54.94072341918945,315.4800109863281,82.76117706298828,506.0228576660156
2025-05-07,54.69216537475586,310.75,83.11103057861328,508.3087463378906
2025-05-08,54.730403900146484,304.6300048828125,82.18441009521484,511.69818115234375
2025-05-09,55.20840072631836,306.8399963378906,82.30733489990234,511.0183410644531
2025-05-12,55.466514587402344,298.19000244140625,81.5414810180664,528.0342407226562
2025-05-13,55.92538833618164,299.4599914550781,81.21054077148438,531.5023803710938
2025-05-14,55.79155349731445,293.1600036621094,80.67159271240234,532.1624755859375
2025-05-15,56.0496711730957,297.8399963378906,81.3807373046875,534.7734985351562
2025-05-16,56.21218490600586,294.239990234375,81.59820556640625,538.2219848632812
2025-05-19,56.852699279785156,298.0299987792969,81.36181640625,538.7738037109375
2025-05-20,57.10125732421875,303.5799865722656,80.77559661865234,536.8623657226562
2025-05-21,56.87181854248047,305.82000732421875,79.39515686035156,527.8864135742188
2025-05-22,56.8431396484375,303.1099853515625,79.81117248535156,528.1327514648438
2025-05-23,56.21218490600586,309.75,79.94355010986328,524.5659790039062
2025-05-27,57.13949966430664,304.5,81.05927276611328,535.3450317382812
2025-05-28,56.45118713378906,303.80999755859375,80.70941925048828,532.2905883789062
2025-05-29,56.70930099487305,305.6099853515625,81.45637512207031,534.3399658203125
2025-05-30,56.58502197265625,303.6000061035156,81.57927703857422,533.7882690429688
2025-06-02,57.292457580566406,311.6700134277344,80.82006072998047,536.8917846679688
2025-06-03,56.91962432861328,308.9100036621094,80.67770385742188,539.9364624023438
2025-06-04,57.292457580566406,310.8999938964844,81.98737335205078,539.591552734375
2025-06-05,57.292457580566406,309.3299865722656,82.04430389404297,537.0692749023438
2025-06-06,57.49320983886719,305.17999267578125,81.00038146972656,542.5572509765625
2025-06-09,57.41673278808594,306.6199951171875,81.0857925415039,543.1385498046875
2025-06-10,57.5123291015625,306.7099914550781,81.50335693359375,546.232421875
2025-06-11,57.435855865478516,308.3699951171875,81.75011444091797,544.724853515625
2025-06-12,57.75132751464844,312.20001220703125,82.7276382446289,546.7841796875
2025-06-13,56.594581604003906,316.2900085449219,81.9304428100586,540.6950073242188
2025-06-16,57.1490592956543,311.7799987792969,81.10477447509766,545.9170532226562
2025-06-17,56.21218490600586,311.94000244140625,82.09178161621094,541.2664794921875
2025-06-18,56.135711669921875,310.260009765625,82.23413848876953,541.1581420898438
2025-06-20,55.92538833618164,310.1300048828125,82.08229064941406,539.6604614257812
2025-06-23,56.49019241333008,311.0799865722656,82.34800720214844,545.2175903320312
2025-06-24,57.39583206176758,306.19000244140625,82.94590759277344,551.2080078125
2025-06-25,56.947879791259766,307.1199951171875,83.0503158569336,551.48388671875
2025-06-26,57.2984504699707,306.7799987792969,83.46788787841797,555.8488159179688
2025-06-27,57.931419372558594,301.2200012207031,82.93640899658203,558.6076049804688
2025-06-30,58.165130615234375,304.8299865722656,83.7525863647461,561.3995361328125
2025-07-01,57.941162109375,307.54998779296875,83.96025085449219,561.1426391601562
2025-07-02,58.457271575927734,309.25,83.42681884765625,563.6332397460938
2025-07-03,58.35015106201172,307.1400146484375,82.8457260131836,568.5056762695312
2025-07-07,58.04827880859375,307.3699951171875,82.05509185791016,563.949462890625
2025-07-08,58.7104606628418,304.1600036621094,81.95030212402344,563.5739135742188
2025-07-09,59.63557052612305,305.5199890136719,82.80763244628906,566.9144287109375
2025-07-10,59.2265739440918,306.20001220703125,82.86477661132812,568.5748291015625
2025-07-11,58.50596237182617,309.1400146484375,81.72169494628906,566.5289916992188
2025-07-14,58.46701431274414,308.010009765625,81.55023193359375,567.6458129882812
2025-07-15,57.73666000366211,306.7300109863281,80.97867584228516,565.1848754882812
2025-07-16,57.89247131347656,308.260009765625,81.09297943115234,567.0429077148438
2025-07-17,58.067752838134766,307.5899963378906,81.07393646240234,570.4428100585938
2025-07-18,57.68796920776367,308.3900146484375,81.1977767944336,570.185791015625
2025-07-21,57.89247131347656,313.1300048828125,81.92171478271484,571.203857421875
2025-07-22,57.88272476196289,316.1000061035156,82.41704559326172,571.203857421875
2025-07-23,59.25578689575195,312.17999267578125,81.95984649658203,576.0565185546875
2025-07-24,58.476749420166016,310.2699890136719,81.81695556640625,576.4518432617188
2025-07-25,58.72993850708008,307.3999938964844,82.33133697509766,578.7447509765625
2025-07-28,57.5905876159668,305.4100036621094,81.79789733886719,578.6063842773438
2025-07-29,57.7269172668457,306.25,83.17913055419922,577.1040649414062
2025-07-30,57.30818557739258,300.9599914550781,82.75048828125,576.4024047851562
2025-07-31,56.35386276245117,302.9599914550781,82.79811096191406,574.2379760742188
2025-08-01,55.65272521972656,309.1099853515625,83.97521209716797,564.7797241210938
2025-08-04,56.37333297729492,310.9100036621094,84.2046890258789,573.3682861328125
2025-08-05,56.50967025756836,311.1600036621094,84.46288299560547,570.6107788085938
2025-08-06,56.97709655761719,310.5,83.97521209716797,574.8507690429688
2025-08-07,57.75613784790039,313.1199951171875,83.83177947998047,574.5048217773438
2025-08-08,57.989845275878906,313.04998779296875,83.46839904785156,578.90283203125
2025-08-11,57.53216552734375,308.54998779296875,83.56404113769531,577.7168579101562
2025-08-12,58.09696578979492,308.2699890136719,83.1432876586914,583.8840942382812
2025-08-13,58.72019577026367,309.2099914550781,83.83177947998047,585.9199829101562
2025-08-14,58.96364974975586,307.25,83.2102279663086,585.9298706054688
2025-08-15,59.36290740966797,307.42999267578125,82.61738586425781,584.6648559570312
2025-08-18,59.0123405456543,306.95001220703125,82.3783187866211,584.457275390625
2025-08-19,59.17788314819336,305.2699890136719,82.85643005371094,581.2649536132812
2025-08-20,59.3142204284668,308.3599853515625,83.0381088256836,579.7330322265625
2025-08-21,58.84679412841797,307.2900085449219,82.62694549560547,577.4500122070312
2025-08-22,59.76216506958008,310.5799865722656,83.23892211914062,586.2857055664062
2025-08-25,58.6325569152832,309.8299865722656,82.99986267089844,583.8050537109375
2025-08-26,58.38910675048828,312.0799865722656,82.9520492553711,586.1373901367188
2025-08-27,58.30146026611328,312.7099914550781,82.85643005371094,587.4815063476562
2025-08-28,58.61307907104492,315.0299987792969,83.4014892578125,589.5570678710938
2025-08-29,58.233299255371094,318.07000732421875,82.80860137939453,586.1572265625
2025-09-02,57.58085632324219,325.5899963378906,82.1923828125,581.8381958007812
2025-09-03,57.75613784790039,328.1400146484375,83.09466552734375,584.8130493164062
2025-09-04,57.970375061035156,326.69000244140625,83.7281723022461,589.6262817382812
2025-09-05,58.038536071777344,331.04998779296875,85.0047607421875,588.0152587890625
2025-09-08,58.5838623046875,334.82000732421875,86.13739013671875,589.5372924804688
2025-09-09,58.55465316772461,334.05999755859375,85.64786529541016,590.9703369140625
2025-09-10,58.25277328491211,335.260009765625,86.13739013671875,592.68017578125
2025-09-11,58.86627197265625,334.760009765625,86.71330261230469,597.5131225585938
2025-09-12,58.84679412841797,335.4200134277344,86.3389663696289,597.3845825195312
2025-09-15,59.50898361206055,338.9100036621094,86.5405502319336,600.4978637695312
2025-09-16,59.37264633178711,339.5899963378906,86.722900390625,599.7070922851562
2025-09-17,59.0123405456543,336.9700012207031,86.50215148925781,599.0153198242188
2025-09-18,59.771907806396484,335.6199951171875,85.60948181152344,601.8320922851562
2025-09-19,59.684261322021484,339.17999267578125,85.4462890625,604.6389770507812
2025-09-22,59.74567413330078,345.04998779296875,85.13914489746094,607.5841064453125
2025-09-23,59.921138763427734,346.4599914550781,85.73426055908203,604.4017333984375
2025-09-24,59.59945297241211,343.32000732421875,85.40790557861328,602.385498046875
2025-09-25,59.12179946899414,344.75,85.40790557861328,599.5094604492188
2025-09-26,59.96012496948242,346.739990234375,85.33111572265625,603.0377807617188
2025-09-29,60.18433380126953,352.4599914550781,86.03180694580078,604.732666015625
2025-09-30,60.55475616455078,355.4700012207031,85.78225708007812,606.9628295898438
2025-10-01,61.29560852050781,356.0299987792969,86.00379180908203,609.1334228515625
2025-10-02,61.72452163696289,354.7900085449219,86.25422668457031,609.8074340820312
2025-10-03,61.86099624633789,357.6400146484375,86.0904769897461,609.85693359375
2025-10-06,61.52956008911133,364.3800048828125,85.40660095214844,611.9384155273438
2025-10-07,60.8569450378418,366.260009765625,85.89784240722656,609.7578735351562
2025-10-08,61.25661849975586,372.29998779296875,85.96525573730469,613.2963256835938
2025-10-09,60.61324691772461,365.42999267578125,85.89784240722656,611.6410522460938
2025-10-10,59.55071258544922,369.1199951171875,87.28483581542969,595.1978149414062
2025-10-13,60.07710647583008,378.0899963378906,87.2366714477539,604.21728515625
2025-10-14,60.457279205322266,380.7900085449219,87.5160140991211,603.3649291992188
2025-10-15,60.61324691772461,387.3900146484375,87.3233642578125,606.021240234375
2025-10-16,61.159141540527344,396.45001220703125,87.97834777832031,602.0169067382812
2025-10-17,61.33460235595703,388.989990234375,87.84349822998047,605.3571166992188
2025-10-20,61.80250930786133,403.1499938964844,88.18060302734375,611.71044921875
2025-10-21,61.31510543823242,377.239990234375,88.61404418945312,611.631103515625
2025-10-22,60.96417999267578,377.2799987792969,88.67184448242188,608.5386962890625
2025-10-23,61.38334655761719,378.7900085449219,88.06503295898438,611.97802734375
2025-10-24,61.4125862121582,377.5199890136719,88.10355377197266,617.0427856445312
2025-10-27,61.968223571777344,367.010009765625,88.40213775634766,624.4269409179688
2025-10-28,61.89023971557617,364.3800048828125,88.63331604003906,626.1019287109375
2025-10-29,61.71477508544922,363.0,87.73753356933594,626.3596801757812
2025-10-30,61.24687194824219,370.1300048828125,87.22705078125,619.7090454101562
2025-10-31,60.90568923950195,368.1199951171875,86.96698760986328,621.4931030273438
2025-11-03,60.96417999267578,368.7799987792969,86.74948120117188,622.7122802734375
2025-11-04,60.30131149291992,362.32000732421875,86.94281768798828,615.49658203125
2025-11-05,60.817955017089844,366.510009765625,85.99547576904297,617.35009765625
2025-11-06,60.37929153442383,366.07000732421875,86.76880645751953,610.7886352539062
2025-11-07,60.60349655151367,368.30999755859375,86.58515930175781,611.4329223632812
2025-11-10,61.40283966064453,378.3800048828125,86.5658187866211,620.9281616210938
2025-11-11,61.997467041015625,379.8699951171875,86.96215057373047,622.3553466796875
2025-11-12,62.59209442138672,385.989990234375,87.11681365966797,622.6626586914062
2025-11-13,62.114444732666016,382.8699951171875,86.4014892578125,612.523193359375
2025-11-14,61.61729431152344,375.9599914550781,85.90847778320312,612.3645629882812
2025-11-17,60.64249038696289,371.6499938964844,86.12114715576172,606.625732421875
2025-11-18,59.89189529418945,374.3500061035156,86.0921401977539,601.63037109375
2025-11-19,59.784664154052734,374.9599914550781,85.91813659667969,603.8109741210938
2025-11-20,58.936588287353516,374.8500061035156,86.25648498535156,594.6527099609375
2025-11-21,59.52146911621094,374.2699890136719,86.5174789428711,600.56982421875
2025-11-24,59.443485260009766,380.20001220703125,87.01048278808594,609.5001220703125
2025-11-25,60.408538818359375,380.0799865722656,87.2328109741211,615.1694946289062
2025-11-26,61.149391174316406,383.1199951171875,87.61949157714844,619.421630859375
2025-11-28,61.490570068359375,387.8800048828125,87.20381927490234,622.8510131835938
2025-12-01,61.393089294433594,389.75,86.11824798583984,619.9866333007812
2025-12-02,61.8804931640625,387.239990234375,86.15705108642578,621.0371704101562
2025-12-03,62.27041244506836,386.8800048828125,86.39958190917969,623.2078247070312
2025-12-04,62.221675872802734,387.1300048828125,85.93392181396484,623.7330932617188
2025-12-05,62.231422424316406,386.44000244140625,85.53616333007812,624.9026489257812
2025-12-08,62.19242477416992,385.4200134277344,85.25482177734375,623.0491943359375
2025-12-09,62.016963958740234,387.3999938964844,85.34214782714844,622.543701171875
2025-12-10,62.660335540771484,389.04998779296875,85.6719741821289,626.5678100585938
2025-12-11,63.31344985961914,393.239990234375,85.55558013916016,628.1041259765625
2025-12-12,62.81630325317383,395.44000244140625,84.73096466064453,621.3246459960938
2025-12-15,63.099002838134766,395.79998779296875,84.78916931152344,620.4227294921875
2025-12-16,62.91378402709961,395.8900146484375,85.25482177734375,618.6881713867188
2025-12-17,62.19242477416992,399.2900085449219,85.17723083496094,611.8887939453125
2025-12-18,62.670082092285156,398.57000732421875,85.58467864990234,616.507568359375
2025-12-19,62.99176788330078,399.0199890136719,85.26524353027344,622.0084838867188
2025-12-22,63.12343215942383,408.2300109863281,85.0802001953125,625.9256591796875
2025-12-23,63.26100158691406,413.6400146484375,85.21653747558594,628.8479614257812
2025-12-24,63.40839767456055,411.92999267578125,85.73271179199219,630.9451904296875
2025-12-26,63.5950927734375,416.739990234375,85.45027923583984,631.0048828125
2025-12-29,63.202049255371094,398.6000061035156,85.77167510986328,628.7783813476562
2025-12-30,63.60492706298828,398.8900146484375,85.56715393066406,627.9036865234375
2025-12-31,63.27082824707031,396.30999755859375,84.88542175292969,623.3414306640625
